repo	module	file_path	class_name	kind	extends	table_or_path	field_count	fields
aaag-integration	api-dtos	api-dtos/src/main/java/cars/ship/aaagintegration/dtos/out/AaagTransportationUpdateDataDto.java	AaagTransportationUpdateDataDto	dto			0	
aaag-integration	api-dtos	api-dtos/src/main/java/cars/ship/aaagintegration/dtos/out/ChargesEventDto.java	ChargesEventDto	dto			0	
aaag-integration	api-dtos	api-dtos/src/main/java/cars/ship/aaagintegration/dtos/out/AaagChargesDto.java	AaagChargesDto	dto			0	
aaag-integration	api-dtos	api-dtos/src/main/java/cars/ship/aaagintegration/dtos/out/AaagTransportationDoneDataDto.java	AaagTransportationDoneDataDto	dto			0	
aaag-integration	api-dtos	api-dtos/src/main/java/cars/ship/aaagintegration/dtos/in/AaagPullEventDto.java	AaagPullEventDto	dto			0	
aaag-integration	api-dtos	api-dtos/src/main/java/cars/ship/aaagintegration/dtos/in/AaagFileSourceDto.java	AaagFileSourceDto	dto			0	
aaag-integration	api-dtos	api-dtos/src/main/java/cars/ship/aaagintegration/dtos/in/AaagImportFileReceivedDto.java	AaagImportFileReceivedDto	dto			0	
aaag-integration	services	services/src/main/java/cars/ship/aaagintegration/storage/dto/LoadLegProcessingLockStorageEntity.java	LoadLegProcessingLockStorageEntity	dto	StorageEntity		0	
aaag-integration	services	services/src/main/java/cars/ship/aaagintegration/storage/dto/LoadLegInfoDto.java	LoadLegInfoDto	dto			8	location:String;loadLegId:String;shippingItemId:String;vehicleId:String;dealerId:String;stockNumber:String;checkInRecordedAt:Instant;createdAt:Instant
aaag-integration	services	services/src/main/java/cars/ship/aaagintegration/storage/dto/TransportationUpdateStorageEntity.java	TransportationUpdateStorageEntity	other	StorageEntity		0	
aaag-integration	services	services/src/main/java/cars/ship/aaagintegration/storage/dto/TransportationDoneStorageEntity.java	TransportationDoneStorageEntity	other	StorageEntity		0	
aaag-integration	services	services/src/main/java/cars/ship/aaagintegration/storage/dto/CheckInInfoDto.java	CheckInInfoDto	dto			7	dealerId:String;stockNumber:String;recordedAt:Instant;matchedLoadLegId:String;matchedShippingItemId:String;matchedVehicleId:String;createdAt:Instant
aaag-integration	services	services/src/main/java/cars/ship/aaagintegration/storage/dto/LoadLegsStorageEntity.java	LoadLegsStorageEntity	other	StorageEntity		0	
aaag-integration	services	services/src/main/java/cars/ship/aaagintegration/storage/dto/CheckInNotMatchedIndexStorageEntity.java	CheckInNotMatchedIndexStorageEntity	other	StorageEntity		0	
aaag-integration	services	services/src/main/java/cars/ship/aaagintegration/storage/dto/CheckInStorageEntity.java	CheckInStorageEntity	other	StorageEntity		0	
aaag-integration	services	services/src/main/java/cars/ship/aaagintegration/dtos/auctionedge/AuctionEdgeEventDetailDto.java	AuctionEdgeEventDetailDto	dto			0	
aaag-integration	services	services/src/main/java/cars/ship/aaagintegration/dtos/auctionedge/AuctionEdgeCheckInDto.java	AuctionEdgeCheckInDto	dto			0	
aaag-integration	services	services/src/main/java/cars/ship/aaagintegration/dtos/auctionedge/AuctionEdgeEventDto.java	AuctionEdgeEventDto	dto			0	
aaag-integration	services	services/src/main/java/cars/ship/aaagintegration/dtos/auctionedge/AuctionEdgeSellerDto.java	AuctionEdgeSellerDto	dto			0	
aaag-integration	services	services/src/main/java/cars/ship/aaagintegration/dtos/auctionedge/asi/InboundTransportationNoticeResponse.java	InboundTransportationNoticeResponse	dto			0	
aaag-integration	services	services/src/main/java/cars/ship/aaagintegration/dtos/auctionedge/asi/InboundTransportationAddChargeResponse.java	InboundTransportationAddChargeResponse	dto			0	
aaag-integration	services	services/src/main/java/cars/ship/aaagintegration/dtos/auctionedge/asi/InboundTransportationNotice.java	InboundTransportationNotice	dto			0	
aaag-integration	services	services/src/main/java/cars/ship/aaagintegration/dtos/auctionedge/asi/InboundTransportationAddCharge.java	InboundTransportationAddCharge	dto			0	
aaag-integration	services	services/src/main/java/cars/ship/aaagintegration/dtos/auctionedge/asi/InboundTransportationResponse.java	InboundTransportationResponse	dto			0	
aaag-integration	services	services/src/main/java/cars/ship/aaagintegration/dtos/auctionedge/asi/auth/AsiAuthTokenResponseDto.java	AsiAuthTokenResponseDto	dto			0	
aaag-integration	services	services/src/main/java/cars/ship/aaagintegration/dtos/auctionedge/asi/auth/AsiAuthParametersDto.java	AsiAuthParametersDto	dto			0	
aaag-integration	services	services/src/main/java/cars/ship/aaagintegration/dtos/auctionedge/asi/auth/AsiAuthResponseDto.java	AsiAuthResponseDto	dto			0	
aaag-integration	services	services/src/main/java/cars/ship/aaagintegration/dtos/auctionedge/asi/auth/AsiAuthDto.java	AsiAuthDto	dto			0	
aaag-integration	services	services/src/main/java/cars/ship/aaagintegration/listeners/EventMsg.java	EventMsg	dto			0	
aaag-integration	services	services/src/main/java/cars/ship/aaagintegration/services/impl/TransportationUpdateEventProcessServiceImpl.java	TransportationUpdateEventProcessServiceImpl	dto			33	asiChargesService:AsiChargesService;storageClient:StorageClient;storageEntityReader:StorageEntityReader;metadataService:MetadataService;transportationUpdateData:Pair<AaagTransportationUpdateDataDto, String>[];transportationUpdate:ChargesEventDto;res:Pair<AaagTransportationUpdateDataDto, String>[];storageInfoOpt:StorageInfo[];storageInfo:StorageInfo;item:AaagTransportationUpdateDataDto;updateEntity:TransportationUpdateStorageEntity;asiTransportationOrderId:String;updateEntity:TransportationUpdateStorageEntity;updatedData:ArrayList<AaagTransportationUpdateDataDto>;updateStorageEntity:TransportationUpdateStorageEntity;doneEntity:TransportationDoneStorageEntity;key:String;shippingItemId:String;vehicle:VehicleDto;vehicleId:String;updateEntity:TransportationUpdateStorageEntity;doneData:AaagTransportationDoneDataDto;doneEntity:TransportationDoneStorageEntity;sentCharges:AaagChargesDto[];syncOnChangedFields:String[];sentCharges:AaagChargesDto[];vehicle:VehicleDto;aaagTransportationDoneData:AaagTransportationDoneDataDto;dealerIdAndName:DealerIdAndName;currentCharges:AaagChargesDto[];currentChargeIds:String[];updatedCharges:ArrayList<AaagChargesDto>;sentCharge:AaagChargesDto
aaag-integration	services	services/src/main/java/cars/ship/aaagintegration/services/impl/TransportationProcessingUtils.java	TransportationProcessingUtils	dto			8	contact:ContactDto;dealerName:String;customer:ContactDto;dealerName:String;vin:String;customInfo:String;stopWatch:var;elapsedTimeSeconds:long
aaag-integration	services	services/src/main/java/cars/ship/aaagintegration/services/impl/TransportationDoneEventProcessServiceImpl.java	TransportationDoneEventProcessServiceImpl	dto			80	asiPushService:AsiPushService;objectSerializer:ObjectSerializer;storageClient:StorageClient;storageEntityReader:StorageEntityReader;inventoryService:InventoryService;metadataService:MetadataService;asiChargesService:AsiChargesService;postingService:PostingService;storageCleanupService:StorageCleanupServiceImpl;transportationDoneData:AaagTransportationDoneDataDto[];loadLegsStorageEntity:LoadLegsStorageEntity;transportationDoneData:AaagTransportationDoneDataDto[];chargesEvent:ChargesEventDto;transportationDoneToSend:AtomicReference<ChargesEventDto>;asiTransportationOrderId:AtomicReference<String>;cleanupChargesRef:AtomicReference<CleanupCharges>;doneEntity:TransportationDoneStorageEntity;auctionId:String;delayedEventProcessResult:AtomicReference<DelayedEventProcessResult>;doneEntity:TransportationDoneStorageEntity;storageKeyId:String;companyId:String;storageKeyId:String;shouldCreateTransportationDoneEvent:ShouldCreateTransportationDone;checkInRecordedAt:Instant;isDoneEventAlreadySent:boolean;dataBuilder:AaagTransportationDoneDataDtoBuilder;loadLegsStorageEntity:LoadLegsStorageEntity;shippingItemId:String;shippingItem:ShippingItemWithDriverDto;resolvedStatus:ShippingItemStatusEnum;doneEntityOldKey:String;clonedEntity:TransportationDoneStorageEntity;asiChargeToRemove:AaagChargesDto[];updateKey:String;updateEntity:TransportationUpdateStorageEntity;updateEntityOldVinKey:String;clonedEntity:TransportationUpdateStorageEntity;vin:String;companyId:String;checkInStorageEntityKey:String;checkInInfo:CheckInStorageEntity;loadLegStorageKey:String;loadLegStorageKeyLeadingZeros:String;matchedInfo:Pair<LoadLegInfoDto, CheckInInfoDto>;loadLegInfo:LoadLegInfoDto;transportationDoneStorageKey:String;existingEntity:TransportationDoneStorageEntity;asiTransportationOrderIdRef:AtomicReference<String>;loadLegsStorageEntity:LoadLegsStorageEntity;checkInStorageEntityKey:String;checkInStorageEntity:CheckInStorageEntity;doneEntity:TransportationDoneStorageEntity;matchedInfo:Pair<LoadLegInfoDto, CheckInInfoDto>;doneEntity:TransportationDoneStorageEntity;transportationData:AaagTransportationDoneDataDto;auctionId:String;orderId:String;matchedLoadLegInfo:LoadLegInfoDto;matchedCheckInInfo:CheckInInfoDto;matchedLoadLegId:String;matchedShippingItemId:String;companyId:String;checkInRecordedAt:Instant;loadLegStorageKey:String;loadLegInfo:LoadLegInfoDto;existingLoadLegInfo:LoadLegInfoDto;checkInSortedFirstNewer:CheckInInfoDto[];loadLegDealerId:String;loadLegStockNumber:String;foundCheckIn:CheckInInfoDto;foundCheckIn:CheckInInfoDto;foundCheckIn:CheckInInfoDto;res:AaagTransportationDoneDataDto[];shippingItemId:String;shippingItem:ShippingItemWithDriverDto;addShippingItem:boolean;aaagTransportationDoneData:AaagTransportationDoneDataDto;vehicle:VehicleDto;resolvedShippingItemStatus:ShippingItemStatusEnum
aaag-integration	services	services/src/main/java/cars/ship/aaagintegration/services/impl/MatchNonDescriptCheckInEventServiceImpl.java	MatchNonDescriptCheckInEventServiceImpl	dto			56	storageClient:StorageClient;storageEntityReader:StorageEntityReader;postingService:PostingService;aaagConfig:AaagConfig;storageCleanupService:StorageCleanupServiceImpl;res:Pair<CheckInStorageEntity, CheckInInfoDto>;checkInEntity:CheckInStorageEntity;latestNotMatchedCheckInEvent:CheckInInfoDto;matchedLoadAndShippingItemDelivered:MatchedInfoDto;matchedLoadAndShippingItemDispatchedPickedUp:MatchedInfoDto;matchedLoadAndShippingItem:MatchedInfoDto;loadLegId:String;shippingItemId:String;vehicleId:String;eventMatchType:String;searchMatchResult:AtomicReference<SearchMatchResult>;res:Pair<CheckInStorageEntity, CheckInInfoDto>;checkInEntity:CheckInStorageEntity;latestNotMatchedCheckInEvent:CheckInInfoDto;matchResults:MatchNonDescriptResults;companyId:String;vin:String;updated:AtomicBoolean;checkInEntity:CheckInStorageEntity;latestNotMatchedCheckInEvent:CheckInInfoDto;loadLegId:String;shippingItemId:String;vehicleId:String;eventMatchType:String;key:String;checkInEntity:CheckInStorageEntity;latestNotMatchedCheckInEvent:CheckInInfoDto;hasYMM:boolean;vin:String;matchResults:MatchNonDescriptResults;processedLoadLegIds:String[];result:PageDto<FullLoadLegDto>;contentToProcess:FullLoadLegDto[];byStockNumber:MatchedInfoDto;byLast6VinChars:MatchedInfoDto;loads:FullLoadLegDto[];matchedByShippingItemCustomerLocationId:MatchedInfoDto;matchedByLoadLocationId:MatchedInfoDto;matchedByPickupLocationId:MatchedInfoDto;matchedByDeliveryLocationId:MatchedInfoDto;checkInDealerId:String;checkInVin:String;checkInStockNumber:String;shippingItems:ShippingItemWithDriverDto[];itemWithStockNumberMatched:ShippingItemWithDriverDto;itemWithLast6VinCharsMatched:ShippingItemWithDriverDto;itemWithEmptyStockNumber:ShippingItemWithDriverDto;last6VinChars:String;pattern:String;pattern:String;asiLastVinChars:String
ai-dashboard-backend	ai-dashboard-backend	src/main/java/cars/ship/aidashboard/dto/CityRevDto.java	CityRevDto	dto			0	
ai-dashboard-backend	ai-dashboard-backend	src/main/java/cars/ship/aidashboard/dto/StateDto.java	StateDto	dto			0	
ai-dashboard-backend	ai-dashboard-backend	src/main/java/cars/ship/aidashboard/dto/StateRevDto.java	StateRevDto	dto			0	
ai-dashboard-backend	ai-dashboard-backend	src/main/java/cars/ship/aidashboard/dto/CityDto.java	CityDto	dto			0	
ai-dashboard-backend	ai-dashboard-backend	src/main/java/cars/ship/aidashboard/dto/assistant/UiContext.java	UiContext	dto			0	
ai-dashboard-backend	ai-dashboard-backend	src/main/java/cars/ship/aidashboard/dto/assistant/ClarificationContext.java	ClarificationContext	dto			0	
ai-dashboard-backend	ai-dashboard-backend	src/main/java/cars/ship/aidashboard/dto/assistant/ClarificationDto.java	ClarificationDto	dto			0	
ai-dashboard-backend	ai-dashboard-backend	src/main/java/cars/ship/aidashboard/dto/assistant/DashboardOperation.java	DashboardOperation	dto			0	
ai-dashboard-backend	ai-dashboard-backend	src/main/java/cars/ship/aidashboard/dto/assistant/SupportedVisualizations.java	SupportedVisualizations	dto			0	
ai-dashboard-backend	ai-dashboard-backend	src/main/java/cars/ship/aidashboard/dto/assistant/FilterSpec.java	FilterSpec	dto			0	
ai-dashboard-backend	ai-dashboard-backend	src/main/java/cars/ship/aidashboard/dto/assistant/AssistantMessageRequest.java	AssistantMessageRequest	dto			0	
ai-dashboard-backend	ai-dashboard-backend	src/main/java/cars/ship/aidashboard/dto/assistant/WidgetIr.java	WidgetIr	dto			0	
ai-dashboard-backend	ai-dashboard-backend	src/main/java/cars/ship/aidashboard/dto/assistant/LlmResponsePayload.java	LlmResponsePayload	dto			0	
ai-dashboard-backend	ai-dashboard-backend	src/main/java/cars/ship/aidashboard/dto/assistant/MetricSpec.java	MetricSpec	dto			0	
ai-dashboard-backend	ai-dashboard-backend	src/main/java/cars/ship/aidashboard/dto/assistant/MetricDefinition.java	MetricDefinition	dto			0	
ai-dashboard-backend	ai-dashboard-backend	src/main/java/cars/ship/aidashboard/dto/assistant/DataCatalogSummary.java	DataCatalogSummary	dto			0	
ai-dashboard-backend	ai-dashboard-backend	src/main/java/cars/ship/aidashboard/dto/assistant/TimeFilter.java	TimeFilter	dto			0	
ai-dashboard-backend	ai-dashboard-backend	src/main/java/cars/ship/aidashboard/dto/assistant/DataCatalog.java	DataCatalog	dto			0	
ai-dashboard-backend	ai-dashboard-backend	src/main/java/cars/ship/aidashboard/dto/assistant/DatasetDefinition.java	DatasetDefinition	dto			0	
ai-dashboard-backend	ai-dashboard-backend	src/main/java/cars/ship/aidashboard/dto/assistant/DimensionDefinition.java	DimensionDefinition	dto			0	
ai-dashboard-backend	ai-dashboard-backend	src/main/java/cars/ship/aidashboard/dto/assistant/LlmRequestPayload.java	LlmRequestPayload	dto			0	
ai-dashboard-backend	ai-dashboard-backend	src/main/java/cars/ship/aidashboard/dto/assistant/WidgetDto.java	WidgetDto	dto			0	
ai-dashboard-backend	ai-dashboard-backend	src/main/java/cars/ship/aidashboard/dto/assistant/AssistantResponse.java	AssistantResponse	dto			0	
ai-dashboard-backend	ai-dashboard-backend	src/main/java/cars/ship/aidashboard/dto/assistant/data/KpiData.java	KpiData	dto			0	
ai-dashboard-backend	ai-dashboard-backend	src/main/java/cars/ship/aidashboard/dto/assistant/data/LineChartData.java	LineChartData	dto			0	
ai-dashboard-backend	ai-dashboard-backend	src/main/java/cars/ship/aidashboard/dto/assistant/data/BarChartData.java	BarChartData	dto			0	
ai-dashboard-backend	ai-dashboard-backend	src/main/java/cars/ship/aidashboard/dto/assistant/data/TableData.java	TableData	dto			0	
ai-dashboard-backend	ai-dashboard-backend	src/main/java/cars/ship/aidashboard/dto/assistant/data/PieChartData.java	PieChartData	dto			0	
ai-dashboard-backend	ai-dashboard-backend	src/main/java/cars/ship/aidashboard/dto/pubsub/CommandPubSubDto.java	CommandPubSubDto	dto			0	
ai-dashboard-backend	ai-dashboard-backend	src/main/java/cars/ship/aidashboard/entity/StateEntity.java	StateEntity	jpa	BaseDbEntity	states	2	name:String;region:String
ai-dashboard-backend	ai-dashboard-backend	src/main/java/cars/ship/aidashboard/entity/CityEntity.java	CityEntity	jpa	BaseDbEntity	cities	1	name:String
attachment-backend	api-dtos	api-dtos/src/main/java/cars/ship/attachment/dtos/CreateAttachmentByUrlDto.java	CreateAttachmentByUrlDto	dto			0	
attachment-backend	api-dtos	api-dtos/src/main/java/cars/ship/attachment/dtos/AttachmentDto.java	AttachmentDto	dto			0	
attachment-backend	api-dtos	api-dtos/src/main/java/cars/ship/attachment/dtos/CreateAttachmentDto.java	CreateAttachmentDto	dto			0	
attachment-backend	db-entities	db-entities/src/main/java/cars/ship/attachment/entities/AttachmentEntity.java	AttachmentEntity	jpa	BaseEntity	attachments	11	companyId:String;publicUrl:String;fileName:String;status:AttachmentStatusEnum;downloadUrl:String;downloadError:String;size:long;autoDeleteAt:Instant;storagePath:String;mimeType:String;thumbnailUrl:String
attachment-backend	db-entities	db-entities/src/main/java/cars/ship/attachment/entities/Attachment.java	Attachment	dto			15	id:Long;publicId:String;createdAt:Instant;modifiedAt:Instant;companyId:String;publicUrl:String;fileName:String;status:AttachmentStatusEnum;downloadUrl:String;downloadError:String;size:long;autoDeleteAt:Instant;storagePath:String;mimeType:String;thumbnailUrl:String
attachment-backend	services	services/src/main/java/cars/ship/attachment/services/StorageService.java	BlobMetadata	dto			0	
attachment-backend	services	services/src/main/java/cars/ship/attachment/services/vos/CreateAttachmentVo.java	CreateAttachmentVo	dto			0	
attachment-backend	services	services/src/main/java/cars/ship/attachment/services/impl/AttachmentStorageServiceImpl.java	AttachmentStorageServiceImpl	dto			44	managedExecutor:ManagedExecutor;storageService:StorageService;thumbnailGeneratorService:ThumbnailGeneratorService;attachmentRepositoryService:AttachmentRepositoryServiceImpl;attachmentId:String;downloadUrl:String;res:DownloadResult;storagePath:String;metadata:var;blobMeta:var;mediaType:MediaType;uri:URI;path:String;filenameAndExt:Pair<String, String>;basename:String;extension:String;filenameAndExt:var;basename:var;extension:var;extension:String;basename:String;subPaths:String[];attachment:Attachment;downloadData:StoredDownloadData;dataLength:long;thumbnailUrl:String;publicUrl:String;publicId:String;storagePath:String;thumbnailUrl:String;storagePath:String;allowed:boolean;storagePath:String;publicUrl:String;url:URL;maxAllowedBytes:long;connectionTimeoutMs:int;readTimeoutMs:int;temp:Path;tempFile:File;msg:String[];bytes:byte[];thumbnailData:byte[];thumbnailPath:String
attachment-backend	services	services/src/main/java/cars/ship/attachment/services/events/AttachmentCreatedEvent.java	AttachmentCreatedEvent	dto			0	
autoims-backend	api-services	api-services/src/main/java/cars/ship/autoims/application/units/impl/UnitsFilterProperties.java	UnitsFilterProperties	dto			9	searchData:AutoImsUnitDto;companyId:String;id:String;advanceSearch:String;field:String;createdAfter:Instant;createdBefore:Instant;modifiedAfter:Instant;modifiedBefore:Instant
autoims-backend	infra	infra/src/main/java/cars/ship/autoims/infra/config/AutoImsClientConfig.java	AutoImsClientConfig	dto			13	autoImsServer:AutoImsServer;baseUrl:String;pullEndpoint:String;pushEndpoint:String;username:String;password:String;requesterId:String;timeZone:String;initialSyncDaysCutoff:Integer;proxyHost:String;proxyPort:Integer;requestsPerMinuteReadData:Integer;requestsPerMinuteUpdateData:Integer
autoims-backend	api-dtos	api-dtos/src/main/java/cars/ship/autoims/dtos/commons/OptionDto.java	OptionDto	dto			0	
autoims-backend	api-dtos	api-dtos/src/main/java/cars/ship/autoims/dtos/commons/TimeMetaDto.java	TimeMetaDto	dto			0	
autoims-backend	api-dtos	api-dtos/src/main/java/cars/ship/autoims/dtos/companyconfig/CompanyConfigSyncToDto.java	CompanyConfigSyncToDto	dto			0	
autoims-backend	api-dtos	api-dtos/src/main/java/cars/ship/autoims/dtos/companyconfig/CompanyConfigDto.java	CompanyConfigDto	dto			0	
autoims-backend	api-dtos	api-dtos/src/main/java/cars/ship/autoims/dtos/companyconfig/CompanyConfigSyncToUpdateDto.java	CompanyConfigSyncToUpdateDto	dto			0	
autoims-backend	api-dtos	api-dtos/src/main/java/cars/ship/autoims/dtos/companyconfig/CompanyConfigSyncFromDto.java	CompanyConfigSyncFromDto	dto			0	
autoims-backend	api-dtos	api-dtos/src/main/java/cars/ship/autoims/dtos/companyconfig/CompanyConfigSyncToTransportDto.java	CompanyConfigSyncToTransportDto	dto			0	
autoims-backend	api-dtos	api-dtos/src/main/java/cars/ship/autoims/dtos/companyconfig/CompanyConfigUpdateDto.java	CompanyConfigUpdateDto	dto			0	
autoims-backend	api-dtos	api-dtos/src/main/java/cars/ship/autoims/dtos/companyconfig/CompanyConfigSyncFromUpdateDto.java	CompanyConfigSyncFromUpdateDto	dto			0	
autoims-backend	api-dtos	api-dtos/src/main/java/cars/ship/autoims/dtos/companyconfig/CompanyConfigUpdateSyncTimesDto.java	CompanyConfigUpdateSyncTimesDto	dto			0	
autoims-backend	api-dtos	api-dtos/src/main/java/cars/ship/autoims/dtos/companyconfig/CompanyConfigSyncFromNotesDto.java	CompanyConfigSyncFromNotesDto	dto			0	
autoims-backend	api-dtos	api-dtos/src/main/java/cars/ship/autoims/dtos/units/AutoImsUnitUpdateDto.java	AutoImsUnitUpdateDto	dto			0	
autoims-backend	api-dtos	api-dtos/src/main/java/cars/ship/autoims/dtos/units/AutoImsUnitDto.java	AutoImsUnitDto	dto			0	
autoims-backend	api-dtos	api-dtos/src/main/java/cars/ship/autoims/dtos/units/AutoImsNoteDto.java	AutoImsNoteDto	dto			0	
autoims-backend	api-dtos	api-dtos/src/main/java/cars/ship/autoims/dtos/units/ListAutoImsUnitsDto.java	ListAutoImsUnitsDto	dto			0	
autoims-backend	api-dtos	api-dtos/src/main/java/cars/ship/autoims/dtos/units/AutoImsFilterDto.java	AutoImsFilterDto	dto			0	
autoims-backend	api-dtos	api-dtos/src/main/java/cars/ship/autoims/dtos/sync/SyncJobIdentityDto.java	SyncJobIdentityDto	dto			0	
autoims-backend	api-dtos	api-dtos/src/main/java/cars/ship/autoims/dtos/sync/SyncSummaryReportDto.java	SyncSummaryReportDto	dto			0	
autoims-backend	api-dtos	api-dtos/src/main/java/cars/ship/autoims/dtos/sync/SyncJobDto.java	SyncJobDto	dto			0	
autoims-backend	db-entities	db-entities/src/main/java/cars/ship/autoims/db/entities/companyconfig/CompanyConfigNotesJsonEntity.java	CompanyConfigNotesJsonEntity	dto			0	
autoims-backend	db-entities	db-entities/src/main/java/cars/ship/autoims/db/entities/companyconfig/CompanyConfigTransportJsonEntity.java	CompanyConfigTransportJsonEntity	dto			0	
autoims-backend	db-entities	db-entities/src/main/java/cars/ship/autoims/db/entities/companyconfig/CompanyConfigDbEntity.java	CompanyConfigDbEntity	jpa	BaseDbEntity	company_config	28	authType:AuthenticationTypeEnum;secretKey:String;secretValue:String;requesterId:String;syncToAutoImsDisabled:boolean;syncToAutoImsCronEnabled:boolean;syncFromAutoImsCronEnabled:boolean;syncToAutoImsBaseUrl:String;syncToAutoImsEndpoint:String;syncFromAutoImsBaseUrl:String;syncFromAutoImsEndpoint:String;syncFromAutoImsFormat:String;syncToAutoImsIntervalMinutes:int;syncFromAutoImsPutOnHold:boolean;syncFromAutoImsIntervalMinutes:int;syncToAutoImsLast:Instant;syncToAutoImsLastSuccessful:Instant;syncToAutoImsLastStatus:SyncJobStatusEnum;syncToAutoImsNext:Instant;syncFromAutoImsLast:Instant;syncFromAutoImsLastSuccessful:Instant;syncFromAutoImsLastStatus:SyncJobStatusEnum;syncFromAutoImsNext:Instant;syncToEnabledEvents:TransportStatusEnum[];syncFromEnabledStatuses:String[];syncFromArchiveStatuses:String[];syncFromNotesConfig:CompanyConfigNotesJsonEntity;syncToTransportConfig:CompanyConfigTransportJsonEntity
autoims-backend	db-entities	db-entities/src/main/java/cars/ship/autoims/db/entities/units/AutoImsNoteDbEntity.java	AutoImsNoteDbEntity	jpa	BaseDbEntity	autoims_notes	5	text:String;createdBy:String;externalCreatedAt:Instant;syncedToAutoIms:boolean;syncedFromAutoIms:boolean
autoims-backend	db-entities	db-entities/src/main/java/cars/ship/autoims/db/entities/units/AddressInfoDbEmbedded.java	AddressInfoDbEmbedded	embedded			7	name:String;companyName:String;phone:String;address:String;city:String;state:String;zip:String
autoims-backend	db-entities	db-entities/src/main/java/cars/ship/autoims/db/entities/units/AutoImsUnitDbEntity.java	AutoImsUnitDbEntity	jpa	BaseDbEntity	autoims_units	28	companyId:String;externalId:String;inventoryUnitId:String;loadLegId:String;autoImsStatus:String;transportStatus:TransportStatusEnum;estimatedPickupDate:LocalDate;actualPickupDate:LocalDate;estimatedDeliveryDate:LocalDate;actualDeliveryDate:LocalDate;autoImsPickupDate:LocalDate;vin:String;year:short;vehicleType:String;operableType:OperableTypeEnum;dispatchInstructions:String;pickup:AddressInfoDbEmbedded;delivery:AddressInfoDbEmbedded;clientId:String;customerName:String;customerCompanyName:String;customerPhone:String;dispatchTime:Instant;loadCreationTime:Instant;lastUpdatedFromSystem:Instant;transportInfo:TransportInfoJsonEntity;notes:AutoImsNoteDbEntity[];lastTransportUpdatedSha:String
autoims-backend	db-entities	db-entities/src/main/java/cars/ship/autoims/db/entities/units/TransportInfoJsonEntity.java	TransportInfoJsonEntity	dto			0	
autoims-backend	db-entities	db-entities/src/main/java/cars/ship/autoims/db/entities/sync/SyncJobDbEntity.java	SyncJobDbEntity	jpa	BaseDbEntity	sync_jobs	7	companyId:String;inventoryJobId:String;status:SyncJobStatusEnum;startedAt:Instant;finishedAt:Instant;syncSummary:String;syncType:SyncTypeEnum
autoims-backend	db-entities	db-entities/src/main/java/cars/ship/autoims/db/entities/sync/SyncJobUnitDbEntity.java	SyncJobUnitDbEntity	jpa	BaseDbEntity	sync_jobs_units	7	autoImsUnit:AutoImsUnitDbEntity;syncJob:SyncJobDbEntity;status:SyncJobUnitStatusEnum;type:SyncJobUnitTypeEnum;errors:String;startedAt:Instant;finishedAt:Instant
autoims-backend	shared-services	shared-services/src/main/java/cars/ship/autoims/temporal/syncto/dtos/FetchUnitsForUpdateOutDto.java	FetchUnitsForUpdateOutDto	dto			0	
autoims-backend	shared-services	shared-services/src/main/java/cars/ship/autoims/temporal/syncto/dtos/FetchUnitsForUpdateInDto.java	FetchUnitsForUpdateInDto	dto			0	
autoims-backend	shared-services	shared-services/src/main/java/cars/ship/autoims/temporal/syncto/dtos/SyncToWorkflowInDto.java	SyncToWorkflowInDto	dto			0	
autoims-backend	shared-services	shared-services/src/main/java/cars/ship/autoims/temporal/syncto/dtos/UpdateLastSuccessfulSyncActivityInDto.java	UpdateLastSuccessfulSyncActivityInDto	dto			0	
autoims-backend	shared-services	shared-services/src/main/java/cars/ship/autoims/temporal/syncto/dtos/SyncToActivityInDto.java	SyncToActivityInDto	dto			0	
autoims-backend	shared-services	shared-services/src/main/java/cars/ship/autoims/temporal/syncto/dtos/SyncToWorkflowOutDto.java	SyncToWorkflowOutDto	dto			0	
autoims-backend	shared-services	shared-services/src/main/java/cars/ship/autoims/temporal/syncto/dtos/UpdateLastSyncActivityInDto.java	UpdateLastSyncActivityInDto	dto			0	
autoims-backend	shared-services	shared-services/src/main/java/cars/ship/autoims/config/AutoImsConfig.java	AutoImsConfig	dto			24	security:Security;system:System;pubsub:Pubsub;schedulerPool:SchedulerPool;autoImsServer:AutoImsServer;defaultCompanyConfig:DefaultCompanyConfig;baseUrl:String;pullEndpoint:String;pushEndpoint:String;syncFromEnabled:Boolean;syncToEnabled:Boolean;syncFromPutOnHold:Boolean;syncToIntervalMinutes:Integer;syncFromIntervalMinutes:Integer;syncFromFormat:String;corsAllowedOrigins:String[];podId:String;apiPath:String;env:String;worker:String;worker:String;topics:Topics;subscriptions:Subscriptions;size:int
autoims-backend	shared-services	shared-services/src/main/java/cars/ship/autoims/sync/SyncToAutoImsServiceResponse.java	SyncToAutoImsServiceResponse	dto			0	
autoims-backend	shared-services	shared-services/src/main/java/cars/ship/autoims/sync/impl/SyncToAutoImsServiceImpl.java	SyncToAutoImsServiceImpl	dto			23	autoImsClient:AutoImsClient;appConfig:AppConfig;companyConfigRepository:CompanyConfigRepository;unitUpdateRepository:UnitUpdateRepository;autoImsTransportUpdateConverter:AutoImsTransportUpdateConverter;notesRepository:NotesRepository;objectSerializer:ObjectSerializer;companyConfig:CompanyConfigDto;firstUpdateResponseBuilder:SyncToAutoImsServiceResponseBuilder;unitsWithMoreNotesToSync:AutoImsUnitUpdate[];notesBatch:AutoImsUnitUpdate[];notesToMarkSynced:AutoImsNoteValue[];notSyncedNotes:AutoImsNoteValue[];transportUpdate:AutoImsTransportUpdateDto;transportUpdateRequest:AutoImsTransportUpdateRequestDto;autoImsClientInfo:AutoImsClientInfoDto;transportUpdateResponse:AutoImsTransportUpdateResponseDto;idToSha:String[];jsonString:String;digest:MessageDigest;hash:byte[];res:String[];lastSha:String
autoims-backend	autoims-mock	autoims-mock/src/main/java/cars/ship/autoims/mock/dto/NoteResponseDto.java	NoteResponseDto	dto			0	
autoims-backend	autoims-mock	autoims-mock/src/main/java/cars/ship/autoims/mock/dto/VehiclesResponseDto.java	VehiclesResponseDto	dto			0	
autoims-backend	autoims-mock	autoims-mock/src/main/java/cars/ship/autoims/mock/dto/TransportUpdateDto.java	TransportUpdateDto	dto			0	
autoims-backend	autoims-mock	autoims-mock/src/main/java/cars/ship/autoims/mock/dto/TransportUpdatesDto.java	TransportUpdatesDto	dto			0	
autoims-backend	autoims-mock	autoims-mock/src/main/java/cars/ship/autoims/mock/dto/VehicleFormatResponseDto.java	VehicleFormatResponseDto	dto			0	
autoims-backend	autoims-mock	autoims-mock/src/main/java/cars/ship/autoims/mock/dto/TransportUpdateResponseDto.java	TransportUpdateResponseDto	dto			0	
autoims-backend	autoims-mock	autoims-mock/src/main/java/cars/ship/autoims/mock/dto/VehicleResponseErrorDto.java	VehicleResponseErrorDto	dto			0	
autoims-backend	autoims-mock	autoims-mock/src/main/java/cars/ship/autoims/mock/dto/VinMessageDto.java	VinMessageDto	dto			0	
autoims-backend	autoims-mock	autoims-mock/src/main/java/cars/ship/autoims/mock/dto/LocationDto.java	LocationDto	dto			0	
autoims-backend	autoims-mock	autoims-mock/src/main/java/cars/ship/autoims/mock/dto/VehicleResponseDto.java	VehicleResponseDto	dto			0	
autoims-backend	autoims-mock	autoims-mock/src/main/java/cars/ship/autoims/mock/rest/VehicleController.java	VehicleController	dto			10	vehicleService:VehicleService;authResponse:ResponseEntity<VehiclesResponseDto>;res:ResponseEntity<VehiclesResponseDto>;res:ResponseEntity<VehiclesResponseDto>;res:ResponseEntity<VehiclesResponseDto>;vehicleCount:int;statusCode:HttpStatus;changesSinceInstant:Instant;vehicles:VehiclesResponseDto;parsedChangesSince:TemporalAccessor
autoims-backend	autoims-mock	autoims-mock/src/main/java/cars/ship/autoims/mock/store/InventoryMemoryStore.java	InventoryMemoryStore	dto			9	generator:VehicleResponseGenerator;inventory:ConcurrentMap<String, VehicleResponseDto>;lastUpdated:Instant;sourceUnit:VehicleResponseDto;notes:NoteResponseDto[];updatedUnitBuilder:VehicleResponseDto.VehicleResponseDtoBuilder;pickupLocation:LocationDto;autoImsResponse:String;objectMapper:ObjectMapper
autoims-backend	worker-dtos	worker-dtos/src/main/java/cars/ship/autoims/dtos/sync/SyncJobCompletedWebSocketMsgDto.java	SyncJobCompletedWebSocketMsgDto	dto	WebSocketBaseMsgDto		3	jobId:String;syncType:SyncTypeEnum;syncJobStatus:SyncJobStatusEnum
autoims-backend	worker-dtos	worker-dtos/src/main/java/cars/ship/autoims/dtos/sync/SyncJobMsgDto.java	SyncJobMsgDto	dto	JobBaseMsgDto		2	syncType:SyncTypeEnum;syncJobStatus:SyncJobStatusEnum
autoims-backend	infra-interfaces	infra-interfaces/src/main/java/cars/ship/autoims/infra/autoims/dtos/AutoImsVinMessageDto.java	AutoImsVinMessageDto	dto			0	
autoims-backend	infra-interfaces	infra-interfaces/src/main/java/cars/ship/autoims/infra/autoims/dtos/AutoImsInventoryListDto.java	AutoImsInventoryListDto	dto			2	data:AutoImsInventoryDto[][];res:AutoImsInventoryDto[]
autoims-backend	infra-interfaces	infra-interfaces/src/main/java/cars/ship/autoims/infra/autoims/dtos/AutoImsTransportUpdateDto.java	AutoImsTransportUpdateDto	dto			0	
autoims-backend	infra-interfaces	infra-interfaces/src/main/java/cars/ship/autoims/infra/autoims/dtos/AutoImsResponseDto.java	AutoImsResponseDto	dto			0	
autoims-backend	infra-interfaces	infra-interfaces/src/main/java/cars/ship/autoims/infra/autoims/dtos/AutoImsInventoryNoteDto.java	AutoImsInventoryNoteDto	dto			0	
autoims-backend	infra-interfaces	infra-interfaces/src/main/java/cars/ship/autoims/infra/autoims/dtos/AutoImsClientInfoDto.java	AutoImsClientInfoDto	dto			0	
autoims-backend	infra-interfaces	infra-interfaces/src/main/java/cars/ship/autoims/infra/autoims/dtos/AutoImsTransportUpdateResponseDto.java	AutoImsTransportUpdateResponseDto	dto			0	
autoims-backend	infra-interfaces	infra-interfaces/src/main/java/cars/ship/autoims/infra/autoims/dtos/AutoImsTransportUpdateRequestDto.java	AutoImsTransportUpdateRequestDto	dto			0	
autoims-backend	infra-interfaces	infra-interfaces/src/main/java/cars/ship/autoims/infra/autoims/dtos/AutoImsInventoryDto.java	AutoImsInventoryDto	dto			0	
autoims-backend	infra-interfaces	infra-interfaces/src/main/java/cars/ship/autoims/infra/locationprovider/dtos/AutoImsLocationInfoDto.java	AutoImsLocationInfoDto	dto			0	
autoims-backend	domain	domain/src/main/java/cars/ship/autoims/domain/units/AutoImsUnitUpdate.java	AutoImsUnitUpdate	dto	AggregateRoot		4	unitUpdate:AutoImsUnitUpdateValue;pickupAddress:AddressInfoUpdateValue;deliveryAddress:AddressInfoUpdateValue;unitTransportInfo:TransportInfoUpdateValue
autoims-backend	domain	domain/src/main/java/cars/ship/autoims/domain/units/vos/AddressInfoUpdateValue.java	AddressInfoUpdateValue	dto			7	name:String;companyName:String;phone:String;address:String;city:String;state:String;zip:String
autoims-backend	domain	domain/src/main/java/cars/ship/autoims/domain/units/vos/AutoImsUnitUpdateValue.java	AutoImsUnitUpdateValue	dto			0	
autoims-backend	domain	domain/src/main/java/cars/ship/autoims/domain/units/vos/TransportInfoUpdateValue.java	TransportInfoUpdateValue	dto			0	
autoims-backend	domain	domain/src/main/java/cars/ship/autoims/domain/units/vos/AutoImsNoteValue.java	AutoImsNoteValue	dto			0	
autoims-backend	domain	domain/src/main/java/cars/ship/autoims/domain/units/events/AutoImsUnitUpdatedEvent.java	AutoImsUnitUpdatedEvent	dto			0	
autoims-backend	domain	domain/src/main/java/cars/ship/autoims/domain/sync/SyncJob.java	SyncJob	dto	AggregateRoot		6	syncSummary:String;status:SyncJobStatusEnum;syncType:SyncTypeEnum;timeMeta:TimeMeta;companyId:String;inventoryJobId:String
autoims-backend	domain	domain/src/main/java/cars/ship/autoims/domain/sync/SyncJobUnit.java	SyncJobUnit	dto	AggregateRoot		6	syncJob:SyncJob;autoImsUnitUpdateValue:AutoImsUnitUpdateValue;syncErrors:String;timeMeta:TimeMeta;syncJobUnitType:SyncJobUnitTypeEnum;status:SyncJobUnitStatusEnum
autoims-backend	domain	domain/src/main/java/cars/ship/autoims/domain/sync/events/SyncJobProcessedEvent.java	SyncJobProcessedEvent	dto			0	
autoims-backend	domain	domain/src/main/java/cars/ship/autoims/domain/sync/events/SyncJobUnitProcessingStartedEvent.java	SyncJobUnitProcessingStartedEvent	dto			0	
autoims-backend	domain	domain/src/main/java/cars/ship/autoims/domain/sync/events/SyncJobReadyForProcessingEvent.java	SyncJobReadyForProcessingEvent	dto			0	
autoims-backend	domain	domain/src/main/java/cars/ship/autoims/domain/sync/events/SyncJobProcessingStartedEvent.java	SyncJobProcessingStartedEvent	dto			0	
autoims-backend	domain	domain/src/main/java/cars/ship/autoims/domain/sync/events/SyncJobUnitReadyForProcessingEvent.java	SyncJobUnitReadyForProcessingEvent	dto			0	
autoims-backend	domain	domain/src/main/java/cars/ship/autoims/domain/sync/events/SyncJobUnitProcessedEvent.java	SyncJobUnitProcessedEvent	dto			0	
autoims-backend	domain	domain/src/main/java/cars/ship/autoims/domain/sharedkernel/VehicleVin.java	VehicleVin	dto			0	
autoims-backend	domain	domain/src/main/java/cars/ship/autoims/domain/sharedkernel/YearMakeModel.java	YearMakeModel	dto			0	
autoims-backend	domain	domain/src/main/java/cars/ship/autoims/domain/sharedkernel/User.java	User	dto			0	
autoims-backend	worker-services	worker-services/src/main/java/cars/ship/autoims/worker/config/AutoImsWorkerConfig.java	AutoImsWorkerConfig	dto			4	pubSub:PubSub;inventory:String;posting:String;subscriptions:Subscriptions
axe-call-integration	axe-call-integration	src/main/java/cars/ship/axecallintegration/dto/CallResponseDto.java	CallResponseDto	dto			0	
axe-call-integration	axe-call-integration	src/main/java/cars/ship/axecallintegration/dto/WebhookEventDto.java	WebhookEventDto	dto			0	
axe-call-integration	axe-call-integration	src/main/java/cars/ship/axecallintegration/dto/InitiateCallResponseDto.java	InitiateCallResponseDto	dto			0	
axe-call-integration	axe-call-integration	src/main/java/cars/ship/axecallintegration/dto/CreateCallRequestDto.java	CreateCallRequestDto	dto			0	
axe-call-integration	axe-call-integration	src/main/java/cars/ship/axecallintegration/dto/CallsPageViewDto.java	CallsPageViewDto	dto			0	
axe-call-integration	axe-call-integration	src/main/java/cars/ship/axecallintegration/dto/CallDetailViewDto.java	CallDetailViewDto	dto			0	
axe-call-integration	axe-call-integration	src/main/java/cars/ship/axecallintegration/dto/CampaignSyncResponseDto.java	CampaignSyncResponseDto	dto			0	
axe-call-integration	axe-call-integration	src/main/java/cars/ship/axecallintegration/dto/InitiateCallRequestDto.java	InitiateCallRequestDto	dto			0	
axe-call-integration	axe-call-integration	src/main/java/cars/ship/axecallintegration/dto/TranscriptSegmentDto.java	TranscriptSegmentDto	dto			0	
axe-call-integration	axe-call-integration	src/main/java/cars/ship/axecallintegration/dto/CallsPageResponseDto.java	CallsPageResponseDto	dto			0	
axe-call-integration	axe-call-integration	src/main/java/cars/ship/axecallintegration/dto/CallStatusResponseDto.java	CallStatusResponseDto	dto			0	
axe-call-integration	axe-call-integration	src/main/java/cars/ship/axecallintegration/dto/CallEndedEventDataDto.java	CallEndedEventDataDto	dto			0	
axe-call-integration	axe-call-integration	src/main/java/cars/ship/axecallintegration/dto/CallDetailsResponseDto.java	CallDetailsResponseDto	dto			0	
axe-call-integration	axe-call-integration	src/main/java/cars/ship/axecallintegration/entity/AxeCallEntity.java	AxeCallEntity	jpa	PanacheEntityBase	axe_calls	10	id:Long;callId:String;loadId:String;assistantId:UUID;status:String;phoneNumber:String;companyId:String;userId:String;createdAt:Instant;updatedAt:Instant
axe-call-integration	axe-call-integration	src/main/java/cars/ship/axecallintegration/entity/AxeCallRecordEntity.java	AxeCallRecordEntity	jpa	PanacheEntityBase	axe_call_records	25	id:Long;callId:UUID;campaignId:UUID;campaignName:String;summary:String;transcript:String;durationSeconds:Integer;startedAt:Instant;endedAt:Instant;extractedData:Object[];startingVariables:Object[];calledPhoneNumber:String;externalId:String;endReason:String;assistantId:UUID;assistantLabel:String;status:String;recordingUrl:String;wasSuccessful:Boolean;campaignCustomerId:UUID;notes:String;flaggedForReview:Boolean;callReachedVoicemail:Boolean;customerSentiment:String;syncedAt:Instant
axe-call-integration	axe-call-integration	src/main/java/cars/ship/axecallintegration/entity/AxeCampaignEntity.java	AxeCampaignEntity	jpa	PanacheEntityBase	axe_campaigns	15	id:Long;campaignId:UUID;name:String;status:String;assistantId:UUID;assistantLabel:String;scheduledAt:Instant;endedReason:String;customerCount:Integer;totalCalls:Integer;totalCallsCompleted:Integer;totalCallsSuccessful:Integer;totalEndedInVoicemail:Integer;axeCreatedAt:String;syncedAt:Instant
axe-call-integration	axe-call-integration	src/main/java/cars/ship/axecallintegration/client/dtos/CampaignListResponseDto.java	CampaignListResponseDto	dto			0	
axe-call-integration	axe-call-integration	src/main/java/cars/ship/axecallintegration/client/dtos/CreateCallResponseDto.java	CreateCallResponseDto	dto			0	
axe-call-integration	axe-call-integration	src/main/java/cars/ship/axecallintegration/client/dtos/CampaignDto.java	CampaignDto	dto			0	
axe-call-integration	axe-call-integration	src/main/java/cars/ship/axecallintegration/client/dtos/CallRecordDto.java	CallRecordDto	dto			0	
bi-databricks-backend	bi-databricks-backend	src/main/java/cars/ship/databricks/entity/CompanyDashboard.java	CompanyDashboard	jpa	BaseDbEntity	company_dashboards	2	companyConfig:CompanyConfig;dashboardId:String
bi-databricks-backend	bi-databricks-backend	src/main/java/cars/ship/databricks/entity/CompanyConfig.java	CompanyConfig	jpa	BaseDbEntity	company_config	5	companyId:String;clientId:String;clientSecret:String;dashboards:CompanyDashboard[];dashboard:CompanyDashboard
bi-databricks-backend	bi-databricks-backend	src/main/java/cars/ship/databricks/dtos/EmbedTokenResponseDto.java	EmbedTokenResponseDto	dto			5	token:String;workspaceUrl:String;workspaceId:String;dashboardId:String;expiresAt:Instant
bi-databricks-backend	bi-databricks-backend	src/main/java/cars/ship/databricks/dtos/CompanyConfigDto.java	CompanyConfigDto	dto			0	
bi-databricks-backend	bi-databricks-backend	src/main/java/cars/ship/databricks/dtos/CompanyDashboardConfigDto.java	CompanyDashboardConfigDto	dto			0	
bi-databricks-backend	bi-databricks-backend	src/main/java/cars/ship/databricks/dtos/GlobalFilterResult.java	GlobalFilterResult	dto			3	encodedFilter:String;parentLevelAccess:boolean;parentCompanyId:String
bi-databricks-backend	bi-databricks-backend	src/main/java/cars/ship/databricks/dtos/external/ServicePrincipalTokenDto.java	ServicePrincipalTokenDto	dto			4	accessToken:String;tokenType:String;expiresIn:Integer;scope:String
bi-databricks-backend	bi-databricks-backend	src/main/java/cars/ship/databricks/dtos/external/TokenInfoResponseDto.java	TokenInfoResponseDto	dto	PropertiesBase		3	authorizationDetails:Object[][];scope:String;customClaim:String
chat-backend	chat-backend	src/main/java/cars/ship/shipperlite/chat/config/AppConfigImpl.java	AppConfigImpl	dto			22	db:Db;pubSub:PubSub;idHashing:IdHashing;security:Security;userManagement:UserManagement;notification:Notification;singleSpa:SingleSpa;impersonator:Impersonator;corsAllowedOrigins:String[];applicationSchema:String;subscriptions:String[];topics:String[];salt:String;alphabet:String;baseUrl:String;usersEndpoint:String;companiesEndpoint:String;emailTemplateId:String;loadMateLoadDetailsUrl:String;carrierLoadDetailsUrl:String;baseUrl:String;postingLoadsSearchEndpoint:String
chat-backend	chat-backend	src/main/java/cars/ship/shipperlite/chat/application/adapters/out/clients/MediaProxyService.java	MediaProxyService	dto			5	mediaProxyClient:MediaProxyClient;ttlApi:Duration;urls:String[];accessUrlsMap:String[];originalUrl:String
chat-backend	chat-backend	src/main/java/cars/ship/shipperlite/chat/application/adapters/in/web/rest/dtos/DiscussionDto.java	DiscussionDto	dto			7	id:String;loadId:String;initiatorId:String;initiatorType:DiscussionTypeEnum;recipientId:String;recipientType:DiscussionTypeEnum;createdAt:Instant
chat-backend	chat-backend	src/main/java/cars/ship/shipperlite/chat/application/adapters/in/web/rest/dtos/ParticipantDto.java	ParticipantDto	dto			7	id:String;externalId:String;companyExternalId:String;name:String;email:String;phoneNumber:String;profilePictureUrl:String
chat-backend	chat-backend	src/main/java/cars/ship/shipperlite/chat/application/adapters/in/web/rest/dtos/MessageDto.java	MessageDto	dto			5	id:String;content:String;isRead:boolean;creator:ParticipantDto;createdAt:Instant
chat-backend	chat-backend	src/main/java/cars/ship/shipperlite/chat/application/adapters/in/web/rest/dtos/UnreadDiscussionInfoDto.java	UnreadDiscussionInfoDto	dto			8	id:String;loadId:String;unreadMessages:int;initiatorId:String;initiatorType:DiscussionTypeEnum;recipientId:String;recipientType:DiscussionTypeEnum;createdAt:Instant
chat-backend	chat-backend	src/main/java/cars/ship/shipperlite/chat/application/adapters/in/pubsub/dto/UserEventPubSubDto.java	UserEventPubSubDto	dto			1	user:V2UserAccountPubSubDto
chat-backend	chat-backend	src/main/java/cars/ship/shipperlite/chat/application/adapters/in/pubsub/dto/CompanyEventPubSubDto.java	CompanyEventPubSubDto	dto			1	company:V2CompanyPubSubDto
chat-backend	chat-backend	src/main/java/cars/ship/shipperlite/chat/domain/model/Message.java	Message	jpa	BaseEntity	message	3	isRead:boolean;discussion:Discussion;creator:Participant
chat-backend	chat-backend	src/main/java/cars/ship/shipperlite/chat/domain/model/Participant.java	Participant	jpa	BaseEntity	participant	8	externalId:String;companyExternalId:String;company:Company;name:String;email:String;phoneNumber:String;profilePictureUrl:String;lastModifiedUserBe:Instant
chat-backend	chat-backend	src/main/java/cars/ship/shipperlite/chat/domain/model/Company.java	Company	jpa	BaseEntity	company	7	externalId:String;name:String;email:String;phoneNumber:String;logoUrl:String;lastModifiedUserBe:Instant;companyType:CompanyTypeEnum
chat-backend	chat-backend	src/main/java/cars/ship/shipperlite/chat/domain/model/Discussion.java	Discussion	jpa	BaseEntity	discussion	6	loadId:String;messages:Message[];recipientId:String;initiatorId:String;initiatorType:DiscussionTypeEnum;recipientType:DiscussionTypeEnum
chat-backend	chat-backend	src/main/java/cars/ship/shipperlite/chat/domain/model/vo/WebSocketChatData.java	WebSocketChatData	dto			5	loadId:String;initiatorId:String;recipientId:String;action:WebSocketChatActionEnum;name:String
chat-backend	chat-backend	src/main/java/cars/ship/shipperlite/chat/domain/model/vo/UnreadDiscussionInfoVo.java	UnreadDiscussionInfoVo	dto			8	id:Long;loadId:String;unreadMessages:int;initiatorId:String;initiatorType:DiscussionTypeEnum;recipientId:String;recipientType:DiscussionTypeEnum;createdAt:Instant
chat-backend	chat-backend	src/main/java/cars/ship/shipperlite/chat/domain/model/vo/common/Filter.java	Filter	dto			3	field:String;operator:FilterOperator;value:String
chat-backend	chat-backend	src/main/java/cars/ship/shipperlite/chat/domain/model/sharedkernel/User.java	User	dto			6	userId:String;companyId:String;email:String;name:String;phoneNumber:String;profilePictureUrl:String
chat-backend	chat-backend	src/main/java/cars/ship/shipperlite/chat/domain/ports/service/DiscussionService.java	DiscussionService	dto			40	discussionRepository:DiscussionRepository;notificationOperations:NotificationService;participantOperations:ParticipantOperations;postingClient:PostingClient;appConfig:AppConfig;discussionIdentity:DiscussionIdentity;existingDiscussion:Discussion;discussionIdentity:DiscussionIdentity;isUserRecipient:boolean;initiatorName:String;discussionIdentity:DiscussionIdentity;initiatorId:String;messagesMarkedAsRead:boolean;isUserRecipient:boolean;discussionIdentity:DiscussionIdentity;discussion:Discussion;unreadMessages:int;initiatorId:String;res:DiscussionIdentity;initiatorId:String;res:DiscussionIdentity;discussions:Discussion[];discussion:Discussion;discussion:UnreadDiscussionInfoVo;newDiscussionSaved:Discussion;loadId:String;isUserRecipient:boolean;recipient:Participant;newMessage:Message;savedDiscussion:Discussion;loadId:String;newMessage:Message;isUserRecipient:boolean;recipient:Participant;isShipperCreator:boolean;loadId:String;baseUrl:String;formattedMessage:String;loadLink:String;data:WebSocketChatData
command-executor	api-dtos	api-dtos/src/main/java/cars/ship/commandexecutor/dtos/ediorderful/EdiOrderfulInterchangeControlHeader.java	EdiOrderfulInterchangeControlHeader	dto			0	
command-executor	api-dtos	api-dtos/src/main/java/cars/ship/commandexecutor/dtos/ediorderful/EdiOrderfulTransactionType.java	EdiOrderfulTransactionType	dto			0	
command-executor	api-dtos	api-dtos/src/main/java/cars/ship/commandexecutor/dtos/ediorderful/EdiOrderfulInboundTransaction.java	EdiOrderfulInboundTransaction	dto			0	
command-executor	api-dtos	api-dtos/src/main/java/cars/ship/commandexecutor/dtos/ediorderful/EdiOrderfulParty.java	EdiOrderfulParty	dto			0	
command-executor	api-dtos	api-dtos/src/main/java/cars/ship/commandexecutor/dtos/ediorderful/EdiOrderfulFunctionalGroupHeader.java	EdiOrderfulFunctionalGroupHeader	dto			0	
command-executor	api-dtos	api-dtos/src/main/java/cars/ship/commandexecutor/dtos/ediorderful/edi120/EdiOrderful120N3.java	EdiOrderful120N3	dto			0	
command-executor	api-dtos	api-dtos/src/main/java/cars/ship/commandexecutor/dtos/ediorderful/edi120/EdiOrderful120VCLoop.java	EdiOrderful120VCLoop	dto			0	
command-executor	api-dtos	api-dtos/src/main/java/cars/ship/commandexecutor/dtos/ediorderful/edi120/EdiOrderful120TransactionSetTrailer.java	EdiOrderful120TransactionSetTrailer	dto			0	
command-executor	api-dtos	api-dtos/src/main/java/cars/ship/commandexecutor/dtos/ediorderful/edi120/EdiOrderful120VC.java	EdiOrderful120VC	dto			0	
command-executor	api-dtos	api-dtos/src/main/java/cars/ship/commandexecutor/dtos/ediorderful/edi120/EdiOrderful120N4.java	EdiOrderful120N4	dto			0	
command-executor	api-dtos	api-dtos/src/main/java/cars/ship/commandexecutor/dtos/ediorderful/edi120/EdiOrderful120G62Loop.java	EdiOrderful120G62Loop	dto			0	
command-executor	api-dtos	api-dtos/src/main/java/cars/ship/commandexecutor/dtos/ediorderful/edi120/EdiOrderful120VehicleShippingOrder.java	EdiOrderful120VehicleShippingOrder	dto			0	
command-executor	api-dtos	api-dtos/src/main/java/cars/ship/commandexecutor/dtos/ediorderful/edi120/EdiOrderful120VehicleDetail.java	EdiOrderful120VehicleDetail	dto			0	
command-executor	api-dtos	api-dtos/src/main/java/cars/ship/commandexecutor/dtos/ediorderful/edi120/EdiOrderful120N1.java	EdiOrderful120N1	dto			0	
command-executor	api-dtos	api-dtos/src/main/java/cars/ship/commandexecutor/dtos/ediorderful/edi120/EdiOrderful120BVS.java	EdiOrderful120BVS	dto			0	
command-executor	api-dtos	api-dtos/src/main/java/cars/ship/commandexecutor/dtos/ediorderful/edi120/EdiOrderful120TransactionSet.java	EdiOrderful120TransactionSet	dto			0	
command-executor	api-dtos	api-dtos/src/main/java/cars/ship/commandexecutor/dtos/ediorderful/edi120/EdiOrderful120DateTime.java	EdiOrderful120DateTime	dto			0	
command-executor	api-dtos	api-dtos/src/main/java/cars/ship/commandexecutor/dtos/ediorderful/edi120/EdiOrderful120TransactionSetHeader.java	EdiOrderful120TransactionSetHeader	dto			0	
command-executor	api-dtos	api-dtos/src/main/java/cars/ship/commandexecutor/dtos/ediorderful/edi204/EdiOrderful204TransactionSetHeader.java	EdiOrderful204TransactionSetHeader	dto			0	
command-executor	api-dtos	api-dtos/src/main/java/cars/ship/commandexecutor/dtos/ediorderful/edi204/EdiOrderful204OID.java	EdiOrderful204OID	dto			0	
command-executor	api-dtos	api-dtos/src/main/java/cars/ship/commandexecutor/dtos/ediorderful/edi204/EdiOrderful204B2A.java	EdiOrderful204B2A	dto			0	
command-executor	api-dtos	api-dtos/src/main/java/cars/ship/commandexecutor/dtos/ediorderful/edi204/EdiOrderful204L11.java	EdiOrderful204L11	dto			0	
command-executor	api-dtos	api-dtos/src/main/java/cars/ship/commandexecutor/dtos/ediorderful/edi204/EdiOrderful204MotorCarrierLoadTender.java	EdiOrderful204MotorCarrierLoadTender	dto			0	
command-executor	api-dtos	api-dtos/src/main/java/cars/ship/commandexecutor/dtos/ediorderful/edi204/EdiOrderful204G62.java	EdiOrderful204G62	dto			0	
command-executor	api-dtos	api-dtos/src/main/java/cars/ship/commandexecutor/dtos/ediorderful/edi204/EdiOrderful204AT8.java	EdiOrderful204AT8	dto			0	
command-executor	api-dtos	api-dtos/src/main/java/cars/ship/commandexecutor/dtos/ediorderful/edi204/EdiOrderful204OIDLoop.java	EdiOrderful204OIDLoop	dto			0	
command-executor	api-dtos	api-dtos/src/main/java/cars/ship/commandexecutor/dtos/ediorderful/edi204/EdiOrderful204B2.java	EdiOrderful204B2	dto			0	
command-executor	api-dtos	api-dtos/src/main/java/cars/ship/commandexecutor/dtos/ediorderful/edi204/EdiOrderful204N1.java	EdiOrderful204N1	dto			0	
command-executor	api-dtos	api-dtos/src/main/java/cars/ship/commandexecutor/dtos/ediorderful/edi204/EdiOrderful204G61Loop.java	EdiOrderful204G61Loop	dto			0	
command-executor	api-dtos	api-dtos/src/main/java/cars/ship/commandexecutor/dtos/ediorderful/edi204/EdiOrderful204TransactionSetTrailer.java	EdiOrderful204TransactionSetTrailer	dto			0	
command-executor	api-dtos	api-dtos/src/main/java/cars/ship/commandexecutor/dtos/ediorderful/edi204/EdiOrderful204TransactionSet.java	EdiOrderful204TransactionSet	dto			0	
command-executor	api-dtos	api-dtos/src/main/java/cars/ship/commandexecutor/dtos/ediorderful/edi204/EdiOrderful204G61.java	EdiOrderful204G61	dto			0	
command-executor	api-dtos	api-dtos/src/main/java/cars/ship/commandexecutor/dtos/ediorderful/edi204/EdiOrderful204L3.java	EdiOrderful204L3	dto			0	
command-executor	api-dtos	api-dtos/src/main/java/cars/ship/commandexecutor/dtos/ediorderful/edi204/EdiOrderful204L5Loop.java	EdiOrderful204L5Loop	dto			0	
command-executor	api-dtos	api-dtos/src/main/java/cars/ship/commandexecutor/dtos/ediorderful/edi204/EdiOrderful204N3.java	EdiOrderful204N3	dto			0	
command-executor	api-dtos	api-dtos/src/main/java/cars/ship/commandexecutor/dtos/ediorderful/edi204/EdiOrderful204S5.java	EdiOrderful204S5	dto			0	
command-executor	api-dtos	api-dtos/src/main/java/cars/ship/commandexecutor/dtos/ediorderful/edi204/EdiOrderful204N4.java	EdiOrderful204N4	dto			0	
command-executor	api-dtos	api-dtos/src/main/java/cars/ship/commandexecutor/dtos/ediorderful/edi204/EdiOrderful204S5Loop.java	EdiOrderful204S5Loop	dto			0	
command-executor	api-dtos	api-dtos/src/main/java/cars/ship/commandexecutor/dtos/ediorderful/edi204/EdiOrderful204N1Loop.java	EdiOrderful204N1Loop	dto			0	
command-executor	api-dtos	api-dtos/src/main/java/cars/ship/commandexecutor/dtos/ediorderful/edi204/EdiOrderful204L5.java	EdiOrderful204L5	dto			0	
command-executor	api-dtos	api-dtos/src/main/java/cars/ship/commandexecutor/dtos/quotemanager/VehicleDetailsDto.java	VehicleDetailsDto	dto			0	
command-executor	api-dtos	api-dtos/src/main/java/cars/ship/commandexecutor/dtos/quotemanager/ContactDto.java	ContactDto	dto			0	
command-executor	api-dtos	api-dtos/src/main/java/cars/ship/commandexecutor/dtos/quotemanager/CreateQuoteAndOrderDto.java	CreateQuoteAndOrderDto	dto			0	
command-executor	api-dtos	api-dtos/src/main/java/cars/ship/commandexecutor/dtos/pubsub/acertus/AcertusCarrierDto.java	AcertusCarrierDto	dto			0	
command-executor	api-dtos	api-dtos/src/main/java/cars/ship/commandexecutor/dtos/pubsub/acertus/AcertusDriverDto.java	AcertusDriverDto	dto			0	
command-executor	api-dtos	api-dtos/src/main/java/cars/ship/commandexecutor/dtos/pubsub/acertus/AcertusAssignedEvent.java	AcertusAssignedEvent	dto			0	
command-executor	api-dtos	api-dtos/src/main/java/cars/ship/commandexecutor/dtos/pubsub/acertus/AcertusLocationDto.java	AcertusLocationDto	dto			0	
command-executor	api-dtos	api-dtos/src/main/java/cars/ship/commandexecutor/dtos/pubsub/acertus/AcertusLoadDto.java	AcertusLoadDto	dto			0	
command-executor	api-dtos	api-dtos/src/main/java/cars/ship/commandexecutor/dtos/pubsub/acertus/AcertusVehicleDto.java	AcertusVehicleDto	dto			0	
command-executor	api-dtos	api-dtos/src/main/java/cars/ship/commandexecutor/dtos/superdispatch/SuperDispatchLocationDto.java	SuperDispatchLocationDto	dto			0	
command-executor	api-dtos	api-dtos/src/main/java/cars/ship/commandexecutor/dtos/superdispatch/SuperDispatchOrderEvent.java	SuperDispatchOrderEvent	dto			0	
command-executor	api-dtos	api-dtos/src/main/java/cars/ship/commandexecutor/dtos/superdispatch/SuperDispatchVehicleDto.java	SuperDispatchVehicleDto	dto			0	
command-executor	api-dtos	api-dtos/src/main/java/cars/ship/commandexecutor/dtos/superdispatch/SuperDispatchOrderDto.java	SuperDispatchOrderDto	dto			0	
command-executor	api-dtos	api-dtos/src/main/java/cars/ship/commandexecutor/dtos/superdispatch/SuperDispatchCarrierDto.java	SuperDispatchCarrierDto	dto			0	
command-executor	api-dtos	api-dtos/src/main/java/cars/ship/commandexecutor/dtos/superdispatch/SuperDispatchContactDto.java	SuperDispatchContactDto	dto			0	
command-executor	api-dtos	api-dtos/src/main/java/cars/ship/commandexecutor/dtos/superdispatch/SuperDispatchObject.java	SuperDispatchObject	dto			0	
command-executor	api-dtos	api-dtos/src/main/java/cars/ship/commandexecutor/dtos/superdispatch/SuperDispatchData.java	SuperDispatchData	dto			0	
command-executor	api-dtos	api-dtos/src/main/java/cars/ship/commandexecutor/dtos/superdispatch/TokenResultDto.java	TokenResultDto	dto			0	
command-executor	api-dtos	api-dtos/src/main/java/cars/ship/commandexecutor/dtos/carsarrive/CarsArriveLoad.java	CarsArriveLoad	dto			0	
command-executor	api-dtos	api-dtos/src/main/java/cars/ship/commandexecutor/dtos/carsarrive/CarsArriveVehicle.java	CarsArriveVehicle	dto			0	
command-executor	api-dtos	api-dtos/src/main/java/cars/ship/commandexecutor/dtos/carsarrive/CarsArriveContact.java	CarsArriveContact	dto			0	
command-executor	api-dtos	api-dtos/src/main/java/cars/ship/commandexecutor/dtos/carsarrive/CarsArriveLocation.java	CarsArriveLocation	dto			0	
command-executor	api-dtos	api-dtos/src/main/java/cars/ship/commandexecutor/dtos/carsarrive/CarsArriveOrderEvent.java	CarsArriveOrderEvent	dto			0	
command-executor	api-dtos	api-dtos/src/main/java/cars/ship/commandexecutor/dtos/carsarrive/CarsArriveLoadEventData.java	CarsArriveLoadEventData	dto			0	
command-executor	services	services/src/main/java/cars/ship/commandexecutor/ediorderful/services/VinMakeInfo.java	VinMakeInfo	dto			0	
command-executor	services	services/src/main/java/cars/ship/commandexecutor/ediorderful/entities/EdiOrderfulPendingTransactionEntity.java	EdiOrderfulPendingTransactionEntity	other	StorageEntity		14	ediShipmentId:String;senderIsaId:String;has204:boolean;shipmentId:String;pickup:ContactDto;delivery:ContactDto;shippingDate:LocalDate;has120:boolean;referenceId:String;vehicles:VehicleDetailsDto[];raw204Message:Object;raw120Message:Object;orderId:String;orderCreatedAt:Instant
commons	error-handling	error-handling/src/main/java/cars/ship/commons/errors/RetryConfig.java	RetryConfig	dto			0	
commons	error-handling	error-handling/src/main/java/cars/ship/commons/errors/BusinessRuleException.java	BusinessRuleException	dto	RuntimeException		5	timestamp:Instant;errorCode:ErrorCode;originalMessage:String;formattedMessage:String;sb:StringBuilder
commons	test-data	test-data/src/main/java/cars/ship/test/data/USRealAddress.java	USRealAddress	dto			4	mapper:ObjectMapper;data:AddressesDataJson;stateAddresses:USRealAddressDto[];stateAddresses:USRealAddressDto[]
commons	test-data	test-data/src/main/java/cars/ship/test/data/dto/USRealAddressCoordinatesDto.java	USRealAddressCoordinatesDto	dto			2	lat:double;lng:double
commons	test-data	test-data/src/main/java/cars/ship/test/data/dto/USRealAddressDto.java	USRealAddressDto	dto			6	address1:String;address2:String;city:String;state:USStateEnum;postalCode:String;coordinates:USRealAddressCoordinatesDto
commons	commons	commons/src/main/java/cars/ship/commons/UnicodeToSafePathAsciiMap.java	UnicodeToSafePathAsciiMap	dto			0	
commons	commons	commons/src/main/java/cars/ship/commons/SCImageValidatorUtils.java	SCImageValidatorUtils	dto			2	mimeType:String;fileExtension:String
commons	commons	commons/src/main/java/cars/ship/commons/ClassTypeProvider.java	ClassTypeProvider	dto			0	
commons	commons	commons/src/main/java/cars/ship/commons/impl/ObjectSerializerImpl.java	ObjectSerializerImpl	dto			3	json:String;object:T;object:T
commons	commons	commons/src/main/java/cars/ship/commons/dtos/IDResponseDto.java	IDResponseDto	dto			1	id:String
commons	commons	commons/src/main/java/cars/ship/commons/dtos/OptionalFieldDto.java	OptionalFieldDto	dto			1	value:T
commons	commons	commons/src/main/java/cars/ship/commons/dtos/UrlResponseDto.java	UrlResponseDto	dto			1	url:String
commons	commons	commons/src/main/java/cars/ship/commons/dtos/apigateway/UserContextDto.java	UserContextDto	dto			0	
commons	commons	commons/src/main/java/cars/ship/commons/dtos/apigateway/PaymentDetailsDto.java	PaymentDetailsDto	dto			0	
commons	commons	commons/src/main/java/cars/ship/commons/dtos/apigateway/ContextDto.java	ContextDto	dto			0	
commons	commons	commons/src/main/java/cars/ship/commons/dtos/apigateway/CompanyContextDto.java	CompanyContextDto	dto			0	
commons	commons-datadog	commons-datadog/src/main/java/cars/ship/commons/MdcData.java	MdcData	dto			0	
commons	temporal-commons	temporal-commons/src/main/java/cars/ship/commons/temporal/WorkflowExecutionTime.java	WorkflowExecutionTime	dto			0	
contract-pricing-backend	contract-pricing-dtos	contract-pricing-dtos/src/main/java/cars/ship/contractpricing/dtos/FieldDto.java	FieldDto	dto			0	
contract-pricing-backend	contract-pricing-dtos	contract-pricing-dtos/src/main/java/cars/ship/contractpricing/dtos/CarrierDto.java	CarrierDto	dto			0	
contract-pricing-backend	contract-pricing-dtos	contract-pricing-dtos/src/main/java/cars/ship/contractpricing/dtos/DiscountDto.java	DiscountDto	dto			0	
contract-pricing-backend	contract-pricing-dtos	contract-pricing-dtos/src/main/java/cars/ship/contractpricing/dtos/OptionDto.java	OptionDto	dto			0	
contract-pricing-backend	contract-pricing-dtos	contract-pricing-dtos/src/main/java/cars/ship/contractpricing/dtos/ValidationDto.java	ValidationDto	dto			0	
contract-pricing-backend	contract-pricing-dtos	contract-pricing-dtos/src/main/java/cars/ship/contractpricing/dtos/StateDto.java	StateDto	dto			0	
contract-pricing-backend	contract-pricing-dtos	contract-pricing-dtos/src/main/java/cars/ship/contractpricing/dtos/CalculationResponseDto.java	CalculationResponseDto	dto			0	
contract-pricing-backend	contract-pricing-dtos	contract-pricing-dtos/src/main/java/cars/ship/contractpricing/dtos/CalculationRequestDto.java	CalculationRequestDto	dto			0	
contract-pricing-backend	contract-pricing-dtos	contract-pricing-dtos/src/main/java/cars/ship/contractpricing/dtos/CustomerDto.java	CustomerDto	dto			0	
contract-pricing-backend	contract-pricing-dtos	contract-pricing-dtos/src/main/java/cars/ship/contractpricing/dtos/ContractDto.java	ContractDto	dto			0	
contract-pricing-backend	contract-pricing-dtos	contract-pricing-dtos/src/main/java/cars/ship/contractpricing/dtos/PowerLaneDto.java	PowerLaneDto	dto			0	
contract-pricing-backend	contract-pricing-dtos	contract-pricing-dtos/src/main/java/cars/ship/contractpricing/dtos/VehicleDto.java	VehicleDto	dto			0	
contract-pricing-backend	contract-pricing-dtos	contract-pricing-dtos/src/main/java/cars/ship/contractpricing/dtos/SurchargeDto.java	SurchargeDto	dto			0	
contract-pricing-backend	contract-pricing-dtos	contract-pricing-dtos/src/main/java/cars/ship/contractpricing/dtos/RegionDto.java	RegionDto	dto			0	
contract-pricing-backend	contract-pricing-dtos	contract-pricing-dtos/src/main/java/cars/ship/contractpricing/dtos/MileageBandDto.java	MileageBandDto	dto			0	
contract-pricing-backend	contract-pricing-dtos	contract-pricing-dtos/src/main/java/cars/ship/contractpricing/dtos/LocationDto.java	LocationDto	dto			0	
contract-pricing-backend	contract-pricing-dtos	contract-pricing-dtos/src/main/java/cars/ship/contractpricing/dtos/LoadInformationDto.java	LoadInformationDto	dto			0	
contract-pricing-backend	contract-pricing-dtos	contract-pricing-dtos/src/main/java/cars/ship/contractpricing/dtos/LineItemDto.java	LineItemDto	dto			0	
contract-pricing-backend	contract-pricing-dtos	contract-pricing-dtos/src/main/java/cars/ship/contractpricing/dtos/PricingOptionDto.java	PricingOptionDto	dto			0	
contract-pricing-backend	contract-pricing-dtos	contract-pricing-dtos/src/main/java/cars/ship/contractpricing/dtos/PrePopulatedDataDto.java	PrePopulatedDataDto	dto			0	
contract-pricing-backend	contract-pricing-dtos	contract-pricing-dtos/src/main/java/cars/ship/contractpricing/dtos/clients/DistanceDto.java	DistanceDto	dto			0	
contract-pricing-backend	contract-pricing-dtos	contract-pricing-dtos/src/main/java/cars/ship/contractpricing/dtos/clients/DjangoCompanyWrapperDto.java	DjangoCompanyWrapperDto	dto			0	
contract-pricing-backend	contract-pricing-dtos	contract-pricing-dtos/src/main/java/cars/ship/contractpricing/dtos/clients/DjangoCompanyDto.java	DjangoCompanyDto	dto			0	
contract-pricing-backend	db-entities	db-entities/src/main/java/cars/ship/contractpricing/entities/LocationEntity.java	LocationEntity	jpa	BaseDbEntity	locations	3	city:String;state:String;zip:String
contract-pricing-backend	db-entities	db-entities/src/main/java/cars/ship/contractpricing/entities/PricingOptionEntity.java	PricingOptionEntity	jpa	BaseDbEntity	pricing_options	9	pricingType:PricingTypeEnum;amount:BigDecimal;marginType:MarginTypeEnum;marginAmount:BigDecimal;amountPerMile:BigDecimal;applySurchargesDiscounts:boolean;type:OperableTypeEnum;mileageBand:MileageBandEntity;powerLane:PowerLaneEntity
contract-pricing-backend	db-entities	db-entities/src/main/java/cars/ship/contractpricing/entities/CarrierEntity.java	CarrierEntity	jpa	BaseDbEntity	carriers	8	name:String;profilePictureUrl:String;externalId:String;searchableContent:String;lastModifiedUserBe:Instant;optionalEntity:CarrierEntity[];optionalEntity:CarrierEntity[];pagedQuery:PanacheQuery<PanacheEntityBase>
contract-pricing-backend	db-entities	db-entities/src/main/java/cars/ship/contractpricing/entities/RegionToStateEntity.java	RegionToStateEntity	jpa	BaseDbEntity	regions_to_states	3	region:RegionEntity;stateFullName:String;stateAlphaCode:String
contract-pricing-backend	db-entities	db-entities/src/main/java/cars/ship/contractpricing/entities/MileageBandEntity.java	MileageBandEntity	jpa	BaseDbEntity	mileage_bands	5	region:RegionEntity;from:long;to:long;direction:MileageBandDirectionEnum;pricingOptions:PricingOptionEntity[]
contract-pricing-backend	db-entities	db-entities/src/main/java/cars/ship/contractpricing/entities/CustomerEntity.java	CustomerEntity	jpa	BaseDbEntity	customers	10	companyName:String;locationId:String;companyId:String;searchableContent:String;formattedSearch:String;query:PanacheQuery<PanacheEntityBase>;formattedLocationId:String;query:PanacheQuery<PanacheEntityBase>;query:PanacheQuery<PanacheEntityBase>;query:PanacheQuery<PanacheEntityBase>
contract-pricing-backend	db-entities	db-entities/src/main/java/cars/ship/contractpricing/entities/SurchargeEntity.java	SurchargeEntity	jpa	BaseDbEntity	surcharges	9	contractId:Long;regionId:Long;type:SurchargeTypeEnum;targetType:SurchargeTargetTypeEnum;pricingType:PricingTypeEnum;vehicleType:VehicleClassTypeEnum;price:BigDecimal;applyOnLevel:ApplyTypeEnum;regionName:String
contract-pricing-backend	db-entities	db-entities/src/main/java/cars/ship/contractpricing/entities/DiscountEntity.java	DiscountEntity	jpa	BaseDbEntity	discounts	9	contractId:Long;regionId:Long;type:DiscountTypeEnum;pricingType:PricingTypeEnum;price:BigDecimal;applyOnLevel:ApplyTypeEnum;regionName:String;loadFactorFrom:BigDecimal;loadFactorTo:BigDecimal
contract-pricing-backend	db-entities	db-entities/src/main/java/cars/ship/contractpricing/entities/ContractEntity.java	ContractEntity	jpa	BaseDbEntity	contracts	6	shipperId:String;crossRegionalType:CrossRegionalTypeEnum;contractType:ContractTypeEnum;query:Query;pagedQuery:PanacheQuery<PanacheEntityBase>;pagedQuery:PanacheQuery<PanacheEntityBase>
contract-pricing-backend	db-entities	db-entities/src/main/java/cars/ship/contractpricing/entities/ContractHistoryEntity.java	ContractHistoryEntity	jpa	PanacheEntityBase	contract_histories	8	id:Long;publicId:String;contractPublicId:String;contractId:Long;version:Long;payload:String;userId:String;companyId:String
contract-pricing-backend	db-entities	db-entities/src/main/java/cars/ship/contractpricing/entities/PowerLaneEntity.java	PowerLaneEntity	jpa	BaseDbEntity	power_lanes	8	contract:ContractEntity;from:LocationEntity;to:LocationEntity;pricingOptions:PricingOptionEntity[];searchableContent:String;powerLanes:PowerLaneEntity[];pagedQuery:PanacheQuery<PanacheEntityBase>;pageIndex:int
contract-pricing-backend	db-entities	db-entities/src/main/java/cars/ship/contractpricing/entities/CarrierToContractEntity.java	CarrierToContractEntity	jpa	PanacheEntityBase	carrier_to_contract_mappings	6	id:Long;contract:ContractEntity;carrier:CarrierEntity;companyId:String;carrierToContract:CarrierToContractEntity[];carrierToContract:CarrierToContractEntity[]
contract-pricing-backend	db-entities	db-entities/src/main/java/cars/ship/contractpricing/entities/RegionEntity.java	RegionEntity	jpa	BaseDbEntity	regions	8	contract:ContractEntity;mileageBands:MileageBandEntity[];states:RegionToStateEntity[];name:String;zone:String;sortOrder:int;type:RegionTypeEnum;pattern:String
contract-pricing-backend	db-entities	db-entities/src/main/java/cars/ship/contractpricing/entities/CustomerToContractEntity.java	CustomerToContractEntity	jpa	PanacheEntityBase	customer_to_contract_mappings	5	id:Long;contract:ContractEntity;customer:CustomerEntity;companyId:String;customerToContract:CustomerToContractEntity[]
contract-pricing-backend	services	services/src/main/java/cars/ship/contractpricing/listeners/pubsub/CompanyEventPubSubDto.java	CompanyEventPubSubDto	dto			0	
contract-pricing-backend	services	services/src/main/java/cars/ship/contractpricing/services/impl/ContractOperationsServiceImpl.java	ContractOperationsServiceImpl	dto			77	contractCRUDService:ContractCRUDService;locationService:LocationService;powerLaneConverter:PowerLaneConverter;surcharges:SurchargeDto[];discounts:DiscountDto[];selectedRegion:RegionDto;powerLane:PowerLaneDto;distanceInMiles:BigDecimal;matchingOption:PricingOptionDto;loadDetails:LoadInformationDto;direction:MileageBandDirectionEnum;mileageBand:MileageBandDto;applyDiscountsAndSurcharges:boolean;price:BasePriceWithNoMargin;lineItems:LineItemDto[];surchargePrice:BigDecimal;discountPrice:BigDecimal;totalPrice:BigDecimal;calculationResponseDtoBuilder:CalculationResponseDtoBuilder;defaultOption:PricingOptionDto;hasInoperableVehicle:boolean;targetType:OperableTypeEnum;inoperableOption:PricingOptionDto;powerLanes:PowerLaneEntity[];matchingStatesPowerLanes:PowerLaneEntity[];predicates:Pair<Predicate<PowerLaneEntity>, Predicate<PowerLaneEntity>>[];combinedPredicate:Predicate<PowerLaneEntity>;matchingPowerLane:PowerLaneEntity;pickupPredicates:Predicate<PowerLaneEntity>[];deliveryPredicates:Predicate<PowerLaneEntity>[];loadZip:String;zip3:String;normalized:String;loadZip:String;loadZip:String;zip3:String;loadZip:String;contracts:PageModel<ContractDto>;contractsSize:int;contract:ContractDto;vehicleFactor:BigDecimal;matchingDiscountNode:DiscountDto;surchargePrice:BigDecimal;surchargePrice:BigDecimal;constructedDescription:String;surchargePrice:BigDecimal;constructedDescription:String;surchargePrice:BigDecimal;pricingType:String;separator:String;vehicleType:String;separator:String;distanceDescription:String;toValue:String;types:VehicleClassTypeEnum[];vehiclesThatMatchSurchargeType:long;inoperableVehicles:long;baseSurchargePrice:BigDecimal;surchargePrice:BigDecimal;constructedDescription:String;withoutDeletion:BigDecimal;contractHistory:ContractHistoryEntity;combinedTotalRate:long;totalRateInDollars:BigDecimal;basePrice:BigDecimal;marginAmount:BigDecimal;makingPercentage:BigDecimal;bandsToSearch:MileageBandDto[];roundedDistance:BigDecimal;mileageBand:MileageBandDto;directionBands:MileageBandDto[];fromRange:BigDecimal;toRange:BigDecimal;pickupSupportedRegion:RegionDto;deliverySupportedRegion:RegionDto;supportedStates:String[];stateEnum:USStateEnum
contract-pricing-backend	services	services/src/main/java/cars/ship/contractpricing/services/vo/PowerLaneCsvDto.java	PowerLaneCsvDto	dto			0	
crm-workflows	api-dtos	api-dtos/src/main/java/cars/ship/workflows/crm/dtos/CrmFilterRequestDto.java	CrmFilterRequestDto	dto			0	
crm-workflows	api-dtos	api-dtos/src/main/java/cars/ship/workflows/crm/dtos/CtmsCompanyInfo.java	CtmsCompanyInfo	dto			7	name:String;phone:String;dotNumber:Integer;isCarrier:Boolean;id:String;isShipper:Boolean;email:String
crm-workflows	api-dtos	api-dtos/src/main/java/cars/ship/workflows/crm/dtos/CompanyMessageDto.java	CompanyMessageDto	dto			2	entity:V2CompanyPubSubDto;action:String
crm-workflows	api-dtos	api-dtos/src/main/java/cars/ship/workflows/crm/dtos/AccountDto.java	AccountDto	dto			0	
crm-workflows	api-dtos	api-dtos/src/main/java/cars/ship/workflows/crm/dtos/CrmAccountFilterResponseDto.java	CrmAccountFilterResponseDto	dto			0	
crm-workflows	api-dtos	api-dtos/src/main/java/cars/ship/workflows/crm/dtos/CtmsSubscriptionEventDto.java	CtmsSubscriptionEventDto	dto			9	plan:String;subscriptionStatus:String;inTrial:Boolean;bookedFreeLoads:Integer;trialStartTime:Instant;trialsCount:Integer;unpaidInvoice:Boolean;currentPeriodEnd:Instant;companyInfo:CtmsCompanyInfo
crm-workflows	api-dtos	api-dtos/src/main/java/cars/ship/workflows/crm/dtos/CrmCompanyCacheDto.java	CrmCompanyCacheDto	dto			0	
crm-workflows	api-dtos	api-dtos/src/main/java/cars/ship/workflows/crm/dtos/CtmsSubscriptionMessageDto.java	CtmsSubscriptionMessageDto	dto	MessageDto		0	
crm-workflows	api-dtos	api-dtos/src/main/java/cars/ship/workflows/crm/dtos/CrmAccountDto.java	CrmAccountDto	dto			0	
crm-workflows	api-dtos	api-dtos/src/main/java/cars/ship/workflows/crm/dtos/CrmContactDto.java	CrmContactDto	dto			0	
crm-workflows	api-dtos	api-dtos/src/main/java/cars/ship/workflows/crm/dtos/CrmContactFilterResponseDto.java	CrmContactFilterResponseDto	dto			0	
crm-workflows	api-dtos	api-dtos/src/main/java/cars/ship/workflows/crm/dtos/AccountResponseDto.java	AccountResponseDto	dto			0	
crm-workflows	api-dtos	api-dtos/src/main/java/cars/ship/workflows/crm/dtos/CrmEventRequestDto.java	CrmEventRequestDto	dto			0	
crm-workflows	api-dtos	api-dtos/src/main/java/cars/ship/workflows/crm/dtos/CrmUserBaseInfoDto.java	CrmUserBaseInfoDto	dto			0	
crm-workflows	api-dtos	api-dtos/src/main/java/cars/ship/workflows/crm/dtos/CrmAccountCustomFieldResponseDto.java	CrmAccountCustomFieldResponseDto	dto			0	
crm-workflows	api-dtos	api-dtos/src/main/java/cars/ship/workflows/crm/dtos/CrmAccountCustomFieldDto.java	CrmAccountCustomFieldDto	dto			0	
crm-workflows	api-dtos	api-dtos/src/main/java/cars/ship/workflows/crm/dtos/CrmAccountResponseDto.java	CrmAccountResponseDto	dto			0	
crm-workflows	api-dtos	api-dtos/src/main/java/cars/ship/workflows/crm/dtos/UserMessageDto.java	UserMessageDto	dto			2	entity:V2UserAccountPubSubDto;action:String
crm-workflows	api-dtos	api-dtos/src/main/java/cars/ship/workflows/crm/dtos/CrmEventResponseDto.java	CrmEventResponseDto	dto			0	
crm-workflows	db-entities	db-entities/src/main/java/cars/ship/crm/workflows/entities/CompanyEntity.java	CompanyEntity	jpa	BaseDbEntity	companies	14	active:boolean;usDot:String;companyType:CompanyType;subscriptionName:String;subscriptionStatus:String;inTrial:Boolean;bookedFreeLoads:Integer;trialStartDate:Instant;trialsCount:Integer;hasUnpaidInvoice:Boolean;currentPeriodEnd:Instant;externalCrmId:String;crmSyncStatus:CrmSyncStatus;externalUpdateTime:Instant
crm-workflows	services	services/src/main/java/cars/ship/crm/workflows/models/CrmAccount.java	CrmAccount	dto			0	
crm-workflows	services	services/src/main/java/cars/ship/crm/workflows/models/Company.java	Company	dto			19	crmAccountId:String;name:String;phone:String;email:String;isActive:boolean;usDotNumber:String;isCarrier:Boolean;publicId:String;isBroker:Boolean;subscriptionName:String;subscriptionStatus:String;inTrial:Boolean;bookedFreeLoads:Integer;trialStartDate:Instant;trialsCount:Integer;unpaidInvoice:Boolean;currentPeriodEnd:Instant;lastModified:Instant;crmSyncedStatus:CrmSyncStatus
cube	loadboard	loadboard/loadboard-dtos/src/main/java/cars/ship/cube/dtos/out/PostingVehicleReadDto.java	PostingVehicleReadDto	dto			9	id:String;year:Integer;make:String;model:String;type:String;operable:boolean;url:String;specificationsData:SpecificationsReadDto;drivetrain:String
cube	loadboard	loadboard/loadboard-dtos/src/main/java/cars/ship/cube/dtos/out/TripReadDto.java	TripReadDto	dto			3	id:String;carrierUserManagementId:String;name:String
cube	loadboard	loadboard/loadboard-dtos/src/main/java/cars/ship/cube/dtos/out/SearchPostingEventPubSubDto.java	SearchPostingEventPubSubDto	dto			0	
cube	loadboard	loadboard/loadboard-dtos/src/main/java/cars/ship/cube/dtos/out/SpecificationsReadDto.java	SpecificationsReadDto	dto			4	width:SpecificationReadDto;height:SpecificationReadDto;length:SpecificationReadDto;weight:SpecificationReadDto
cube	loadboard	loadboard/loadboard-dtos/src/main/java/cars/ship/cube/dtos/out/CompanyDto.java	CompanyDto	dto			2	id:String;name:String
cube	loadboard	loadboard/loadboard-dtos/src/main/java/cars/ship/cube/dtos/out/CompaniesResultDto.java	CompaniesResultDto	dto			2	results:CompanyDto[];count:long
cube	loadboard	loadboard/loadboard-dtos/src/main/java/cars/ship/cube/dtos/out/PostingsCountDto.java	PostingsCountDto	dto			0	
cube	loadboard	loadboard/loadboard-dtos/src/main/java/cars/ship/cube/dtos/out/CompanyInfoReadDto.java	CompanyInfoReadDto	dto			3	dotNumber:String;name:String;logo:String
cube	loadboard	loadboard/loadboard-dtos/src/main/java/cars/ship/cube/dtos/out/SpecificationReadDto.java	SpecificationReadDto	dto			2	max:Double;min:Double
cube	loadboard	loadboard/loadboard-dtos/src/main/java/cars/ship/cube/dtos/out/GeoPointReadDto.java	GeoPointReadDto	dto			2	lat:double;lon:double
cube	loadboard	loadboard/loadboard-dtos/src/main/java/cars/ship/cube/dtos/out/SearchPostingCriteriaDto.java	SearchPostingCriteriaDto	dto			30	ids:String[];search:String;pickupCities:String[];pickupRanges:String[];deliveryCities:String[];deliveryRanges:String[];pickupStates:String[];deliveryStates:String[];enclosedTrailer:Boolean;operable:Boolean;vehicleTypes:Integer[];numberVehicles:Integer;maxNumberVehicles:Integer;shipWithin:Integer;totalCarrierPay:Double;pricePerMile:Double;paymentTerms:String[];alongRouteOrigin:String;alongRouteDestination:String;waypoints:String[];routeOffset:Integer;minDistance:Integer;shipperIds:String[];negotiationCarrierIds:String[];privateOnly:Boolean;ordering:String;offset:Integer;negotiationStates:String[];labels:String[];builder:HashCodeBuilder
cube	loadboard	loadboard/loadboard-dtos/src/main/java/cars/ship/cube/dtos/out/PostingsWithActiveNegotiationsCountDto.java	PostingsWithActiveNegotiationsCountDto	dto			3	all:long;review:long;reply:long
cube	loadboard	loadboard/loadboard-dtos/src/main/java/cars/ship/cube/dtos/out/v1/V1NegotiationReadDto.java	V1NegotiationReadDto	dto			17	id:String;shipperId:String;carrierId:String;carrierUserManagementId:String;shipperUserManagementId:String;lastOffer:V1OfferReadDto;lastOfferId:String;orderId:String;cancelReason:String;updateTime:Date;createTime:Date;isBookAttempt:boolean;originalPrice:String;status:String;carrierInfo:CompanyInfoReadDto;shipperInfo:CompanyInfoReadDto;offers:V1OfferReadDto[]
cube	loadboard	loadboard/loadboard-dtos/src/main/java/cars/ship/cube/dtos/out/v1/V1PostingReadDto.java	V1PostingReadDto	dto			81	id:String;shipperLoadId:String;pickupCity:String;pickupState:String;pickupZip:String;pickupRequestedDateStart:Date;pickupRequestedDateStartType:String;pickupRequestedDateEnd:Date;pickupRequestedDateEndType:String;pickupEstimateTimeframe:String;pickupEstimateReason:String;deliveryCity:String;deliveryState:String;deliveryZip:String;deliveryRequestedDateStart:Date;deliveryRequestedDateStartType:String;deliveryRequestedDateEnd:Date;deliveryRequestedDateEndType:String;deliveryEstimateTimeframe:String;deliveryEstimateReason:String;customerName:String;customerEmail:String;customerEmail2:String;customerEmail3:String;customerPhone1:String;customerPhone1Notes:String;customerPhone1Type:String;customerPhone2:String;customerPhone2Notes:String;customerPhone2Type:String;customerPhone3:String;customerPhone3Notes:String;customerPhone3Type:String;enclosedTrailer:boolean;paymentOnPickup:Double;paymentOnPickupMethod:String;paymentOnDelivery:Double;paymentOnDeliveryMethod:String;totalPaymentToCarrier:Double;paymentTermBusinessDays:String;paymentTermBegins:String;distanceImperial:int;pricePerMile:Double;shipperDotNumber:String;shipperName:String;shipperLogo:String;shipperCity:String;shipperState:String;shipperZip:String;shipperAddress:String;shipperEmail:String;shipperPhone:String;shipperUserManagementId:String;shipperId:String;instructions:String;status:String;labels:String[];canBeBooked:boolean;canBeClaimed:boolean;canBeInstantlyBookedByCarrier:boolean;pickupAddressLocation:GeoPointReadDto;deliveryAddressLocation:GeoPointReadDto;firstAvailableDate:Date;mangledFirstAvailableDate:Date;exclusivityExpirationTime:Date;premiumOnly:boolean;preferredOnly:boolean;premiumExclusivityExpirationTime:Date;postedExternallyTime:Date;hasBilling:boolean;updateTime:Date;createTime:Date;trip:TripReadDto;trips:TripReadDto[];vehicles:PostingVehicleReadDto[];vehiclesCount:int;negotiations:V1NegotiationReadDto[];negotiationsCount:int;isPrivate:boolean;postedToCarriers:String[];paymentTermCalendarDays:Integer
cube	loadboard	loadboard/loadboard-dtos/src/main/java/cars/ship/cube/dtos/out/v1/V1PostingsResultDto.java	V1PostingsResultDto	dto			6	results:V1PostingReadDto[];count:long;totalCount:long;privateCount:long;filteredCount:long;polyline:String
cube	loadboard	loadboard/loadboard-dtos/src/main/java/cars/ship/cube/dtos/out/v1/V1OfferReadDto.java	V1OfferReadDto	dto			8	id:String;updateTime:Date;createTime:Date;expirationTime:Date;status:String;offer:Object;companyUserManagementId:String;companyId:String
cube	loadboard	loadboard/loadboard-dtos/src/main/java/cars/ship/cube/dtos/out/v2/CtmsOfferActivityLogReadDto.java	CtmsOfferActivityLogReadDto	dto			4	id:Long;actorUserManagementId:String;status:String;createTime:Instant
cube	loadboard	loadboard/loadboard-dtos/src/main/java/cars/ship/cube/dtos/out/v2/NegotiationReadDto.java	NegotiationReadDto	dto			18	id:String;shipperId:String;carrierId:String;carrierUserManagementId:String;shipperUserManagementId:String;lastOffer:OfferReadDto;lastOfferId:String;orderId:String;cancelReason:String;updateTime:Instant;createTime:Instant;isBookAttempt:boolean;originalPrice:String;status:String;carrierInfo:CompanyInfoReadDto;shipperInfo:CompanyInfoReadDto;offers:OfferReadDto[];negotiationState:NegotiationState
cube	loadboard	loadboard/loadboard-dtos/src/main/java/cars/ship/cube/dtos/out/v2/PostingReadDto.java	PostingReadDto	dto			83	id:String;shipperLoadId:String;pickupCity:String;pickupState:String;pickupZip:String;pickupRequestedDateStart:LocalDate;pickupRequestedDateStartType:String;pickupRequestedDateEnd:LocalDate;pickupRequestedDateEndType:String;pickupEstimateTimeframe:String;pickupEstimateReason:String;deliveryCity:String;deliveryState:String;deliveryZip:String;deliveryRequestedDateStart:LocalDate;deliveryRequestedDateStartType:String;deliveryRequestedDateEnd:LocalDate;deliveryRequestedDateEndType:String;deliveryEstimateTimeframe:String;deliveryEstimateReason:String;customerName:String;customerEmail:String;customerEmail2:String;customerEmail3:String;customerPhone1:String;customerPhone1Notes:String;customerPhone1Type:String;customerPhone2:String;customerPhone2Notes:String;customerPhone2Type:String;customerPhone3:String;customerPhone3Notes:String;customerPhone3Type:String;enclosedTrailer:boolean;paymentOnPickup:Double;paymentOnPickupMethod:String;paymentOnDelivery:Double;paymentOnDeliveryMethod:String;totalPaymentToCarrier:Double;paymentTermBusinessDays:String;paymentTermBegins:String;paymentMethod:String;distanceImperial:int;pricePerMile:Double;shipperDotNumber:String;shipperName:String;shipperLogo:String;shipperCity:String;shipperState:String;shipperZip:String;shipperAddress:String;shipperEmail:String;shipperPhone:String;shipperUserManagementId:String;shipperId:String;instructions:String;status:String;labels:String[];canBeBooked:boolean;canBeClaimed:boolean;canBeInstantlyBookedByCarrier:boolean;pickupAddressLocation:GeoPointReadDto;deliveryAddressLocation:GeoPointReadDto;firstAvailableDate:LocalDate;mangledFirstAvailableDate:LocalDate;exclusivityExpirationTime:Instant;premiumOnly:boolean;preferredOnly:boolean;premiumExclusivityExpirationTime:Instant;postedExternallyTime:Instant;hasBilling:boolean;updateTime:Instant;createTime:Instant;trip:TripReadDto;trips:TripReadDto[];vehicles:PostingVehicleReadDto[];vehiclesCount:int;negotiations:NegotiationReadDto[];negotiationsCount:int;isPrivate:boolean;postedToCarriers:String[];paymentTermCalendarDays:Integer;postingReviewActorUserManagementId:String
cube	loadboard	loadboard/loadboard-dtos/src/main/java/cars/ship/cube/dtos/out/v2/PostingsResultDto.java	PostingsResultDto	dto			6	results:PostingReadDto[];count:long;totalCount:long;privateCount:long;filteredCount:long;polyline:String
cube	loadboard	loadboard/loadboard-dtos/src/main/java/cars/ship/cube/dtos/out/v2/OfferReadDto.java	OfferReadDto	dto			12	id:String;updateTime:Instant;createTime:Instant;expirationTime:Instant;status:String;offer:Object;companyUserManagementId:String;companyId:String;reviewStatus:String;reviewActorUserManagementId:String;reviewTime:Instant;activityLog:CtmsOfferActivityLogReadDto[]
cube	loadboard	loadboard/loadboard-dtos/src/main/java/cars/ship/cube/dtos/in/QueryFilterDto.java	QueryFilterDto	dto			26	ids:String[];search:String;pickupCities:String[];pickupRanges:String[];deliveryCities:String[];deliveryRanges:String[];pickupStates:String[];deliveryStates:String[];enclosedTrailer:Boolean;operable:Boolean;vehicleTypes:Integer[];numberVehicles:Integer;maxNumberVehicles:Integer;shipWithin:Integer;totalCarrierPay:Double;pricePerMile:Double;paymentTerms:String[];alongRouteOrigin:String;alongRouteDestination:String;waypoints:String[];routeOffset:Integer;minDistance:Integer;shipperIds:String[];negotiationCarrierIds:String[];privateOnly:Boolean;maxPaymentTermDays:Integer
cube	loadboard	loadboard/loadboard-dtos/src/main/java/cars/ship/cube/dtos/in/CompanySearchDto.java	CompanySearchDto	dto			3	search:String;ids:String[];limit:Integer
cube	loadboard	loadboard/loadboard-dtos/src/main/java/cars/ship/cube/dtos/in/PostingsFilterDto.java	PostingsFilterDto	dto	QueryFilterDto		6	ordering:String;limit:Integer;offset:Integer;own:Boolean;negotiationStates:String[];labels:String[]
cube	loadboard	loadboard/loadboard-dtos/src/main/java/cars/ship/cube/dtos/in/ByIdsFilterDto.java	ByIdsFilterDto	dto			4	ids:String[];limit:Integer;offset:Integer;ordering:String[]
cube	loadboard	loadboard/loadboard-dtos/src/main/java/cars/ship/cube/dtos/in/CityRangeFilterDto.java	CityRangeFilterDto	dto			3	id:String;name:String;range:Integer
cube	loadboard	loadboard/loadboard-dtos/src/main/java/cars/ship/cube/dtos/in/BodyFilterDto.java	BodyFilterDto	dto			23	idMakeOrModel:String;trailerType:String;vehicleCondition:String;minNumberOfVehicles:Integer;maxNumberOfVehicles:Integer;shipWithin:Integer;totalCarrierPay:Double;pricePerMilePerCar:Double;paymentTerms:Integer[];vehicleAutoTypes:String[];pickupStates:Boolean[];deliveryStates:Boolean[];pickupCities:CityRangeFilterDto[];deliveryCities:CityRangeFilterDto[];routeOrigin:LocationFilterDto;routeDestination:LocationFilterDto;routeWaypoints:LocationFilterDto[];routeOffset:Integer;minDistance:Integer;ids:String[];shipperIds:String[];negotiationCarrierIds:String[];privateOnly:Boolean
cube	loadboard	loadboard/loadboard-dtos/src/main/java/cars/ship/cube/dtos/in/LocationFilterDto.java	LocationFilterDto	dto			1	location:String
cube	loadboard	loadboard/loadboard-dtos/src/main/java/cars/ship/cube/dtos/in/v1/V1PostingsFilterDto.java	V1PostingsFilterDto	dto	V1FiltersBaseDto		6	ordering:String;limit:Integer;offset:Integer;own:Boolean;negotiationStates:String[];labels:String[]
cube	loadboard	loadboard/loadboard-dtos/src/main/java/cars/ship/cube/dtos/in/v1/V1QueryFilterDto.java	V1QueryFilterDto	dto	V1FiltersBaseDto		0	
cube	loadboard	loadboard/loadboard-dtos/src/main/java/cars/ship/cube/dtos/in/v1/CityFilterDto.java	CityFilterDto	dto			2	id:String;name:String
cube	loadboard	loadboard/loadboard-dtos/src/main/java/cars/ship/cube/dtos/in/v1/V1BodyFilterDto.java	V1BodyFilterDto	dto			23	idMakeOrModel:String;trailerType:String;vehicleCondition:String;minNumberOfVehicles:Integer;maxNumberOfVehicles:Integer;shipWithin:Integer;totalCarrierPay:Double;pricePerMilePerCar:Double;paymentTerms:Integer[];vehicleAutoTypes:String[];pickupStates:Boolean[];deliveryStates:Boolean[];pickupCities:CityRangeFilterDto[];deliveryCities:CityRangeFilterDto[];routeOffset:Integer;routeWaypointCities:CityFilterDto[];routeOriginCity:CityFilterDto;routeDestinationCity:CityFilterDto;minDistance:Integer;ids:String[];shipperIds:String[];negotiationCarrierIds:String[];privateOnly:Boolean
cube	loadboard	loadboard/loadboard-client/src/main/java/cars/ship/cube/client/models/Order.java	Order	dto			2	field:String;direction:Direction
cube	loadboard	loadboard/loadboard-client/src/main/java/cars/ship/cube/client/models/ByIdsFilter.java	ByIdsFilter	dto			4	ids:String[];limit:Integer;offset:Integer;ordering:Order[]
cube	loadboard	loadboard/loadboard-client/src/main/java/cars/ship/cube/client/models/LabelDto.java	LabelDto	dto			1	labels:String[]
cube	loadboard	loadboard/loadboard-commons/src/main/java/cars/ship/cube/model/AlongRouteFilter.java	AlongRouteFilter	dto			7	origin:String;destination:String;routeOffset:Integer;waypoints:String[];offsetPolygon:Coordinates[];originCoordinates:Coordinates;destinationCoordinates:Coordinates
cube	loadboard	loadboard/loadboard-commons/src/main/java/cars/ship/cube/model/ByIdsFilter.java	ByIdsFilter	dto			4	ids:String[];limit:Integer;offset:Integer;orderBy:SortOrder[]
cube	loadboard	loadboard/loadboard-commons/src/main/java/cars/ship/cube/model/LocationFilter.java	LocationFilter	dto			3	rangeFilters:RangeFilter[];cityFilters:CityFilter[];states:String[]
cube	loadboard	loadboard/loadboard-commons/src/main/java/cars/ship/cube/model/QueryFilter.java	QueryFilter	dto	FiltersBase		0	
cube	loadboard	loadboard/loadboard-commons/src/main/java/cars/ship/cube/model/Route.java	Route	dto			2	polyline:String;coordinates:Coordinates[]
cube	loadboard	loadboard/loadboard-commons/src/main/java/cars/ship/cube/model/RangeFilter.java	RangeFilter	dto			3	range:int;location:String;coordinates:Coordinates
cube	loadboard	loadboard/loadboard-commons/src/main/java/cars/ship/cube/model/Coordinates.java	Coordinates	dto			2	lat:double;lng:double
cube	loadboard	loadboard/loadboard-commons/src/main/java/cars/ship/cube/model/CityFilter.java	CityFilter	dto			2	city:String;state:String
cube	loadboard	loadboard/loadboard-commons/src/main/java/cars/ship/cube/model/PostingsFilter.java	PostingsFilter	dto	FiltersBase		8	includeFields:String;orderBy:SortOrder[];limit:Integer;offset:Integer;own:Boolean;negotiationState:NegotiationState;labels:String[];preferredByShippers:String[]
cube	loadboard	loadboard/loadboard-commons/src/main/java/cars/ship/cube/model/AlongRouteLocationCoordinates.java	AlongRouteLocationCoordinates	dto			4	originCoordinates:Coordinates;destinationCoordinates:Coordinates;offsetPolygon:Coordinates[];polyline:String
cube	loadboard	loadboard/loadboard-commons/src/main/java/cars/ship/cube/model/Shape.java	Shape	dto			2	coordinates:double[][][];type:String
cube	loadboard	loadboard/loadboard-commons/src/main/java/cars/ship/cube/model/events/SearchPostingEvent.java	SearchPostingEvent	dto			0	
cube	loadboard	loadboard/loadboard-commons/src/main/java/cars/ship/cube/services/impl/GeoServiceImpl.java	GeoServiceImpl	dto			10	spatialRef:SpatialReference;objectMapper:ObjectMapper;geometry:Geometry;polygonJson:String;polygonGeometry:PolygonGeometry;coordinates:Coordinates[];polyline:Polyline;start:Coordinates;coordinate:Coordinates;distanceInDegrees:double
cube	core	core/core-dtos/src/main/java/ship/cars/cube/core/dtos/LoadLocationLogReadDto.java	LoadLocationLogReadDto	dto			9	id:String;loadId:String;location:GeoPointReadDto;status:String;driverId:String;carrierId:String;shipperId:String;shipperLoadId:String;createdAt:Instant
cube	core	core/core-dtos/src/main/java/ship/cars/cube/core/dtos/CoordinatesDto.java	CoordinatesDto	dto			0	
cube	core	core/core-dtos/src/main/java/ship/cars/cube/core/dtos/GeoPointReadDto.java	GeoPointReadDto	dto			2	lat:double;lon:double
cube	core	core/core-dtos/src/main/java/ship/cars/cube/core/dtos/LocationDto.java	LocationDto	dto			3	timestamp:Instant;status:LoadHistoryStatusEnum;coordinates:CoordinatesDto
cube	db-entities	db-entities/src/main/java/ship/cars/cube/UserEntity.java	UserEntity	jpa	ExternallySyncedBaseEntity	users	4	companyId:String;roles:UserRoleEnum[];primaryRole:UserRoleEnum;email:String
cube	db-entities	db-entities/src/main/java/ship/cars/cube/SavedViewsEntity.java	SavedViewsEntity	jpa	BaseEntity	saved_views	5	name:String;filter:String;columnsSetting:String;user:UserEntity;type:SavedViewType
cube	db-entities	db-entities/src/main/java/ship/cars/cube/common/ExternallySyncedBaseEntity.java	ExternallySyncedBaseEntity	other	PanacheEntityBase		4	id:String;active:boolean;createdAt:Instant;updatedAt:Instant
cube	commons	commons/src/main/java/cars/ship/cube/commons/dto/PageableDto.java	PageableDto	dto			3	size:int;page:int;sort:String
cube	commons	commons/src/main/java/cars/ship/cube/commons/model/FieldSortOrder.java	FieldSortOrder	dto			2	field:String;direction:Direction
cube	commons	commons/src/main/java/cars/ship/cube/commons/model/UserAppContext.java	UserAppContext	dto			2	id:String;roles:UserRoleEnum[]
cube	commons	commons/src/main/java/cars/ship/cube/commons/services/impl/RedisCacheServiceImpl.java	RedisCacheServiceImpl	dto			2	redisClient:RedisAPI;objectMapper:ObjectMapper
cube	db-sync	db-sync/src/main/java/ship/cars/cube/models/UserSyncDto.java	UserSyncDto	dto			8	id:String;companyId:String;email:String;userRolesJson:String;primaryRole:UserRoleEnum;active:boolean;createdAt:Instant;lastModified:Instant
cube	loadmate	loadmate/lm-dtos/src/main/java/cars/ship/cube/dtos/ContactSearchDto.java	ContactSearchDto	dto	PageableDto		1	search:String
cube	loadmate	loadmate/lm-dtos/src/main/java/cars/ship/cube/dtos/DashboardLoadFilterDto.java	DashboardLoadFilterDto	dto	PageableDto		8	loadsPosted:boolean;loadsNeedAttention:boolean;pickedUpToday:boolean;scheduledToBePickedUpToday:boolean;deliveredToday:boolean;scheduledToBeDeliveredToday:boolean;delayedPickups:boolean;delayedDeliveries:boolean
cube	loadmate	loadmate/lm-dtos/src/main/java/cars/ship/cube/dtos/LoadLegSearchDto.java	LoadLegSearchDto	dto	PageableDto		22	status:String;idOrShipperLoadId:String;loadTypes:String;statusGroups:String;vin:String;makeAndModel:String;vehicleSearch:String;pickupZipCode:String;pickupCity:String;pickupState:String;deliveryZipCode:String;deliveryCity:String;deliveryState:String;companyName:String;customerFreeTextField:String;carrierFreeTextField:String;bookingAgentFreeTextField:String;driveawayDriverIds:String;pickupStartDate:LocalDate;pickupEndDate:LocalDate;deliveryStartDate:LocalDate;deliveryEndDate:LocalDate
cube	loadmate	loadmate/lm-services/src/main/java/cars/ship/cube/model/ContactFilter.java	ContactFilter	dto			3	companyId:String;contactId:String;search:String
cube	loadmate	loadmate/lm-services/src/main/java/cars/ship/cube/model/LoadLegFilter.java	LoadLegFilter	dto			40	statuses:LoadLegStatusEnum[];loadType:LoadTypeEnum[];companyIds:String[];driveawayDriverIds:String[];loadLegId:String;vin:String;makeAndModel:String;vehicleSearch:String;pickupZipCode:String;pickupCity:String;pickupState:String;deliveryZipCode:String;deliveryCity:String;deliveryState:String;customerFreeTextField:String;carrierFreeTextField:String;bookingAgentFreeTextField:String;companyName:String;pickupRequestedStartDate:LocalDate;pickupRequestedEndDate:LocalDate;pickupEstimatedStartDate:LocalDate;pickupEstimatedEndDate:LocalDate;pickupActualStartDate:LocalDate;pickupActualEndDate:LocalDate;pickupActualDate:LocalDate;deliveryRequestedStartDate:LocalDate;deliveryRequestedEndDate:LocalDate;deliveryEstimatedStartDate:LocalDate;deliveryEstimatedEndDate:LocalDate;deliveryActualStartDate:LocalDate;deliveryActualEndDate:LocalDate;deliveryActualDate:LocalDate;loadsPosted:boolean;loadsNeedAttention:boolean;pickedUpToday:boolean;scheduledToBePickedUpToday:boolean;deliveredToday:boolean;scheduledToBeDeliveredToday:boolean;delayedPickups:boolean;delayedDeliveries:boolean
cube	loadmate	loadmate/lm-services/src/main/java/cars/ship/cube/model/es/Pageable.java	Pageable	dto			3	size:int;page:int;sort:String
cube	ctms-orders	ctms-orders/ctms-orders-dtos/src/main/java/cars/ship/cube/ctms/orders/dtos/out/OrdersRowGroupingResultDto.java	OrdersRowGroupingResultDto	dto			5	groupsCount:Integer;groups:OrdersRowGroupDto[];limit:Integer;offset:Integer;aggregations:AggregationResultDto[]
cube	ctms-orders	ctms-orders/ctms-orders-dtos/src/main/java/cars/ship/cube/ctms/orders/dtos/out/M22DamageDto.java	M22DamageDto	dto			0	
cube	ctms-orders	ctms-orders/ctms-orders-dtos/src/main/java/cars/ship/cube/ctms/orders/dtos/out/SpecificationDto.java	SpecificationDto	dto			2	max:double;min:double
cube	ctms-orders	ctms-orders/ctms-orders-dtos/src/main/java/cars/ship/cube/ctms/orders/dtos/out/InspectionConfigurationDto.java	InspectionConfigurationDto	dto			4	level:Integer;roofPhoto:Boolean;odometerPhoto:Boolean;customPhotos:Object[]
cube	ctms-orders	ctms-orders/ctms-orders-dtos/src/main/java/cars/ship/cube/ctms/orders/dtos/out/CtmsCustomFieldsDocumentDto.java	CtmsCustomFieldsDocumentDto	dto			6	id:String;key:String;value:String;createdAt:Instant;lastModified:Instant;restrictionId:String
cube	ctms-orders	ctms-orders/ctms-orders-dtos/src/main/java/cars/ship/cube/ctms/orders/dtos/out/SpecificationsDto.java	SpecificationsDto	dto			4	weight:SpecificationDto;length:SpecificationDto;height:SpecificationDto;width:SpecificationDto
cube	ctms-orders	ctms-orders/ctms-orders-dtos/src/main/java/cars/ship/cube/ctms/orders/dtos/out/TripDto.java	TripDto	dto			3	id:String;carrierUserManagementId:String;name:String
cube	ctms-orders	ctms-orders/ctms-orders-dtos/src/main/java/cars/ship/cube/ctms/orders/dtos/out/OrderListDto.java	OrderListDto	dto	OrderBaseDto		0	
cube	ctms-orders	ctms-orders/ctms-orders-dtos/src/main/java/cars/ship/cube/ctms/orders/dtos/out/ExtraObjectDto.java	ExtraObjectDto	dto			11	pk:String;objectType:String;userManagementId:String;recipientsList:String[];initialRecipients:String[];recipient:String;createTime:Instant;status:String;externalId:String;revisionNumber:Integer;shipperLoadId:String
cube	ctms-orders	ctms-orders/ctms-orders-dtos/src/main/java/cars/ship/cube/ctms/orders/dtos/out/ImageDto.java	ImageDto	dto			2	thumbnail:String;fullSize:String
cube	ctms-orders	ctms-orders/ctms-orders-dtos/src/main/java/cars/ship/cube/ctms/orders/dtos/out/OrdersRowGroupDto.java	OrdersRowGroupDto	dto			5	count:Long;key:String;value:String;results:OrderListDto[];aggregations:AggregationResultDto[]
cube	ctms-orders	ctms-orders/ctms-orders-dtos/src/main/java/cars/ship/cube/ctms/orders/dtos/out/ActivityLogDto.java	ActivityLogDto	dto			13	actorId:String;loadId:String;orderId:String;shipperId:String;brokerId:String;carrierId:String;actorCompanyId:String;timestamp:Instant;comment:String;extraObject:ExtraObjectDto;eventTypeCategory:String;eventType:String;id:String
cube	ctms-orders	ctms-orders/ctms-orders-dtos/src/main/java/cars/ship/cube/ctms/orders/dtos/out/VehicleListDto.java	VehicleListDto	dto	VehicleBaseDto		0	
cube	ctms-orders	ctms-orders/ctms-orders-dtos/src/main/java/cars/ship/cube/ctms/orders/dtos/out/AttachmentDto.java	AttachmentDto	dto			28	vehicleId:String;creatorId:String;orderId:String;loadId:String;description:String;area:String;timezone:String;timestamp:Instant;createTime:Instant;comments:String;locationAddress:String;location:GeoPointDto;shareWithShipper:Boolean;shareWithDriver:Boolean;active:Boolean;width:String;height:String;originalFile:String;type:String;isSharedWithShipper:Boolean;creatorCompanyId:String;convertedTimestamp:String;segment:String;damages:DamageEntryDto[];image:ImageDto;file:String;id:String;driverOnly:Boolean
cube	ctms-orders	ctms-orders/ctms-orders-dtos/src/main/java/cars/ship/cube/ctms/orders/dtos/out/VehicleDto.java	VehicleDto	dto	VehicleBaseDto		1	attachments:AttachmentDto[]
cube	ctms-orders	ctms-orders/ctms-orders-dtos/src/main/java/cars/ship/cube/ctms/orders/dtos/out/EtaStatusCountsDto.java	EtaStatusCountsDto	dto			0	
cube	ctms-orders	ctms-orders/ctms-orders-dtos/src/main/java/cars/ship/cube/ctms/orders/dtos/out/OrdersCountResultDto.java	OrdersCountResultDto	dto			8	newOrders:OrdersCountDto;accepted:OrdersCountDto;assigned:OrdersCountDto;delivered:OrdersCountDto;pickedUp:OrdersCountDto;dryRun:OrdersCountDto;archived:OrdersCountDto;paid:OrdersCountDto
cube	ctms-orders	ctms-orders/ctms-orders-dtos/src/main/java/cars/ship/cube/ctms/orders/dtos/out/OrderDetailsDto.java	OrderDetailsDto	dto	OrderBaseDto		4	activityLog:ActivityLogDto[];attachments:AttachmentDto[];termsAndConditions:String;subOrders:OrderDetailsDto[]
cube	ctms-orders	ctms-orders/ctms-orders-dtos/src/main/java/cars/ship/cube/ctms/orders/dtos/out/OrdersResultDto.java	OrdersResultDto	dto			3	count:long;results:OrderListDto[];aggregations:AggregationResultDto[]
cube	ctms-orders	ctms-orders/ctms-orders-dtos/src/main/java/cars/ship/cube/ctms/orders/dtos/out/OrdersCountDto.java	OrdersCountDto	dto			4	driverExpiring:long;expiring:long;revised:long;total:long
cube	ctms-orders	ctms-orders/ctms-orders-dtos/src/main/java/cars/ship/cube/ctms/orders/dtos/out/DamageEntryDto.java	DamageEntryDto	dto			6	id:String;type:String;segment:String;timestamp:Instant;location:GeoPointDto;attachmentId:String
cube	ctms-orders	ctms-orders/ctms-orders-dtos/src/main/java/cars/ship/cube/ctms/orders/dtos/out/GeoPointDto.java	GeoPointDto	dto			2	lat:double;lon:double
cube	ctms-orders	ctms-orders/ctms-orders-dtos/src/main/java/cars/ship/cube/ctms/orders/dtos/out/SavedViewsResultDto.java	SavedViewsResultDto	dto			0	
cube	ctms-orders	ctms-orders/ctms-orders-dtos/src/main/java/cars/ship/cube/ctms/orders/dtos/out/AggregationResultDto.java	AggregationResultDto	dto			0	
cube	ctms-orders	ctms-orders/ctms-orders-dtos/src/main/java/cars/ship/cube/ctms/orders/dtos/out/SavedViewDto.java	SavedViewDto	dto			0	
cube	ctms-orders	ctms-orders/ctms-orders-dtos/src/main/java/cars/ship/cube/ctms/orders/dtos/out/OrderDetailsBasicDto.java	OrderDetailsBasicDto	dto			0	
cube	ctms-orders	ctms-orders/ctms-orders-dtos/src/main/java/cars/ship/cube/ctms/orders/dtos/in/GroupPaginationDto.java	GroupPaginationDto	dto			2	key:String;size:Integer
cube	ctms-orders	ctms-orders/ctms-orders-dtos/src/main/java/cars/ship/cube/ctms/orders/dtos/in/OrdersQueryFilterDto.java	OrdersQueryFilterDto	dto			28	ordering:String[];limit:Integer;offset:Integer;ids:String[];statuses:String[];shipperLoadId:String;makeModel:String;vin:String;drivers:String[];dispatchers:String[];pickupContractDateStart:LocalDate;pickupContractDateEnd:LocalDate;pickupCity:String;pickupState:String;pickupZip:String;pickupDate:LocalDate;deliveryContractDateStart:LocalDate;deliveryContractDateEnd:LocalDate;deliveryCity:String;deliveryState:String;deliveryZip:String;deliveryDate:LocalDate;customerName:String;virtualTripName:String;tripId:String;estimateDateStatuses:String[];archived:Boolean;resolution:String
cube	ctms-orders	ctms-orders/ctms-orders-dtos/src/main/java/cars/ship/cube/ctms/orders/dtos/in/AggregationRequestDto.java	AggregationRequestDto	dto			0	
cube	ctms-orders	ctms-orders/ctms-orders-dtos/src/main/java/cars/ship/cube/ctms/orders/dtos/in/BooleanColumnFilterDto.java	BooleanColumnFilterDto	dto	ColumnFilter		0	
cube	ctms-orders	ctms-orders/ctms-orders-dtos/src/main/java/cars/ship/cube/ctms/orders/dtos/in/OrdersRowGroupingRequestDto.java	OrdersRowGroupingRequestDto	dto	OrdersBodyFilterDto		1	groupBy:OrdersGroupByDto
cube	ctms-orders	ctms-orders/ctms-orders-dtos/src/main/java/cars/ship/cube/ctms/orders/dtos/in/SavedViewRequestDto.java	SavedViewRequestDto	dto			0	
cube	ctms-orders	ctms-orders/ctms-orders-dtos/src/main/java/cars/ship/cube/ctms/orders/dtos/in/DateColumnFilterDto.java	DateColumnFilterDto	dto	ColumnFilter		0	
cube	ctms-orders	ctms-orders/ctms-orders-dtos/src/main/java/cars/ship/cube/ctms/orders/dtos/in/OrdersGroupByDto.java	OrdersGroupByDto	dto			4	fields:String[];limit:Integer;groups:GroupPaginationDto[];ordering:String[]
cube	ctms-orders	ctms-orders/ctms-orders-dtos/src/main/java/cars/ship/cube/ctms/orders/dtos/in/NumericColumnFilterDto.java	NumericColumnFilterDto	dto	ColumnFilter		0	
cube	ctms-orders	ctms-orders/ctms-orders-dtos/src/main/java/cars/ship/cube/ctms/orders/dtos/in/ColumnFilter.java	ColumnFilter	dto			3	field:String;operator:O;values:V[]
cube	ctms-orders	ctms-orders/ctms-orders-dtos/src/main/java/cars/ship/cube/ctms/orders/dtos/in/StringColumnFilterDto.java	StringColumnFilterDto	dto	ColumnFilter		0	
cube	ctms-orders	ctms-orders/ctms-orders-dtos/src/main/java/cars/ship/cube/ctms/orders/dtos/in/OrdersBodyFilterDto.java	OrdersBodyFilterDto	dto			12	ordering:String[];limit:Integer;offset:Integer;ids:String[];statuses:String[];archived:Boolean;paid:Boolean;estimateDateStatuses:String[];quickFilter:String;columnFilters:ColumnFilter<?, ?>[];columnFiltersLogicOperator:LogicOperator;aggregations:AggregationRequestDto[]
cube	ctms-orders	ctms-orders/ctms-orders-services/src/main/java/cars/ship/cube/ctms/orders/model/OrdersFilter.java	OrdersFilter	dto			16	ids:StringFilter[];statuses:StringFilter[];archived:Boolean;paid:Boolean;makeModel:String;pickupContractDateStart:LocalDate;pickupContractDateEnd:LocalDate;pickupContractDate:LocalDate;deliveryContractDateStart:LocalDate;deliveryContractDateEnd:LocalDate;deliveryContractDate:LocalDate;estimateDateStatuses:StringFilter[];quickFilter:String;columnFilters:ColumnFilters;columnFiltersLogicOperator:LogicOperator;driverId:String
cube	ctms-orders	ctms-orders/ctms-orders-services/src/main/java/cars/ship/cube/ctms/orders/model/StringFilter.java	StringFilter	dto			2	operator:StringOperator;values:String[]
cube	ctms-orders	ctms-orders/ctms-orders-services/src/main/java/cars/ship/cube/ctms/orders/model/ColumnFilters.java	ColumnFilters	dto			41	status:StringFilter[];idSearch:StringFilter[];pickupState:StringFilter[];deliveryState:StringFilter[];origin:StringFilter[];destination:StringFilter[];customerName:StringFilter[];customerDisplayName:StringFilter[];driverName:StringFilter[];driverId:StringFilter[];paymentMethod:StringFilter[];dispatchers:StringFilter[];pickupCity:StringFilter[];pickupZip:StringFilter[];deliveryCity:StringFilter[];deliveryZip:StringFilter[];tripId:StringFilter[];virtualTripName:StringFilter[];resolution:StringFilter[];totalPaymentToCarrier:NumericFilter[];payables:NumericFilter[];receivables:NumericFilter[];paymentContractTerms:NumericFilter[];paymentType:StringFilter[];vehicleType:StringFilter[];vehicleVin:StringFilter[];vehicleDisplayName:StringFilter[];vehicleInoperable:Boolean;enclosedTrailer:Boolean;paid:Boolean;pickupEstimateDate:DateFilter[];deliveryEstimateDate:DateFilter[];pickupDate:DateFilter[];deliveryDate:DateFilter[];pickupContractDate:DateFilter[];deliveryContractDate:DateFilter[];paymentDueDate:DateFilter[];acceptTime:DateFilter[];shipperLoadId:StringFilter[];internalLoadId:StringFilter[];customFieldFilters:CustomFieldFilter[]
cube	ctms-orders	ctms-orders/ctms-orders-services/src/main/java/cars/ship/cube/ctms/orders/model/SavedViewTemplate.java	SavedViewTemplate	dto			4	name:String;type:SavedViewType;filter:JsonNode;columnsSetting:JsonNode
cube	ctms-orders	ctms-orders/ctms-orders-services/src/main/java/cars/ship/cube/ctms/orders/model/OrdersSearchCriteria.java	OrdersSearchCriteria	dto			0	
cube	ctms-orders	ctms-orders/ctms-orders-services/src/main/java/cars/ship/cube/ctms/orders/model/OrdersRowGroupingQuery.java	OrdersRowGroupingQuery	dto			0	
cube	ctms-orders	ctms-orders/ctms-orders-services/src/main/java/cars/ship/cube/ctms/orders/model/NumericFilter.java	NumericFilter	dto			2	operator:NumericOperator;values:BigDecimal[]
cube	ctms-orders	ctms-orders/ctms-orders-services/src/main/java/cars/ship/cube/ctms/orders/model/DateFilter.java	DateFilter	dto			2	operator:DateOperator;values:LocalDate[]
cube	ctms-orders	ctms-orders/ctms-orders-services/src/main/java/cars/ship/cube/ctms/orders/model/SavedView.java	SavedView	dto			8	publicId:String;createdAt:Instant;updatedAt:Instant;name:String;filter:String;columnsSetting:String;userId:String;type:SavedViewType
cube	ctms-orders	ctms-orders/ctms-orders-services/src/main/java/cars/ship/cube/ctms/orders/model/CustomFieldFilter.java	CustomFieldFilter	dto			2	restrictionId:String;filter:StringFilter
cube	ctms-orders	ctms-orders/ctms-orders-services/src/main/java/cars/ship/cube/ctms/orders/model/VehicleOperableSortOrder.java	VehicleOperableSortOrder	dto			3	field:String;direction:Direction;reversedOrder:co.elastic.clients.elasticsearch._types.SortOrder
cube	ctms-orders	ctms-orders/ctms-orders-services/src/main/java/cars/ship/cube/ctms/orders/model/GridMonetizationRestriction.java	GridMonetizationRestriction	dto			0	
dataone	api-dtos	api-dtos/src/main/java/cars/ship/dataone/dtos/ImportSessionSummaryDto.java	ImportSessionSummaryDto	dto			0	
dataone	api-dtos	api-dtos/src/main/java/cars/ship/dataone/dtos/VehiclePriceDto.java	VehiclePriceDto	dto			6	vehiclePriceId:int;msrp:int;invoice:int;dest:int;gasGuzzlerTax:int;vehicle:int
dataone	api-dtos	api-dtos/src/main/java/cars/ship/dataone/dtos/VehicleYearDto.java	VehicleYearDto	dto			1	year:int
dataone	api-dtos	api-dtos/src/main/java/cars/ship/dataone/dtos/VehicleDto.java	VehicleDto	dto			15	vehicleId:String;type:String;model:String;originalModel:String;year:short;make:String;vehicleType:String;rearAxle:String;bodyType:String;bodySubtype:String;approxBedLength:String;image:String;fuelTypes:String[];specifications:Object[];msrp:int
dataone	api-dtos	api-dtos/src/main/java/cars/ship/dataone/dtos/VehicleFullDto.java	VehicleFullDto	dto			40	vehicleId:int;image:String;price:VehiclePriceDto;specifications:Object[];vinPattern:String;year:short;make:String;model:String;trim:String;style:String;mfrModelNum:String;mfrPackageCode:String;doors:short;driveType:String;vehicleType:String;rearAxle:String;bodyType:String;bodySubtype:String;bedLength:String;engineId:int;engineName:String;engineSize:float;engineBlock:String;engineCylinders:short;engineValves:short;engineInduction:String;engineAspiration:String;engineCamType:String;fuelType:String;transId:int;transName:String;transType:String;transSpeeds:short;wheelbase:float;grossVehicleWeightRange:String;restraintType:String;brakeSystem:String;countryOfMfr:String;plant:String;msrp:int
dataone	api-dtos	api-dtos/src/main/java/cars/ship/dataone/dtos/ModelDto.java	ModelDto	dto			10	vehicleId:String;type:String;year:short;make:String;model:String;originalModel:String;fuelTypes:String[];msrp:int;vehicleType:String;bodyType:String
dataone	api-dtos	api-dtos/src/main/java/cars/ship/dataone/dtos/ImportStatisticsDashboardDto.java	ImportStatisticsDashboardDto	dto			0	
dataone	api-dtos	api-dtos/src/main/java/cars/ship/dataone/dtos/MakeDto.java	MakeDto	dto			1	make:String
dataone	api-dtos	api-dtos/src/main/java/cars/ship/dataone/dtos/PagedResponseDto.java	PagedResponseDto	dto			0	
dataone	api-dtos	api-dtos/src/main/java/cars/ship/dataone/dtos/TableStatisticsDto.java	TableStatisticsDto	dto			0	
dataone	db-entities	db-entities/src/main/java/cars/ship/dataone/entities/MakeEntity.java	MakeEntity	jpa		make	17	vehicleId:String;year:short;make:String;model:String;mangled:boolean;longBed:boolean;mangledModel:String;bedLengths:int;vehicleType:String;rearAxle:String;bodyType:String;bodySubtype:String;approxBedLength:double;image:String;fuelTypes:String[];specifications:java.util.Map<String, Object>;msrp:int
dataone	db-entities	db-entities/src/main/java/cars/ship/dataone/entities/VinLookupEntity.java	VinLookupEntity	jpa		vin_lookup	43	vinPattern:String;vehicleId:int;year:short;make:String;model:String;trim:String;style:String;mfrModelNum:String;mfrPackageCode:String;doors:short;driveType:String;vehicleType:String;rearAxle:String;bodyType:String;bodySubtype:String;bedLength:float;engineId:int;engineName:String;engineSize:float;engineBlock:String;engineCylinders:short;engineValves:short;engineInduction:String;engineAspiration:String;engineCamType:String;fuelType:String;transId:int;transName:String;transType:String;transSpeeds:short;wheelbase:float;grossVehicleWeightRange:String;restraintType:String;brakeSystem:String;countryOfMfr:String;plant:String;imagePath:String;vehiclePriceId:int;msrp:int;invoice:int;dest:int;gasGuzzlerTax:int;specifications:Object[]
dataone	db-entities	db-entities/src/main/java/cars/ship/dataone/entities/PowerSportsModelEntity.java	PowerSportsModelEntity	other			20	psVinId:Integer;vinPattern:String;vehicleType:String;year:Short;make:String;model:String;trim:String;countryOfMfr:String;abs:String;aspiration:String;blockType:String;bodyType:String;cylinders:Integer;displacement:Integer;fuelType:String[];market:String;modelNumber:String;msrp:BigDecimal;powerCycle:String;evBatteryCapacity:BigDecimal
dataone	db-entities	db-entities/src/main/java/cars/ship/dataone/entities/TruckModelEntity.java	TruckModelEntity	other			8	vehicleId:Integer;year:Integer;make:String;model:String;vehicleType:String;bodyType:String;bodySubtype:String;fuelTypes:String[]
dataone	db-entities	db-entities/src/main/java/cars/ship/dataone/entities/ImportStatisticsEntity.java	ImportStatisticsEntity	jpa	PanacheEntityBase	import_statistics	11	id:Long;importSessionId:UUID;importTimestamp:Instant;csvFileName:String;tableName:String;recordsInserted:Integer;recordsDeleted:Integer;importDurationMs:Integer;status:String;errorMessage:String;createdAt:Instant
dataone	resources	resources/src/main/java/cars/ship/dataone/rest/VehicleController.java	VehicleController	dto			3	service:DataOneService;start:long;result:VehicleFullDto
dataone	resources	resources/src/main/java/cars/ship/dataone/rest/MotorcycleController.java	MotorcycleController	dto			1	service:DataOneService
dataone	services	services/src/main/java/cars/ship/dataone/app/services/impl/SqlClientServiceImpl.java	SqlClientServiceImpl	dto			11	dataSource:AgroalDataSource;objectMapper:ObjectMapper;sql:String;results:T[];statement:PreparedStatement;resultSet:ResultSet;metaData:var;columnName:String;value:Object;array:Object[];arrayNode:var
dataone	services	services/src/main/java/cars/ship/dataone/app/services/impl/DataOneServiceImpl.java	DataOneServiceImpl	dto			84	sqlClientService:SqlClientService;redisClientService:RedisClientService;vehicleConverter:VehicleConverter;vehicleYearConverter:VehicleYearConverter;makeConverter:MakeConverter;modelConverter:ModelConverter;vinConverter:VinConverter;vehicleQueryService:VehicleQueryService;truckQueryService:TruckQueryService;truckModelConverter:TruckModelConverter;powersportsQueryService:PowerSportsQueryService;powersportsConverter:PowerSportsConverter;powersportsVehicleConverter:PowerSportsVehicleConverter;truckVehicleConverter:TruckVehicleConverter;makeA:String;makeB:String;modelA:String;modelB:String;typeA:String;typeB:String;vehicleIdA:String;vehicleIdB:String;key:StringBuilder;key:StringBuilder;vinPattern:String;cacheKey:String;cached:VehicleFullDto;entities:VinLookupEntity[];items:VehicleFullDto[];result:VehicleFullDto;query:AttachableQueryPart;entities:MakeEntity[];cacheKey:String;cacheKeyExtended:String;result:VehicleDto[];cacheKey:String;cacheKey:String;cacheKey:String;cacheKeyExtended:String;applyModelDuplicateRemoval:boolean;result:ModelDto[];year:String;cacheKey:String;vinPattern:String;cacheKey:String;cached:VehicleFullDto;entities:VinLookupEntity[];items:VehicleFullDto[];result:VehicleFullDto;cacheKey:String;cacheKeyExtended:String;applyModelDuplicateRemoval:boolean;result:ModelDto[];cacheKey:String;cacheKeyExtended:String;result:VehicleDto[];cacheKey:String;year:String;cacheKey:String;vinPattern:String;cacheKey:String;cached:VehicleFullDto;entities:VinLookupEntity[];items:VehicleFullDto[];result:VehicleFullDto;cacheKey:String;applyModelDuplicateRemoval:boolean;result:ModelDto[];cacheKey:String;result:VehicleYearDto[];result:MakeDto[];result:ModelDto[];result:VehicleDto[];query:AttachableQueryPart;entities:PowerSportsModelEntity[];query:AttachableQueryPart;entities:TruckModelEntity[];modelUniqueKeys:String[];distinctModels:ModelDto[];modelKey:String;cached:T[];entities:E[];items:T[];result:T[]
dataone	services	services/src/main/java/cars/ship/dataone/app/services/impl/YearFilterSpec.java	YearFilterSpec	dto			4	filter:YearFilterSpecEnum;year:short;yearStart:short;yearEnd:short
dataone	services	services/src/main/java/cars/ship/dataone/app/services/impl/RedisClientServiceImpl.java	RedisClientServiceImpl	dto			8	ds:RedisDataSource;objectMapper:ObjectMapper;dataOneConfig:DataOneConfig;redisKey:String;valueCommands:ValueCommands<String, T>;redisKey:String;value:ValueCommands<String, T>;setArgs:SetArgs
driveaway-backend	api-services	api-services/src/main/java/cars/ship/driveaway/application/drivers/impl/util/MediaProxyUtil.java	MediaProxyUtil	dto			8	mediaProxyClient:MediaProxy;mediaProxyTtl:Duration;url:String;mediaProxyUrlMapping:String[];attachmentUrls:String[];loadInfo:LoadInfo;url:String;url:String
driveaway-backend	api-services	api-services/src/main/java/cars/ship/driveaway/application/notification/impl/NotificationService.java	NotificationService	dto			39	notificationRepository:NotificationRepository;loadInfoRepository:LoadInfoRepository;handlers:EventHandler[];metadataClient:MetadataClient;dateTimeFetcherService:DateTimeFetcherService;defaultNotificationTimeZone:String;defaultNotificationRange:String;workingHoursTimezone:WorkingHours;unprocessedNotifications:Notification[];stopWatch:StopWatch;messagesProcessed:int[];failedMessages:int[];toBeSkipped:Notification[];onlyLatestNotificationsIds:String[];finishedProcessingNotifications:Notification[];notificationsPerLoadId:Notification[][];notifications:Notification[];latestLoadStateByLoadId:DriveawayLoadStateEnum;hasDefault:boolean;toBeSkipped:Notification[];workingHoursAndTimezone:WorkingHours;minutesToAdd:long;executeAt:Instant;now:ZonedDateTime;nowInCentral:ZonedDateTime;zoneId:ZoneId;nowInZone:ZonedDateTime;parts:String[];startTime:LocalTime;overnight:boolean;today:LocalDate;startDateTime:LocalDateTime;nowDateTime:LocalDateTime;minutesToAdd:long;nextStartDateTime:LocalDateTime;formatter:DateTimeFormatter;workingHoursMetadata:MetadataDto[];workingHoursRange:String;timezone:String
driveaway-backend	api-dtos	api-dtos/src/main/java/cars/ship/driveaway/dtos/drivers/DriveawayDriverDto.java	DriveawayDriverDto	dto			13	id:String;name:String;companyName:String;address:String;city:String;state:String;zip:String;email:String;phone:String;phoneNotes:String;notes:String;active:boolean;enforceTermsAndConditions:boolean
driveaway-backend	api-dtos	api-dtos/src/main/java/cars/ship/driveaway/dtos/decoding/VehicleDto.java	VehicleDto	dto			0	
driveaway-backend	api-dtos	api-dtos/src/main/java/cars/ship/driveaway/dtos/loadinfo/MinimalContactState.java	MinimalContactState	dto			0	
driveaway-backend	api-dtos	api-dtos/src/main/java/cars/ship/driveaway/dtos/loadinfo/LocationWithCoordinatesState.java	LocationWithCoordinatesState	dto	LocationState		2	longitude:String;latitude:String
driveaway-backend	api-dtos	api-dtos/src/main/java/cars/ship/driveaway/dtos/loadinfo/UserAccountState.java	UserAccountState	dto			4	name:String;email:String;companyName:String;termsAndConditions:String
driveaway-backend	api-dtos	api-dtos/src/main/java/cars/ship/driveaway/dtos/loadinfo/LoadStatusState.java	LoadStatusState	dto			3	status:LoadLegStatusEnum;state:LoadLegStatusStateEnum;displayValue:String
driveaway-backend	api-dtos	api-dtos/src/main/java/cars/ship/driveaway/dtos/loadinfo/DriveawayDriverInfo.java	DriveawayDriverInfo	dto			5	name:String;email:String;companyName:String;phone:String;enforceTermsAndConditions:boolean
driveaway-backend	api-dtos	api-dtos/src/main/java/cars/ship/driveaway/dtos/loadinfo/LocationState.java	LocationState	dto			6	id:String;city:String;state:String;street:String;zipCode:String;locationId:String
driveaway-backend	api-dtos	api-dtos/src/main/java/cars/ship/driveaway/dtos/loadinfo/RouteState.java	RouteState	dto			9	id:String;pickupRequestedDateDetail:DateDetailState;pickupContractualDateDetail:DateDetailState;pickupActualDate:LocalDate;deliveryRequestedDateDetail:DateDetailState;deliveryContractualDateDetail:DateDetailState;deliveryActualDate:LocalDate;deliveryLocation:LocationWithCoordinatesState;pickupLocation:LocationWithCoordinatesState
driveaway-backend	api-dtos	api-dtos/src/main/java/cars/ship/driveaway/dtos/loadinfo/MinimalVehicleState.java	MinimalVehicleState	dto			0	
driveaway-backend	api-dtos	api-dtos/src/main/java/cars/ship/driveaway/dtos/loadinfo/MinimalLoadInfo.java	MinimalLoadInfo	dto			0	
driveaway-backend	api-dtos	api-dtos/src/main/java/cars/ship/driveaway/dtos/loadinfo/FingerprintDto.java	FingerprintDto	dto			0	
driveaway-backend	api-dtos	api-dtos/src/main/java/cars/ship/driveaway/dtos/loadinfo/DateDetailState.java	DateDetailState	dto			4	id:String;estimatedEndDate:LocalDate;estimatedStartDate:LocalDate;restriction:DateRestrictionEnum
driveaway-backend	api-dtos	api-dtos/src/main/java/cars/ship/driveaway/dtos/loadinfo/MinimalLocationState.java	MinimalLocationState	dto			0	
driveaway-backend	api-dtos	api-dtos/src/main/java/cars/ship/driveaway/dtos/loadinfo/LoadState.java	LoadState	dto			4	id:String;dispatchInstructions:String;postDispatchInstructions:String;dontAlertDriveawayDriver:boolean
driveaway-backend	api-dtos	api-dtos/src/main/java/cars/ship/driveaway/dtos/loadinfo/AttachmentState.java	AttachmentState	dto			5	id:String;fileUrl:String;originalFileName:String;creatorType:AttachmentCreatorTypeEnum;attachmentType:AttachmentTypeEnum
driveaway-backend	api-dtos	api-dtos/src/main/java/cars/ship/driveaway/dtos/loadinfo/MinimalShippingItemState.java	MinimalShippingItemState	dto			0	
driveaway-backend	api-dtos	api-dtos/src/main/java/cars/ship/driveaway/dtos/loadinfo/ContactState.java	ContactState	dto			12	id:String;companyName:String;email:String;name:String;primaryPhone:String;primaryPhoneNotes:String;secondaryPhone:String;secondaryPhoneNotes:String;thirdPhone:String;thirdPhoneNotes:String;workingHours:String;location:LocationState
driveaway-backend	api-dtos	api-dtos/src/main/java/cars/ship/driveaway/dtos/loadinfo/LoadInfo.java	LoadInfo	dto			11	id:String;statuses:LoadStatusState[];shipperLoadId:String;load:LoadState;shippingItems:ShippingItemState[];payments:PaymentState[];carrierPayInCents:long;contract:ContractState;driveaway:DriveawayDriverInfo;attachments:AttachmentState[];type:LoadInfoTypeEnum
driveaway-backend	api-dtos	api-dtos/src/main/java/cars/ship/driveaway/dtos/loadinfo/ContractState.java	ContractState	dto			3	id:String;shipper:ContactState;user:UserAccountState
driveaway-backend	api-dtos	api-dtos/src/main/java/cars/ship/driveaway/dtos/loadinfo/PaymentState.java	PaymentState	dto			8	id:String;carrierPayInCents:long;notes:String;paymentType:PaymentTypeEnum;paymentTransactionType:PaymentTransactionTypeEnum;paymentMethod:PaymentMethodEnum;paymentTermsBeginType:PaymentTermsBeginTypeEnum;paymentTermsType:PaymentTermsTypeEnum
driveaway-backend	api-dtos	api-dtos/src/main/java/cars/ship/driveaway/dtos/loadinfo/VehicleState.java	VehicleState	dto			20	id:String;vin:String;year:Integer;make:String;model:String;customInformation:String;operableType:OperableTypeEnum;bodyType:String;driveType:String;buyerNumber:String;color:String;lotNumber:String;stockNumber:String;length:String;height:String;width:String;weight:String;logo:String;inventoryUnitId:String;lbExternalId:String
driveaway-backend	api-dtos	api-dtos/src/main/java/cars/ship/driveaway/dtos/loadinfo/PublicLoadDto.java	PublicLoadDto	dto			6	type:LoadTypeEnum;loadLeg:LoadData;expirationTime:Instant;createdAt:Instant;loadId:String;state:DriveawayLoadStateEnum
driveaway-backend	api-dtos	api-dtos/src/main/java/cars/ship/driveaway/dtos/loadinfo/MinimalLoadState.java	MinimalLoadState	dto			0	
driveaway-backend	api-dtos	api-dtos/src/main/java/cars/ship/driveaway/dtos/loadinfo/ShippingItemState.java	ShippingItemState	dto			10	id:String;vehicle:VehicleState;pickupContact:ContactState;deliveryContact:ContactState;customer:ContactState;route:RouteState;driveawayDriver:DriveawayDriverInfo;status:ShippingItemStatusEnum;attachments:AttachmentState[];allowDriverEdits:boolean
driveaway-backend	api-dtos	api-dtos/src/main/java/cars/ship/driveaway/dtos/loadinfo/MinimalRouteState.java	MinimalRouteState	dto			0	
driveaway-backend	db-entities	db-entities/src/main/java/cars/ship/driveaway/db/entities/vo/FileContent.java	FileContent	dto			0	
driveaway-backend	db-entities	db-entities/src/main/java/cars/ship/driveaway/db/entities/driver/DriveawayDriver.java	DriveawayDriver	jpa	BaseDbEntity	driveaway_drivers	13	companyId:String;name:String;companyName:String;address:String;city:String;state:String;zip:String;email:String;phone:String;phoneNotes:String;notes:String;searchableContent:String;enforceTermsAndConditions:boolean
driveaway-backend	db-entities	db-entities/src/main/java/cars/ship/driveaway/db/entities/notification/Notification.java	Notification	jpa	BaseDbEntity	notification	11	event:NotificationEventEnum;forceSend:boolean;state:NotificationStateEnum;type:NotificationTypeEnum;messageContent:MessageContentEmbedded;sender:UserEmbedded;recipient:UserEmbedded;metadata:MetadataEmbedded;loadId:String;loadPublicKey:String;executeAt:Instant
driveaway-backend	db-entities	db-entities/src/main/java/cars/ship/driveaway/db/entities/notification/embedded/MetadataEmbedded.java	MetadataEmbedded	dto			0	
driveaway-backend	db-entities	db-entities/src/main/java/cars/ship/driveaway/db/entities/notification/embedded/MessageContentEmbedded.java	MessageContentEmbedded	dto			0	
driveaway-backend	db-entities	db-entities/src/main/java/cars/ship/driveaway/db/entities/notification/embedded/UserEmbedded.java	UserEmbedded	dto			0	
driveaway-backend	db-entities	db-entities/src/main/java/cars/ship/driveaway/db/entities/driveraction/DriverActionDbEntity.java	DriverActionDbEntity	jpa	BaseDbEntity	driver_actions	6	loadId:String;shippingItemId:String;shipperLoadId:String;publicKey:String;fingerprint:String;action:DriveawayActionsEnum
driveaway-backend	db-entities	db-entities/src/main/java/cars/ship/driveaway/db/entities/load/LoadInfoDbEntity.java	LoadInfoDbEntity	jpa	BaseDbEntity	load_info	7	publicKey:String;type:LoadTypeEnum;loadId:String;companyId:String;state:DriveawayLoadStateEnum;loadData:LoadInfo;expirationTime:Instant
driveaway-backend	shared-services	shared-services/src/main/java/cars/ship/driveaway/config/DriveawayConfig.java	DriveawayConfig	dto			22	db:Db;security:Security;system:System;notification:Notification;linkExpiration:LinkExpiration;pubsub:Pubsub;fingerprint:Fingerprint;corsAllowedOrigins:String[];podId:String;apiPath:String;env:String;exposedPath:String;exposedChaseDriverPath:String;applicationSchema:String;totalMessages:int;dispatch:int;pickup:int;delivery:int;daysOfInactivity:int;posting:String;subscriptions:Subscriptions;decryptionKey:String
driveaway-backend	shared-services	shared-services/src/main/java/cars/ship/driveaway/metadata/WorkingHours.java	WorkingHours	dto			0	
driveaway-backend	infra-interfaces	infra-interfaces/src/main/java/cars/ship/driveaway/communication/dto/BaseMessageDto.java	BaseMessageDto	dto			3	senderName:String;recipients:String[];message:String
driveaway-backend	infra-interfaces	infra-interfaces/src/main/java/cars/ship/driveaway/communication/dto/EmailMessageDto.java	EmailMessageDto	dto	BaseMessageDto		1	subject:String
driveaway-backend	infra-interfaces	infra-interfaces/src/main/java/cars/ship/driveaway/posting/dto/LoadUpdate.java	LoadUpdate	dto			0	
driveaway-backend	domain	domain/src/main/java/cars/ship/driveaway/domain/sharedkernel/User.java	User	dto			0	
fraud-detector	api-dtos	api-dtos/src/main/java/cars/ship/frauddetector/dtos/KeyCloakEventDto.java	KeyCloakEventDto	dto			0	
fraud-detector	api-dtos	api-dtos/src/main/java/cars/ship/frauddetector/dtos/UserManagementCompanyDto.java	UserManagementCompanyDto	dto			0	
fraud-detector	api-dtos	api-dtos/src/main/java/cars/ship/frauddetector/dtos/PlatformVehicleDto.java	PlatformVehicleDto	dto			0	
fraud-detector	api-dtos	api-dtos/src/main/java/cars/ship/frauddetector/dtos/PlatformLoadDto.java	PlatformLoadDto	dto			0	
fraud-detector	api-dtos	api-dtos/src/main/java/cars/ship/frauddetector/dtos/UserManagementUserDto.java	UserManagementUserDto	dto			0	
fraud-detector	api-dtos	api-dtos/src/main/java/cars/ship/frauddetector/dtos/KeyCloakUserDto.java	KeyCloakUserDto	dto			0	
fraud-detector	api-dtos	api-dtos/src/main/java/cars/ship/frauddetector/dtos/PlatformNegotiationDto.java	PlatformNegotiationDto	dto			0	
fraud-detector	api-dtos	api-dtos/src/main/java/cars/ship/frauddetector/dtos/PlatformNegotiationOfferDetailsDto.java	PlatformNegotiationOfferDetailsDto	dto			8	price:Double;paymentTermBegins:String;offerValidityHours:String;paymentTermBusinessDays:String;pickupDate:Object;deliveryDate:Object;reason:String;reasonDescription:String
fraud-detector	api-dtos	api-dtos/src/main/java/cars/ship/frauddetector/dtos/PlatformNegotiationOfferDto.java	PlatformNegotiationOfferDto	dto			0	
fraud-detector	api-dtos	api-dtos/src/main/java/cars/ship/frauddetector/dtos/dataone/DataOneVehicleDto.java	DataOneVehicleDto	dto			0	
fraud-detector	api-dtos	api-dtos/src/main/java/cars/ship/frauddetector/dtos/detector/RiskFactorResultDto.java	RiskFactorResultDto	dto			0	
fraud-detector	api-dtos	api-dtos/src/main/java/cars/ship/frauddetector/dtos/detector/RiskFactorOverallScoreDto.java	RiskFactorOverallScoreDto	dto			0	
fraud-detector	api-dtos	api-dtos/src/main/java/cars/ship/frauddetector/dtos/detector/RiskDetectorResultDto.java	RiskDetectorResultDto	dto			0	
fraud-detector	api-dtos	api-dtos/src/main/java/cars/ship/frauddetector/dtos/pubsub/FraudDetectionEventDto.java	FraudDetectionEventDto	dto			0	
fraud-detector	api-dtos	api-dtos/src/main/java/cars/ship/frauddetector/dtos/pubsub/UserManagementUserPubSubDto.java	UserManagementUserPubSubDto	dto			3	action:String;object:String;entity:V2UserAccountPubSubDto
fraud-detector	api-dtos	api-dtos/src/main/java/cars/ship/frauddetector/dtos/pubsub/UserManagementCompanyPubSubDto.java	UserManagementCompanyPubSubDto	dto			3	action:String;object:String;entity:V2CompanyPubSubDto
fraud-detector	api-dtos	api-dtos/src/main/java/cars/ship/frauddetector/dtos/pubsub/PlatformMessageObjectDto.java	PlatformMessageObjectDto	dto	MessageDto		0	
fraud-detector	api-dtos	api-dtos/src/main/java/cars/ship/frauddetector/dtos/slack/SlackBlockDto.java	SlackBlockDto	dto			3	type:String;text:SlackContentDto;elements:SlackContentDto[]
fraud-detector	api-dtos	api-dtos/src/main/java/cars/ship/frauddetector/dtos/slack/SlackAttachmentDto.java	SlackAttachmentDto	dto			2	color:String;blocks:SlackBlockDto[]
fraud-detector	api-dtos	api-dtos/src/main/java/cars/ship/frauddetector/dtos/slack/SlackContentDto.java	SlackContentDto	dto			2	type:String;text:String
fraud-detector	api-dtos	api-dtos/src/main/java/cars/ship/frauddetector/dtos/slack/SlackMessageDto.java	SlackMessageDto	dto			1	attachments:SlackAttachmentDto[]
fraud-detector	api-dtos	api-dtos/src/main/java/cars/ship/frauddetector/dtos/entities/PersistedEntity.java	PersistedEntity	other			2	oldEntity:T;newEntity:Y
fraud-detector	api-dtos	api-dtos/src/main/java/cars/ship/frauddetector/dtos/entities/HistoricalEntity.java	HistoricalEntity	other			2	stdDev:BigDecimal;mean:BigDecimal
fraud-detector	db-entities	db-entities/src/main/java/cars/ship/frauddetector/entities/RiskFactorOverallScoreEntity.java	RiskFactorOverallScoreEntity	jpa		risk_factor_overall_scores	8	id:Long;company:UserManagementCompanyEntity;date:LocalDate;value:Double;isNotified:boolean;result:RiskDetectorResultDto;createdTime:Instant;updatedTime:Instant
fraud-detector	db-entities	db-entities/src/main/java/cars/ship/frauddetector/entities/PlatformNegotiationOfferEntity.java	PlatformNegotiationOfferEntity	jpa		platform_negotiation_offers	9	platformNegotiationId:String;status:String;price:Integer;offer:PlatformNegotiationOfferDetailsDto;createTime:Instant;updateTime:Instant;expirationTime:Instant;companyUserManagementId:String;creatorUserManagementId:String
fraud-detector	db-entities	db-entities/src/main/java/cars/ship/frauddetector/entities/KeyCloakUserEntity.java	KeyCloakUserEntity	jpa		keycloak_users	7	id:String;firstName:String;lastName:String;username:String;email:String;isEnabled:boolean;isEmailVerified:boolean
fraud-detector	db-entities	db-entities/src/main/java/cars/ship/frauddetector/entities/UserManagementCompanyEntity.java	UserManagementCompanyEntity	jpa		user_management_companies	15	id:String;name:String;usDotNumber:String;mcNumber:String;email:String;phoneNumber:String;allowInstantBooking:boolean;centralDispatchId:String;active:boolean;lastModified:Instant;createdAt:Instant;useGpsTracking:boolean;companySubtype:String;companyType:String;singleOwnerOperator:boolean
fraud-detector	db-entities	db-entities/src/main/java/cars/ship/frauddetector/entities/PlatformVehicleEntity.java	PlatformVehicleEntity	jpa		platform_vehicles	8	loadId:String;status:String;year:Integer;make:String;model:String;vin:String;operable:boolean;msrp:Integer
fraud-detector	db-entities	db-entities/src/main/java/cars/ship/frauddetector/entities/CarrierSummaryByDateEntity.java	CarrierSummaryByDateEntity	jpa		carrier_summary_by_date	4	carrierUserManagementId:String;date:LocalDate;negotiationsCount:Integer;uniqueRoutes:Integer
fraud-detector	db-entities	db-entities/src/main/java/cars/ship/frauddetector/entities/PlatformNegotiationEntity.java	PlatformNegotiationEntity	jpa		platform_negotiations	10	platformLoadId:String;carrierUserManagementId:String;shipperUserManagementId:String;lastPlatformOfferId:String;status:String;originalPrice:Integer;isBookAttempt:boolean;createTime:Instant;updateTime:Instant;cancelReason:String
fraud-detector	db-entities	db-entities/src/main/java/cars/ship/frauddetector/entities/UserManagementUserEntity.java	UserManagementUserEntity	jpa		user_management_users	10	id:String;name:String;phoneNumber:String;email:String;companyId:String;owner:boolean;active:boolean;lastModified:Instant;createdAt:Instant;keycloakId:String
fraud-detector	db-entities	db-entities/src/main/java/cars/ship/frauddetector/entities/RiskFactorTriggerEntity.java	RiskFactorTriggerEntity	jpa		risk_factor_triggers	4	id:Long;companyUserManagementId:String;date:LocalDate;riskFactors:String[]
fraud-detector	db-entities	db-entities/src/main/java/cars/ship/frauddetector/entities/PlatformLoadEntity.java	PlatformLoadEntity	jpa		platform_loads	17	id:String;shipperUserManagementId:String;carrierUserManagementId:String;driverUserManagementId:String;status:String;pickupCity:String;pickupState:String;pickupZip:String;deliveryCity:String;deliveryState:String;deliveryZip:String;distance:Integer;createTime:Instant;pickupDate:Instant;deliveryDate:Instant;acceptTime:Instant;cancellationTime:Instant
fraud-detector	db-entities	db-entities/src/main/java/cars/ship/frauddetector/entities/KeyCloakEventEntity.java	KeyCloakEventEntity	jpa		keycloak_events	10	clientId:String;error:String;ipAddress:String;realmId:String;sessionId:String;eventTime:Instant;type:String;keycloakUserId:String;keycloakUserEmail:String;details:Object[]
fraud-detector	db-entities	db-entities/src/main/java/cars/ship/frauddetector/entities/VehicleMSRPCacheEntity.java	VehicleMSRPCacheEntity	jpa		vehicle_msrp_cache	2	id:String;msrp:Integer
fraud-detector	services	services/src/main/java/cars/ship/frauddetector/services/detector/config/RiskFactorConfig.java	RiskFactorConfig	dto			4	name:String;weight:Double;thresholds:Double[];scores:Double[]
fraud-detector	services	services/src/main/java/cars/ship/frauddetector/services/detector/config/RiskDetectorConfig.java	RiskDetectorConfig	dto			3	threshold:double;deviationMultiplier:double;riskFactors:RiskFactorConfig[]
integration-executor	api-dtos	api-dtos/src/main/java/cars/ship/integrationexecutor/dtos/out/logytext/LogytextUserDto.java	LogytextUserDto	dto			12	id:String;email:String;firstName:String;lastName:String;roles:LogytextUserTypeEnum[];phoneNumber:String;owner:boolean;active:boolean;profilePictureUrl:String;lastModified:Instant;createdAt:Instant;company:LogytextCompanyDto
integration-executor	api-dtos	api-dtos/src/main/java/cars/ship/integrationexecutor/dtos/out/logytext/LogytextUmEventDto.java	LogytextUmEventDto	dto			3	objectType:LogytextUmObjectTypeEnum;action:LogytextUmActionTypeEnum;object:T
integration-executor	api-dtos	api-dtos/src/main/java/cars/ship/integrationexecutor/dtos/out/logytext/LogytextCompanyDto.java	LogytextCompanyDto	dto			9	id:String;email:String;name:String;companyType:LogytextCompanyTypeEnum;usDotNumber:String;phoneNumber:String;logoUrl:String;lastModified:Instant;createdAt:Instant
integration-executor	api-dtos	api-dtos/src/main/java/cars/ship/integrationexecutor/dtos/in/IntegrationMessageDto.java	IntegrationMessageDto	dto			2	type:IntegrationTypeEnum;data:T
integration-executor	api-dtos	api-dtos/src/main/java/cars/ship/integrationexecutor/dtos/in/ediorderful/EdiOrderfulSettingsDto.java	EdiOrderfulSettingsDto	dto			0	
integration-executor	api-dtos	api-dtos/src/main/java/cars/ship/integrationexecutor/dtos/in/ediorderful/EdiOrderfulMessageDto.java	EdiOrderfulMessageDto	dto			0	
integration-executor	api-dtos	api-dtos/src/main/java/cars/ship/integrationexecutor/dtos/in/webhook/WebhookMessageDto.java	WebhookMessageDto	dto			2	data:WebhookMessageDataDto;settings:WebhookSettingsDto
integration-executor	api-dtos	api-dtos/src/main/java/cars/ship/integrationexecutor/dtos/in/webhook/WebhookMessageDataDto.java	WebhookMessageDataDto	dto			14	companyId:String;action:String;actorPk:String;actor:String;objectType:String;objectPk:String;url:String;eventPk:String;parentType:String;parentPk:String;created:boolean;deleted:boolean;timestamp:Date;data:Object
integration-executor	api-dtos	api-dtos/src/main/java/cars/ship/integrationexecutor/dtos/in/webhook/WebhookSettingsDto.java	WebhookSettingsDto	dto			2	url:String;secret:String
integration-executor	api-dtos	api-dtos/src/main/java/cars/ship/integrationexecutor/dtos/in/logytext/LogytextIntegrationMessageDto.java	LogytextIntegrationMessageDto	dto			3	type:UserManagementObjectTypeEnum;action:ServiceEventEnum;data:T
integration-executor	api-dtos	api-dtos/src/main/java/cars/ship/integrationexecutor/dtos/in/ally/AllySettingsDto.java	AllySettingsDto	dto			0	
integration-executor	api-dtos	api-dtos/src/main/java/cars/ship/integrationexecutor/dtos/in/ally/AllyMessageDto.java	AllyMessageDto	dto			0	
integration-executor	api-dtos	api-dtos/src/main/java/cars/ship/integrationexecutor/dtos/in/runbuggy/RunBuggySettingsDto.java	RunBuggySettingsDto	dto			0	
integration-executor	api-dtos	api-dtos/src/main/java/cars/ship/integrationexecutor/dtos/in/runbuggy/RunBuggyMessageDto.java	RunBuggyMessageDto	dto			0	
integration-executor	api-dtos	api-dtos/src/main/java/cars/ship/integrationexecutor/dtos/in/acertus/AcertusSettingsDto.java	AcertusSettingsDto	dto			0	
integration-executor	api-dtos	api-dtos/src/main/java/cars/ship/integrationexecutor/dtos/in/acertus/AcertusMessageDto.java	AcertusMessageDto	dto			0	
integration-executor	api-dtos	api-dtos/src/main/java/cars/ship/integrationexecutor/dtos/in/superdispatch/SuperDispatchSettingsDto.java	SuperDispatchSettingsDto	dto			0	
integration-executor	api-dtos	api-dtos/src/main/java/cars/ship/integrationexecutor/dtos/in/superdispatch/SuperDispatchMessageDto.java	SuperDispatchMessageDto	dto			0	
integration-executor	api-dtos	api-dtos/src/main/java/cars/ship/integrationexecutor/dtos/in/carsarrive/CarsArriveSettingsDto.java	CarsArriveSettingsDto	dto			0	
integration-executor	api-dtos	api-dtos/src/main/java/cars/ship/integrationexecutor/dtos/in/carsarrive/CarsArriveMessageDto.java	CarsArriveMessageDto	dto			0	
integration-executor	db-entities	db-entities/src/main/java/cars/ship/integrationexecutor/entities/EdiOrderfulSentDocument.java	EdiOrderfulSentDocument	jpa	BaseEntity	edi_orderful_sent_documents	4	loadLegId:String;eventType:EdiOrderfulEventType;contentHash:String;version:Long
integration-executor	db-entities	db-entities/src/main/java/cars/ship/integrationexecutor/entities/IntegrationFailedRequest.java	IntegrationFailedRequest	jpa	BaseEntity	integration_failed_requests	10	integrationType:IntegrationType;targetEntityId:String;requestType:String;requestPayload:String;settingsPayload:String;retryCount:int;maxRetries:Integer;status:Status;lastErrorMessage:String;metadata:String
integration-executor	db-entities	db-entities/src/main/java/cars/ship/integrationexecutor/entities/Attachment.java	Attachment	jpa	BaseEntity	attachments	7	companyId:String;vin:String;loadId:String;shippingItemId:String;loadExternalId:String;attachmentType:String;url:String
integration-executor	event-listener	event-listener/src/main/java/cars/ship/integrationexecutor/listener/converters/LoadLegToSuperDispatchStatusUpdateConverter.java	LoadLegToSuperDispatchStatusUpdateConverter	dto			19	logData:LogData;objectMapper:ObjectMapper;actionType:PubSubActionTypeEnum;loadLegMsgPubSub:LoadLegMsgPubSubDto;actionType:String;pubSubActionType:PubSubActionTypeEnum;pickupEta:Instant;deliveryEta:Instant;loadLegId:String;attachmentId:String;targetAttachment:AttachmentDto;shippingItemId:String;loadLegId:String;attachmentId:String;matchedShippingItem:ShippingItemWithDriverDto;targetAttachment:AttachmentDto;attachmentId:String;bolUrl:String;loadStatus:LoadLegStatusEnum
integration-executor	event-listener	event-listener/src/main/java/cars/ship/integrationexecutor/listener/converters/EdiOrderfulConvertRes.java	EdiOrderfulConvertRes	dto			0	
integration-executor	event-listener	event-listener/src/main/java/cars/ship/integrationexecutor/listener/converters/LoadLegToAcertusStatusUpdateConverter.java	LoadLegToAcertusStatusUpdateConverter	dto			41	objectMapper:ObjectMapper;logData:LogData;mediaProxyService:MediaProxyService;pubSubActionType:PubSubActionTypeEnum;loadLegMsgPubSub:LoadLegMsgPubSubDto;latitude:BigDecimal;longitude:BigDecimal;loadLegId:String;attachmentId:String;targetAttachment:AttachmentDto;attachmentType:AttachmentTypeEnum;fileUrl:String;companyId:String;userId:String;processedUrl:String;action:String;pubSubActionType:PubSubActionTypeEnum;vehicles:VehicleInfo[];pickupEta:Instant;deliveryEta:Instant;bolIfPresent:String;bolUrl:String;companyId:String;userId:String;bolIfPresent:String;shippingItemId:String;attachmentId:String;matchedShippingItem:ShippingItemWithDriverDto;targetAttachment:AttachmentDto;attachmentType:AttachmentTypeEnum;loadNumber:String;vehicle:VehicleInfo;convertRes:AcertusConvertRes;companyId:String;userId:String;pickupBOL:String;processedPickupBOL:String;deliveryBOL:String;processedDeliveryBOL:String;pickupDamagesUrl:String;deliveryDamagesUrl:String
integration-executor	event-listener	event-listener/src/main/java/cars/ship/integrationexecutor/listener/converters/LoadLegToCarsArriveConverter.java	LoadLegToCarsArriveConverter	dto			59	objectMapper:ObjectMapper;logData:LogData;bolProcessingService:BolProcessingService;actionType:PubSubActionTypeEnum;loadLegMsgPubSub:LoadLegMsgPubSubDto;actionType:String;pubSubActionType:PubSubActionTypeEnum;loadLeg:var;loadAcknowledgement:LoadAcknowledgement;loadLeg:var;postingCoordinates:CoordinatesDto;coordinates:Coordinates;loadUpdateLocation:LoadUpdateLocation;loadLeg:FullLoadLegDto;shippingItems:ShippingItemWithDriverDto[];coordinates:Coordinates;vehicleInspections:VehicleInspectionDetails[];rawBolUrlMap:String[];processedBolUrlMap:String[];hasBols:boolean;itemBolUrl:String;images:Image[];vehicleInspection:VehicleInspectionDetails;inspection:PickupInspection;loadLeg:FullLoadLegDto;shippingItems:ShippingItemWithDriverDto[];coordinates:Coordinates;vehicleInspections:VehicleInspectionDetails[];rawBolUrlMap:String[];processedBolUrlMap:String[];hasBols:boolean;itemBolUrl:String;images:Image[];vehicleInspection:VehicleInspectionDetails;inspection:DeliveryInspection;loadLegId:String;attachmentId:String;targetAttachment:AttachmentDto;attachmentType:AttachmentTypeEnum;fileUrl:String;firstShippingItem:ShippingItemWithDriverDto;loadNumber:String;loadStatus:LoadLegStatusEnum;rawBolUrlMap:String[];processedBolUrlMap:String[];processedBolUrl:String;shippingItemId:String;loadLegId:String;attachmentId:String;matchedShippingItem:ShippingItemWithDriverDto;targetAttachment:AttachmentDto;loadNumber:String;loadStatus:LoadLegStatusEnum;convertRes:CarsArriveAttachment;attachmentBOL:String;rawBolUrlMap:String[];processedBolUrlMap:String[];processedBolUrl:String;images:Image[]
integration-executor	event-listener	event-listener/src/main/java/cars/ship/integrationexecutor/listener/converters/LoadLegToRunBuggyStatusUpdateConverter.java	LoadLegToRunBuggyStatusUpdateConverter	dto			18	objectMapper:ObjectMapper;objectSerializer:ObjectSerializer;mediaProxyService:MediaProxyService;action:String;pubSubActionType:PubSubActionTypeEnum;loadLegMsgPubSub:LoadLegMsgPubSubDto;res:RunBuggyConvertRes[];etaToPickupWindowJson:String;res:RunBuggyConvertRes[];firstShippingItem:ShippingItemWithDriverDto;deliveryStartDate:Instant;deliveryEndDate:Instant;etaToDropoffWindowJson:String;res:RunBuggyConvertRes[];firstShippingItem:ShippingItemWithDriverDto;bolUrl:String;companyId:String;userId:String
integration-executor	event-listener	event-listener/src/main/java/cars/ship/integrationexecutor/executors/ediorderful/dtos/EdiOrderfulTransactionType.java	EdiOrderfulTransactionType	dto			0	
integration-executor	event-listener	event-listener/src/main/java/cars/ship/integrationexecutor/executors/ediorderful/dtos/EdiOrderfulTransactionResponse.java	EdiOrderfulTransactionResponse	dto			0	
integration-executor	event-listener	event-listener/src/main/java/cars/ship/integrationexecutor/executors/ediorderful/dtos/EdiOrderfulMessage.java	EdiOrderfulMessage	dto			0	
integration-executor	event-listener	event-listener/src/main/java/cars/ship/integrationexecutor/executors/ediorderful/dtos/EdiOrderfulParty.java	EdiOrderfulParty	dto			0	
integration-executor	event-listener	event-listener/src/main/java/cars/ship/integrationexecutor/executors/ediorderful/dtos/EdiOrderfulTransactionRequest.java	EdiOrderfulTransactionRequest	dto			0	
integration-executor	event-listener	event-listener/src/main/java/cars/ship/integrationexecutor/executors/ediorderful/dtos/edi928/EdiOrderful928AutomotiveInspectionDetailDto.java	EdiOrderful928AutomotiveInspectionDetailDto	dto			0	
integration-executor	event-listener	event-listener/src/main/java/cars/ship/integrationexecutor/executors/ediorderful/dtos/edi928/EdiOrderful928MotorVehicleControl.java	EdiOrderful928MotorVehicleControl	dto			0	
integration-executor	event-listener	event-listener/src/main/java/cars/ship/integrationexecutor/executors/ediorderful/dtos/edi928/EdiOrderful928BeginningSegment.java	EdiOrderful928BeginningSegment	dto			0	
integration-executor	event-listener	event-listener/src/main/java/cars/ship/integrationexecutor/executors/ediorderful/dtos/edi928/EdiOrderful928TransactionSetHeader.java	EdiOrderful928TransactionSetHeader	dto			0	
integration-executor	event-listener	event-listener/src/main/java/cars/ship/integrationexecutor/executors/ediorderful/dtos/edi928/EdiOrderful928InspectionDetailSegment.java	EdiOrderful928InspectionDetailSegment	dto			0	
integration-executor	event-listener	event-listener/src/main/java/cars/ship/integrationexecutor/executors/ediorderful/dtos/edi928/EdiOrderful928VCLoop.java	EdiOrderful928VCLoop	dto			0	
integration-executor	event-listener	event-listener/src/main/java/cars/ship/integrationexecutor/executors/ediorderful/dtos/edi928/EdiOrderful928TransactionSetTrailer.java	EdiOrderful928TransactionSetTrailer	dto			0	
integration-executor	event-listener	event-listener/src/main/java/cars/ship/integrationexecutor/executors/ediorderful/dtos/edi214/EdiOrderful214EquipmentLocation.java	EdiOrderful214EquipmentLocation	dto			0	
integration-executor	event-listener	event-listener/src/main/java/cars/ship/integrationexecutor/executors/ediorderful/dtos/edi214/EdiOrderful214PartyIdentification.java	EdiOrderful214PartyIdentification	dto			0	
integration-executor	event-listener	event-listener/src/main/java/cars/ship/integrationexecutor/executors/ediorderful/dtos/edi214/EdiOrderful214AT7Loop.java	EdiOrderful214AT7Loop	dto			0	
integration-executor	event-listener	event-listener/src/main/java/cars/ship/integrationexecutor/executors/ediorderful/dtos/edi214/EdiOrderful214Contact.java	EdiOrderful214Contact	dto			0	
integration-executor	event-listener	event-listener/src/main/java/cars/ship/integrationexecutor/executors/ediorderful/dtos/edi214/EdiOrderful214LXLoop.java	EdiOrderful214LXLoop	dto			0	
integration-executor	event-listener	event-listener/src/main/java/cars/ship/integrationexecutor/executors/ediorderful/dtos/edi214/EdiOrderful214PartyLocation.java	EdiOrderful214PartyLocation	dto			0	
integration-executor	event-listener	event-listener/src/main/java/cars/ship/integrationexecutor/executors/ediorderful/dtos/edi214/EdiOrderful214N1Loop.java	EdiOrderful214N1Loop	dto			0	
integration-executor	event-listener	event-listener/src/main/java/cars/ship/integrationexecutor/executors/ediorderful/dtos/edi214/EdiOrderful214BeginningSegment.java	EdiOrderful214BeginningSegment	dto			0	
integration-executor	event-listener	event-listener/src/main/java/cars/ship/integrationexecutor/executors/ediorderful/dtos/edi214/EdiOrderful214EquipmentOwnerAndType.java	EdiOrderful214EquipmentOwnerAndType	dto			0	
integration-executor	event-listener	event-listener/src/main/java/cars/ship/integrationexecutor/executors/ediorderful/dtos/edi214/EdiOrderful214TransportationCarrierShipmentStatusDto.java	EdiOrderful214TransportationCarrierShipmentStatusDto	dto			0	
integration-executor	event-listener	event-listener/src/main/java/cars/ship/integrationexecutor/executors/ediorderful/dtos/edi214/EdiOrderful214ShipmentStatusDetails.java	EdiOrderful214ShipmentStatusDetails	dto			0	
integration-executor	event-listener	event-listener/src/main/java/cars/ship/integrationexecutor/executors/ediorderful/dtos/edi214/EdiOrderful214BusinessInstructionsAndReferenceNumber.java	EdiOrderful214BusinessInstructionsAndReferenceNumber	dto			0	
integration-executor	event-listener	event-listener/src/main/java/cars/ship/integrationexecutor/executors/ediorderful/dtos/edi214/EdiOrderful214GeographicLocation.java	EdiOrderful214GeographicLocation	dto			0	
integration-executor	event-listener	event-listener/src/main/java/cars/ship/integrationexecutor/executors/ediorderful/dtos/edi214/EdiOrderful214TransactionSetTrailer.java	EdiOrderful214TransactionSetTrailer	dto			0	
integration-executor	event-listener	event-listener/src/main/java/cars/ship/integrationexecutor/executors/ediorderful/dtos/edi214/EdiOrderful214TransactionSetHeader.java	EdiOrderful214TransactionSetHeader	dto			0	
integration-executor	event-listener	event-listener/src/main/java/cars/ship/integrationexecutor/executors/ediorderful/dtos/edi214/EdiOrderful214TransactionSetLineNumber.java	EdiOrderful214TransactionSetLineNumber	dto			0	
integration-executor	event-listener	event-listener/src/main/java/cars/ship/integrationexecutor/executors/ally/dtos/AllyTransportStatusUpdateDto.java	AllyTransportStatusUpdateDto	dto			0	
integration-executor	event-listener	event-listener/src/main/java/cars/ship/integrationexecutor/executors/ally/dtos/AllyTransportStatusUpdateResponseDto.java	AllyTransportStatusUpdateResponseDto	dto			0	
integration-executor	event-listener	event-listener/src/main/java/cars/ship/integrationexecutor/executors/ally/dtos/AllyAuthDto.java	AllyAuthDto	dto			0	
integration-executor	event-listener	event-listener/src/main/java/cars/ship/integrationexecutor/executors/ally/dtos/AllyErrorDto.java	AllyErrorDto	dto			0	
integration-executor	event-listener	event-listener/src/main/java/cars/ship/integrationexecutor/executors/runbuggy/impl/RunBuggyTransportOrderConverter.java	RunBuggyTransportOrderConverter	dto			10	logData:LogData;value:Object;res:ArrayList<TransportOrderInfo>;transportOrderInfo:TransportOrderInfo;vehicleTransferOrderMap:Object[];vehicleTransferOrderId:String;orderId:String;transportationOrderId:String;vehicleMap:Object[];vin:String
integration-executor	event-listener	event-listener/src/main/java/cars/ship/integrationexecutor/executors/runbuggy/dtos/RunBuggyInspectionTemplateInfo.java	RunBuggyInspectionTemplateInfo	dto			0	
integration-executor	event-listener	event-listener/src/main/java/cars/ship/integrationexecutor/executors/runbuggy/dtos/RunBuggyActionDto.java	RunBuggyActionDto	dto			0	
integration-executor	event-listener	event-listener/src/main/java/cars/ship/integrationexecutor/executors/runbuggy/dtos/RunBuggyEtaWindowDto.java	RunBuggyEtaWindowDto	dto			0	
integration-executor	event-listener	event-listener/src/main/java/cars/ship/integrationexecutor/executors/runbuggy/dtos/RunBuggyStatusUpdateDto.java	RunBuggyStatusUpdateDto	dto			0	
integration-executor	event-listener	event-listener/src/main/java/cars/ship/integrationexecutor/executors/acertus/dtos/LoadVehiclesInfo.java	LoadVehiclesInfo	dto			0	
integration-executor	event-listener	event-listener/src/main/java/cars/ship/integrationexecutor/executors/acertus/dtos/CoordinatesVo.java	CoordinatesVo	dto			0	
integration-executor	event-listener	event-listener/src/main/java/cars/ship/integrationexecutor/executors/acertus/dtos/requests/AcertusPickupInfo.java	AcertusPickupInfo	dto			0	
integration-executor	event-listener	event-listener/src/main/java/cars/ship/integrationexecutor/executors/acertus/dtos/requests/AcertusDeliveryInfo.java	AcertusDeliveryInfo	dto			0	
integration-executor	event-listener	event-listener/src/main/java/cars/ship/integrationexecutor/executors/acertus/dtos/requests/AcertusStatusUpdateRequestWrapper.java	AcertusStatusUpdateRequestWrapper	dto			0	
integration-executor	event-listener	event-listener/src/main/java/cars/ship/integrationexecutor/executors/acertus/dtos/requests/AcertusGpsInfo.java	AcertusGpsInfo	dto			0	
integration-executor	event-listener	event-listener/src/main/java/cars/ship/integrationexecutor/executors/acertus/dtos/requests/VehicleInfo.java	VehicleInfo	dto			0	
integration-executor	event-listener	event-listener/src/main/java/cars/ship/integrationexecutor/executors/acertus/dtos/requests/AcertusStatusUpdateRequest.java	AcertusStatusUpdateRequest	dto			0	
integration-executor	event-listener	event-listener/src/main/java/cars/ship/integrationexecutor/executors/acertus/dtos/requests/DamagesInfo.java	DamagesInfo	dto			0	
integration-executor	event-listener	event-listener/src/main/java/cars/ship/integrationexecutor/executors/superdispatch/impl/SuperDispatchExecutorImpl.java	SuperDispatchExecutorImpl	dto			34	webClient:WebClientImpl;mediaProxyService:MediaProxyService;url:String;patchUpdateBody:SuperDispatchOrderPatchRequest;url:String;acceptBody:SuperDispatchAcceptRequest;url:String;statusUpdateBody:SuperDispatchStatusUpdateRequest;url:String;statusUpdateBody:SuperDispatchStatusUpdateRequest;url:String;requestBuilder:SuperDispatchEtaUpdateRequest.SuperDispatchEtaUpdateRequestBuilder;formattedEta:String;formattedEta:String;etaUpdateRequest:SuperDispatchEtaUpdateRequest;bolUrl:String;orderGuid:String;fileBytes:byte[];filename:String;url:String;form:MultipartForm;response:String;uri:URI;filename:String;bre:BusinessRuleException;requestUni:Uni<String>;tokenInfo:TokenInfo;authHeader:String;response:SuperDispatchAuthResponse;token:String;expiresInSeconds:Long;expirationTime:Instant;headers:MultiMap;headers:MultiMap
integration-executor	event-listener	event-listener/src/main/java/cars/ship/integrationexecutor/executors/superdispatch/dtos/CarrierInfo.java	CarrierInfo	dto			0	
integration-executor	event-listener	event-listener/src/main/java/cars/ship/integrationexecutor/executors/superdispatch/dtos/PaymentInfo.java	PaymentInfo	dto			0	
integration-executor	event-listener	event-listener/src/main/java/cars/ship/integrationexecutor/executors/superdispatch/dtos/LoadVehiclesInfo.java	LoadVehiclesInfo	dto			0	
integration-executor	event-listener	event-listener/src/main/java/cars/ship/integrationexecutor/executors/superdispatch/dtos/requests/SuperDispatchAuthResponse.java	SuperDispatchAuthResponse	dto			0	
integration-executor	event-listener	event-listener/src/main/java/cars/ship/integrationexecutor/executors/superdispatch/dtos/requests/SuperDispatchEtaUpdateRequest.java	SuperDispatchEtaUpdateRequest	dto			0	
integration-executor	event-listener	event-listener/src/main/java/cars/ship/integrationexecutor/executors/superdispatch/dtos/requests/SuperDispatchOrderPatchRequest.java	SuperDispatchOrderPatchRequest	dto			0	
integration-executor	event-listener	event-listener/src/main/java/cars/ship/integrationexecutor/executors/superdispatch/dtos/requests/SuperDispatchStatusUpdateRequest.java	SuperDispatchStatusUpdateRequest	dto			0	
integration-executor	event-listener	event-listener/src/main/java/cars/ship/integrationexecutor/executors/superdispatch/dtos/requests/SuperDispatchAcceptRequest.java	SuperDispatchAcceptRequest	dto			0	
integration-executor	event-listener	event-listener/src/main/java/cars/ship/integrationexecutor/executors/carsarrive/dtos/CarsArriveUpdateLocation.java	CarsArriveUpdateLocation	dto			0	
integration-executor	event-listener	event-listener/src/main/java/cars/ship/integrationexecutor/executors/carsarrive/dtos/Image.java	Image	dto			0	
integration-executor	event-listener	event-listener/src/main/java/cars/ship/integrationexecutor/executors/carsarrive/dtos/VehicleInspectionDetails.java	VehicleInspectionDetails	dto			0	
integration-executor	event-listener	event-listener/src/main/java/cars/ship/integrationexecutor/executors/carsarrive/dtos/PickupInspection.java	PickupInspection	dto			0	
integration-executor	event-listener	event-listener/src/main/java/cars/ship/integrationexecutor/executors/carsarrive/dtos/LoadAcknowledgement.java	LoadAcknowledgement	dto			0	
integration-executor	event-listener	event-listener/src/main/java/cars/ship/integrationexecutor/executors/carsarrive/dtos/LoadUpdateLocation.java	LoadUpdateLocation	dto			0	
integration-executor	event-listener	event-listener/src/main/java/cars/ship/integrationexecutor/executors/carsarrive/dtos/CarsArriveAttachment.java	CarsArriveAttachment	dto			0	
integration-executor	event-listener	event-listener/src/main/java/cars/ship/integrationexecutor/executors/carsarrive/dtos/Coordinates.java	Coordinates	dto			0	
integration-executor	event-listener	event-listener/src/main/java/cars/ship/integrationexecutor/executors/carsarrive/dtos/CarsArriveAcknowledgement.java	CarsArriveAcknowledgement	dto			0	
integration-executor	event-listener	event-listener/src/main/java/cars/ship/integrationexecutor/executors/carsarrive/dtos/CarsArriveDelivery.java	CarsArriveDelivery	dto			0	
integration-executor	event-listener	event-listener/src/main/java/cars/ship/integrationexecutor/executors/carsarrive/dtos/DeliveryInspection.java	DeliveryInspection	dto			0	
integration-executor	event-listener	event-listener/src/main/java/cars/ship/integrationexecutor/executors/carsarrive/dtos/CarsArrivePickup.java	CarsArrivePickup	dto			0	
integrations-backend	logytext	logytext/api-dtos/src/main/java/cars/ship/integrations/logytext/dtos/in/LogytextIntegrationPubSubDto.java	LogytextIntegrationPubSubDto	dto			5	id:String;companyId:String;eventType:LogytextEventType;error:String;timestamp:Instant
integrations-backend	logytext	logytext/api-dtos/src/main/java/cars/ship/integrations/logytext/dtos/in/LogytextUnreadChannelDto.java	LogytextUnreadChannelDto	dto			0	
integrations-backend	logytext	logytext/api-dtos/src/main/java/cars/ship/integrations/logytext/dtos/in/LogytextPubSubMessageDto.java	LogytextPubSubMessageDto	dto			3	objectType:LogyTextObjectType;action:LogytextActionType;object:Object
integrations-backend	logytext	logytext/api-dtos/src/main/java/cars/ship/integrations/logytext/dtos/in/LogytextChannelStateDto.java	LogytextChannelStateDto	dto			0	
integrations-backend	logytext	logytext/services/src/main/java/cars/ship/integrations/logytext/models/LogytextIntegrationEvent.java	LogytextIntegrationEvent	dto			5	companyId:String;action:IntegrationActionType;logytextStatus:LogytextStatus;timestamp:Instant;externalId:String
integrations-backend	integrations-backend-dtos	integrations-backend-dtos/src/main/java/cars/ship/integrations/dtos/context/UserContextDto.java	UserContextDto	dto			0	
integrations-backend	integrations-backend-dtos	integrations-backend-dtos/src/main/java/cars/ship/integrations/dtos/context/ContextDto.java	ContextDto	dto			0	
integrations-backend	integrations-backend-dtos	integrations-backend-dtos/src/main/java/cars/ship/integrations/dtos/context/CompanyContextDto.java	CompanyContextDto	dto			0	
integrations-backend	integrations-backend-dtos	integrations-backend-dtos/src/main/java/cars/ship/integrations/dtos/out/UnreadChannelDto.java	UnreadChannelDto	dto			0	
integrations-backend	integrations-backend-dtos	integrations-backend-dtos/src/main/java/cars/ship/integrations/dtos/out/IntegrationDto.java	IntegrationDto	dto			7	id:String;companyId:String;status:IntegrationStatus;type:IntegrationType;updateTime:Instant;createTime:Instant;integrationDetails:String
integrations-backend	integrations-backend-dtos	integrations-backend-dtos/src/main/java/cars/ship/integrations/dtos/out/IntegrationEventMessageDto.java	IntegrationEventMessageDto	dto			4	id:String;companyId:String;action:IntegrationActionType;integrationType:String
integrations-backend	integrations-backend-dtos	integrations-backend-dtos/src/main/java/cars/ship/integrations/dtos/out/ChannelStateDto.java	ChannelStateDto	dto			0	
integrations-backend	db-entities	db-entities/src/main/java/cars/ship/integrations/entities/IntegrationErrorEntity.java	IntegrationErrorEntity	jpa	BaseEntity	integration_errors	3	integration:IntegrationEntity;timestamp:Instant;error:String
integrations-backend	db-entities	db-entities/src/main/java/cars/ship/integrations/entities/IntegrationEntity.java	IntegrationEntity	jpa	BaseEntity	integrations	6	companyId:String;integrationType:IntegrationType;status:IntegrationStatus;createTime:Instant;updateTime:Instant;integrationDetails:String
integrations-backend	attachment	attachment/src/main/java/ship/cars/integrations/attachment/dtos/AttachmentDetailsDto.java	AttachmentDetailsDto	dto			0	
integrations-backend	quickbooks	quickbooks/api-dtos/src/main/java/cars/ship/integrations/quickbooks/dtos/CompanyConfig.java	CompanyConfig	dto			0	
integrations-backend	quickbooks	quickbooks/api-dtos/src/main/java/cars/ship/integrations/quickbooks/dtos/out/ConnectionStatusDto.java	ConnectionStatusDto	dto			0	
integrations-backend	quickbooks	quickbooks/api-dtos/src/main/java/cars/ship/integrations/quickbooks/dtos/out/ConnectionStatusAndConfigDto.java	ConnectionStatusAndConfigDto	dto			0	
integrations-backend	quickbooks	quickbooks/api-dtos/src/main/java/cars/ship/integrations/quickbooks/dtos/in/InvoiceDto.java	InvoiceDto	dto			15	customInvoiceId:String;companyName:String;companyAddress:String;city:String;state:String;zip:String;paymentNotes:String;useFactoringCompany:boolean;customerMessage:String;targetEmails:String[];services:ServicesWrapper;issueDate:LocalDate;paymentTermBusinessDays:Integer;paymentTermCalendarDays:Integer;data:ServiceDto[]
integrations-backend	quickbooks	quickbooks/api-dtos/src/main/java/cars/ship/integrations/quickbooks/dtos/in/CreateInvoiceDto.java	CreateInvoiceDto	dto			2	orderId:String;invoice:InvoiceDto
integrations-backend	quickbooks	quickbooks/db-entities/src/main/java/cars/ship/integrations/quickbooks/entities/QuickbooksConfigEntity.java	QuickbooksConfigEntity	jpa		quickbooks_configs	3	serviceItem:String;invoiceDescriptionFields:String[];createTime:Instant
integrations-backend	quickbooks	quickbooks/db-entities/src/main/java/cars/ship/integrations/quickbooks/entities/QuickbooksOauthCsrf.java	QuickbooksOauthCsrf	jpa		quickbooks_oauth_csrfs	2	userId:String;companyId:String
integrations-backend	quickbooks	quickbooks/db-entities/src/main/java/cars/ship/integrations/quickbooks/entities/QuickbooksCredentialsEntity.java	QuickbooksCredentialsEntity	jpa		quickbooks_credentials	5	accessToken:String;refreshToken:String;realmId:String;createTime:Instant;that:QuickbooksCredentialsEntity
integrations-backend	quickbooks	quickbooks/services/src/main/java/cars/ship/integrations/quickbooks/services/OAuth2ClientFactory.java	OAuth2ClientFactory	dto			2	client:OAuth2PlatformClient;config:OAuth2Config
integrations-backend	axe	axe/api-dtos/src/main/java/ship/cars/integrations/axe/dtos/out/CreateByopPhoneNumberResponseDto.java	CreateByopPhoneNumberResponseDto	dto			0	
integrations-backend	axe	axe/api-dtos/src/main/java/ship/cars/integrations/axe/dtos/out/CallCountersResponseDto.java	CallCountersResponseDto	dto			0	
integrations-backend	axe	axe/api-dtos/src/main/java/ship/cars/integrations/axe/dtos/out/DemoCallOrderDetails.java	DemoCallOrderDetails	dto			0	
integrations-backend	axe	axe/api-dtos/src/main/java/ship/cars/integrations/axe/dtos/out/CreateAssistantResponseDto.java	CreateAssistantResponseDto	dto			0	
integrations-backend	axe	axe/api-dtos/src/main/java/ship/cars/integrations/axe/dtos/out/DemoCallResponseDto.java	DemoCallResponseDto	dto			0	
integrations-backend	axe	axe/api-dtos/src/main/java/ship/cars/integrations/axe/dtos/out/AssignPhoneNumberResponseDto.java	AssignPhoneNumberResponseDto	dto			0	
integrations-backend	axe	axe/api-dtos/src/main/java/ship/cars/integrations/axe/dtos/out/AssistantCallAudioResponseDto.java	AssistantCallAudioResponseDto	dto			0	
integrations-backend	axe	axe/api-dtos/src/main/java/ship/cars/integrations/axe/dtos/out/AssistantCallRecordResponseDto.java	AssistantCallRecordResponseDto	dto			0	
integrations-backend	axe	axe/api-dtos/src/main/java/ship/cars/integrations/axe/dtos/out/CreateTransferToolResponseDto.java	CreateTransferToolResponseDto	dto			0	
integrations-backend	axe	axe/api-dtos/src/main/java/ship/cars/integrations/axe/dtos/out/CallRecordingUrlResponseDto.java	CallRecordingUrlResponseDto	dto			0	
integrations-backend	axe	axe/api-dtos/src/main/java/ship/cars/integrations/axe/dtos/out/OrderDetailsBasicDto.java	OrderDetailsBasicDto	dto			0	
integrations-backend	axe	axe/api-dtos/src/main/java/ship/cars/integrations/axe/dtos/in/CreateAssistantEndpointRequestDto.java	CreateAssistantEndpointRequestDto	dto			0	
integrations-backend	axe	axe/api-dtos/src/main/java/ship/cars/integrations/axe/dtos/in/WebhookAuthHeaderDto.java	WebhookAuthHeaderDto	dto			0	
integrations-backend	axe	axe/api-dtos/src/main/java/ship/cars/integrations/axe/dtos/in/AssignPhoneNumberRequestDto.java	AssignPhoneNumberRequestDto	dto			0	
integrations-backend	axe	axe/api-dtos/src/main/java/ship/cars/integrations/axe/dtos/in/TranscriptEntryDto.java	TranscriptEntryDto	dto			0	
integrations-backend	axe	axe/api-dtos/src/main/java/ship/cars/integrations/axe/dtos/in/PersonaConfigDto.java	PersonaConfigDto	dto			0	
integrations-backend	axe	axe/api-dtos/src/main/java/ship/cars/integrations/axe/dtos/in/StructuredDataDto.java	StructuredDataDto	dto			0	
integrations-backend	axe	axe/api-dtos/src/main/java/ship/cars/integrations/axe/dtos/in/AuthConfigDto.java	AuthConfigDto	dto			0	
integrations-backend	axe	axe/api-dtos/src/main/java/ship/cars/integrations/axe/dtos/in/CallEventDataDto.java	CallEventDataDto	dto			0	
integrations-backend	axe	axe/api-dtos/src/main/java/ship/cars/integrations/axe/dtos/in/AxeWebhookRequestDto.java	AxeWebhookRequestDto	dto			0	
integrations-backend	axe	axe/api-dtos/src/main/java/ship/cars/integrations/axe/dtos/in/BodyFieldConfigDto.java	BodyFieldConfigDto	dto			0	
integrations-backend	axe	axe/api-dtos/src/main/java/ship/cars/integrations/axe/dtos/in/CreateTransferToolRequestDto.java	CreateTransferToolRequestDto	dto			0	
integrations-backend	axe	axe/api-dtos/src/main/java/ship/cars/integrations/axe/dtos/in/VoiceConfigDto.java	VoiceConfigDto	dto			0	
integrations-backend	axe	axe/api-dtos/src/main/java/ship/cars/integrations/axe/dtos/in/CreateByopPhoneNumberRequestDto.java	CreateByopPhoneNumberRequestDto	dto			0	
integrations-backend	axe	axe/api-dtos/src/main/java/ship/cars/integrations/axe/dtos/in/HeaderConfigDto.java	HeaderConfigDto	dto			0	
integrations-backend	axe	axe/api-dtos/src/main/java/ship/cars/integrations/axe/dtos/in/CreateAssistantRequestDto.java	CreateAssistantRequestDto	dto			0	
integrations-backend	axe	axe/db-entities/src/main/java/ship/cars/integrations/axe/entities/AssistantAudioSyncEntity.java	AssistantAudioSyncEntity	jpa		assistant_audio_sync	6	id:Long;createTime:Instant;callId:String;companyId:String;status:AudioSyncStatus;retryCount:Integer
integrations-backend	axe	axe/db-entities/src/main/java/ship/cars/integrations/axe/entities/AssistantCallRecordEntity.java	AssistantCallRecordEntity	jpa		assistant_call_record	19	id:Long;publicId:String;createTime:Instant;eventTime:Instant;calledPhoneNumber:String;callId:String;companyId:String;assistantId:String;orderId:String;sentiment:String;publicCallId:String;startTime:Instant;endTime:Instant;transcript:String;summary:String;endReason:String;eventId:String;attachmentId:String;audioUrl:String
integrations-backend	services	services/src/main/java/cars/ship/integrations/models/IntegrationError.java	IntegrationError	dto			4	companyId:String;timestamp:Instant;errorMessage:String;externalId:String
integrations-backend	services	services/src/main/java/cars/ship/integrations/models/Integration.java	Integration	dto			7	id:String;companyId:String;integrationType:IntegrationType;status:IntegrationStatus;createTime:Instant;updateTime:Instant;externalId:String
integrations-backend	services	services/src/main/java/cars/ship/integrations/models/IntegrationEvent.java	IntegrationEvent	dto			2	integration:Integration;action:IntegrationActionType
integrations-backend	twilio	twilio/twilio-api-dtos/src/main/java/ship/cars/twilio/dtos/TwilioCredentialsDto.java	TwilioCredentialsDto	dto			0	
integrations-backend	twilio	twilio/twilio-api-dtos/src/main/java/ship/cars/twilio/dtos/in/AvailablePhoneNumberDto.java	AvailablePhoneNumberDto	dto			0	
inventory-backend	api-services	api-services/src/main/java/cars/ship/inventory/config/InventoryApiConfig.java	InventoryApiConfig	dto			3	unitLock:UnitLock;timeout:Duration;timeReleaseSchedule:Duration
inventory-backend	api-services	api-services/src/main/java/cars/ship/inventory/application/csvimport/commands/ScheduleCsvUploadCommand.java	ScheduleCsvUploadCommand	dto			0	
inventory-backend	db-entities	db-entities/src/main/java/cars/ship/inventory/db/entities/units/LocationResult.java	LocationResult	dto			4	address:String;city:String;state:String;zip:String
inventory-backend	db-entities	db-entities/src/main/java/cars/ship/inventory/db/entities/units/AutoImsNoteDbEntity.java	AutoImsNoteDbEntity	jpa	BaseDbEntity	autoims_notes	4	note:String;createdBy:String;externalCreatedAt:Instant;unit:InventoryUnitDbEntity
inventory-backend	db-entities	db-entities/src/main/java/cars/ship/inventory/db/entities/units/CustomerResult.java	CustomerResult	dto			6	contact:String;name:String;companyName:String;phone:String;locationId:String;email:String
inventory-backend	db-entities	db-entities/src/main/java/cars/ship/inventory/db/entities/units/AddressInfoDbEmbedded.java	AddressInfoDbEmbedded	embedded			15	name:String;companyName:String;email:String;phone:String;primaryPhoneNotes:String;secondaryPhone:String;secondaryPhoneNotes:String;thirdPhone:String;thirdPhoneNotes:String;workingHours:String;address:String;city:String;state:String;zip:String;locationId:String
inventory-backend	db-entities	db-entities/src/main/java/cars/ship/inventory/db/entities/units/LineItemEmbedded.java	LineItemEmbedded	dto			0	
inventory-backend	db-entities	db-entities/src/main/java/cars/ship/inventory/db/entities/units/InventoryUnitDbEntity.java	InventoryUnitDbEntity	jpa	BaseDbEntity	inventory_units	52	publicId:String;companyId:String;userId:String;loadId:String;status:InventoryUnitStatusEnum;holdReason:String;qualificationCheckStatus:QualificationCheckStatusEnum;qualificationHoldStatusUpdatedAt:Instant;followUpDate:LocalDate;internalNotes:String;externalId:String;shippingDateStart:LocalDate;shippingDateEnd:LocalDate;deliveryDateStart:LocalDate;deliveryDateEnd:LocalDate;vin:String;year:short;make:String;model:String;vehicleType:String;buyerNumber:String;lotNumber:String;stockNumber:String;keys:String;autoImsDraftNote:String;autoImsNotes:AutoImsNoteDbEntity[];unreadAutoImsNotes:boolean;operableType:OperableTypeEnum;trailerType:TrailerTypeEnum;direction:MileageBandDirectionEnum;cpay:float;rate:float;pickupContact:String;pickup:AddressInfoDbEmbedded;deliveryContact:String;delivery:AddressInfoDbEmbedded;mileage:BigDecimal;customer:AddressInfoDbEmbedded;customerContact:String;customerAutoImsClientId:String;dispatchInstructions:String;driveType:String;gatePassUri:String;gatePassDownloadStatus:GatePassDownloadStatusEnum;useCustomerContractPricing:boolean;useAtgDriverCode:boolean;source:UnitSourceEnum;contractPricingDetails:ContractPricingDetailsEmbedded;carrierCompanyId:String;carrierName:String;carrierUsDotNumber:String;searchableContent:String
inventory-backend	db-entities	db-entities/src/main/java/cars/ship/inventory/db/entities/units/ContractPricingDetailsEmbedded.java	ContractPricingDetailsEmbedded	dto			0	
inventory-backend	db-entities	db-entities/src/main/java/cars/ship/inventory/db/entities/unitslocks/UnitLockDbEntity.java	UnitLockDbEntity	jpa	BaseDbEntity	inventory_units_locks	4	userId:String;lockType:UnitLockTypeEnum;unit:InventoryUnitDbEntity;lockedAt:Instant
inventory-backend	db-entities	db-entities/src/main/java/cars/ship/inventory/db/entities/users/UserSettingsDbEntity.java	UserSettingsDbEntity	jpa	BaseDbEntity	user_settings	3	userId:String;companyId:String;config:UserSettingsJsonEntity
inventory-backend	db-entities	db-entities/src/main/java/cars/ship/inventory/db/entities/users/UserSettingsJsonEntity.java	UserSettingsJsonEntity	dto			8	visibleColumns:String[];sortingColumns:String[];ascendingOrder:boolean;advanceSearchHistory:String[];pickupAddresses:LocationJsonEntity[];deliveryAddresses:LocationJsonEntity[];customers:CustomerJsonEntity[];rowsPerPage:Integer
inventory-backend	db-entities	db-entities/src/main/java/cars/ship/inventory/db/entities/users/CustomerJsonEntity.java	CustomerJsonEntity	dto			0	
inventory-backend	db-entities	db-entities/src/main/java/cars/ship/inventory/db/entities/users/LocationJsonEntity.java	LocationJsonEntity	dto			0	
inventory-backend	shared-services	shared-services/src/main/java/cars/ship/inventory/repos/units/UnitsQueryService.java	UnitWithCompanyId	dto			0	
inventory-backend	shared-services	shared-services/src/main/java/cars/ship/inventory/contractpricing/ContractPricingResolverService.java	ContractPricingResolverService	dto			23	postingClient:PostingClient;contractPricingClient:ContractPricingClient;calculationResponse:CalculationDetails;calculationResponse:CalculationDetails;useContractPricingCompanyToggle:boolean;cpUnits:ImportUnitStatusDto[];nonCpUnits:ImportUnitStatusDto[];allUnits:ArrayList<ImportUnitStatusDto>;timeSpent:StopWatch;totalCalculated:AtomicInteger;contractsDetails:ContractPricingDetailsEmbedded[];unit:ImportUnitStatusDto;calculationDetailsResponse:CalculationDetails;update:UnitUpdateValue;customerInfo:AddressInfoValue;pickupInfo:AddressInfoValue;deliveryInfo:AddressInfoValue;customerInfo:AddressInfoDbEmbedded;pickupInfo:AddressInfoDbEmbedded;deliveryInfo:AddressInfoDbEmbedded;rate:double;contractDetails:CalculationResponseDto;success:boolean
inventory-backend	shared-services	shared-services/src/main/java/cars/ship/inventory/contractpricing/dto/UnitsWithContractDetails.java	UnitsWithContractDetails	dto			2	units:ImportUnitStatusDto[];contractDetails:ContractPricingDetailsEmbedded[]
inventory-backend	shared-services	shared-services/src/main/java/cars/ship/inventory/config/InventoryConfig.java	InventoryConfig	dto			21	db:Db;mediaproxy:MediaProxy;security:Security;system:System;pubsub:Pubsub;schedulerPool:SchedulerPool;storage:Storage;batchUpdateSync:BatchUpdateSync;applicationSchema:String;corsAllowedOrigins:String[];ttlApi:Duration;ttlExport:Duration;podId:String;apiPath:String;env:String;events:String;topics:Topics;size:int;bucketName:String;mediaUri:String;temporalSkipWorkflowThreshold:int
inventory-backend	shared-services	shared-services/src/main/java/cars/ship/inventory/application/units/UnitsFilterProperties.java	UnitsFilterProperties	dto	InventoryFilterDto		15	searchData:InventoryUnitDto;statusesAsString:String[];missingVin:boolean;companyId:String;id:String;statusValues:InventoryUnitStatusEnum[];yearAfter:Integer;yearBefore:Integer;cpayAfter:Float;cpayBefore:Float;rateAfter:Float;rateBefore:Float;customer:CustomerDto;shippingDateOn:LocalDate;deliveryDateOn:LocalDate
inventory-backend	worker-dtos	worker-dtos/src/main/java/cars/ship/inventory/dtos/commons/ImportSliceInDto.java	ImportSliceInDto	dto			0	
inventory-backend	worker-dtos	worker-dtos/src/main/java/cars/ship/inventory/dtos/commons/ImportUnitStatusDto.java	ImportUnitStatusDto	dto			3	importedUnit:InventoryUnitImportExportDto;csvRowStrings:String[];errorMessage:String
inventory-backend	worker-dtos	worker-dtos/src/main/java/cars/ship/inventory/dtos/commons/CleanupStorageActivityInDto.java	CleanupStorageActivityInDto	dto			0	
inventory-backend	worker-dtos	worker-dtos/src/main/java/cars/ship/inventory/dtos/commons/NewUnitsImportedWebSocketMsgDto.java	NewUnitsImportedWebSocketMsgDto	dto	WebSocketBaseMsgDto		0	
inventory-backend	worker-dtos	worker-dtos/src/main/java/cars/ship/inventory/dtos/commons/BatchImportDto.java	BatchImportDto	dto			0	
inventory-backend	worker-dtos	worker-dtos/src/main/java/cars/ship/inventory/dtos/commons/UnitsUpdatedWebSocketMsgDto.java	UnitsUpdatedWebSocketMsgDto	dto	WebSocketBaseMsgDto		1	unitIds:String[]
inventory-backend	worker-dtos	worker-dtos/src/main/java/cars/ship/inventory/dtos/commons/CleanupStorageInDto.java	CleanupStorageInDto	dto			0	
inventory-backend	worker-dtos	worker-dtos/src/main/java/cars/ship/inventory/dtos/commons/ImportReportInDto.java	ImportReportInDto	dto			0	
inventory-backend	worker-dtos	worker-dtos/src/main/java/cars/ship/inventory/dtos/commons/ImportSliceOutDto.java	ImportSliceOutDto	dto			0	
inventory-backend	worker-dtos	worker-dtos/src/main/java/cars/ship/inventory/dtos/commons/ImportUnitsStatusDto.java	ImportUnitsStatusDto	dto			0	
inventory-backend	worker-dtos	worker-dtos/src/main/java/cars/ship/inventory/dtos/commons/ImportReportOutDto.java	ImportReportOutDto	dto			0	
inventory-backend	worker-dtos	worker-dtos/src/main/java/cars/ship/inventory/dtos/gatepass/GatePassDownloadInDto.java	GatePassDownloadInDto	dto			0	
inventory-backend	worker-dtos	worker-dtos/src/main/java/cars/ship/inventory/dtos/gatepass/GatePassDownloadScheduleInDto.java	GatePassDownloadScheduleInDto	dto			0	
inventory-backend	worker-dtos	worker-dtos/src/main/java/cars/ship/inventory/dtos/gatepass/DownloadGatePassStatusUpdatedWebSocketMsgDto.java	DownloadGatePassStatusUpdatedWebSocketMsgDto	dto	WebSocketBaseMsgDto		1	unitIds:String[]
inventory-backend	worker-dtos	worker-dtos/src/main/java/cars/ship/inventory/dtos/batchimport/BatchImportedWebSocketMsgDto.java	BatchImportedWebSocketMsgDto	dto	WebSocketBaseMsgDto		1	jobId:String
inventory-backend	worker-dtos	worker-dtos/src/main/java/cars/ship/inventory/dtos/batchimport/BatchImportWorkflowOutDto.java	BatchImportWorkflowOutDto	dto			0	
inventory-backend	worker-dtos	worker-dtos/src/main/java/cars/ship/inventory/dtos/batchimport/BatchImportWorkflowInDto.java	BatchImportWorkflowInDto	dto			0	
inventory-backend	worker-dtos	worker-dtos/src/main/java/cars/ship/inventory/dtos/batchimport/BatchImportedEvent.java	BatchImportedEvent	dto			0	
inventory-backend	worker-dtos	worker-dtos/src/main/java/cars/ship/inventory/dtos/csvimport/ReadCsvInDto.java	ReadCsvInDto	dto			0	
inventory-backend	worker-dtos	worker-dtos/src/main/java/cars/ship/inventory/dtos/csvimport/CsvImportedEvent.java	CsvImportedEvent	dto			0	
inventory-backend	worker-dtos	worker-dtos/src/main/java/cars/ship/inventory/dtos/csvimport/ReadCsvOutDto.java	ReadCsvOutDto	dto			0	
inventory-backend	worker-dtos	worker-dtos/src/main/java/cars/ship/inventory/dtos/csvimport/CsvImportWorkflowOutDto.java	CsvImportWorkflowOutDto	dto			0	
inventory-backend	worker-dtos	worker-dtos/src/main/java/cars/ship/inventory/dtos/csvimport/CsvImportedWebSocketMsgDto.java	CsvImportedWebSocketMsgDto	dto	WebSocketBaseMsgDto		1	jobId:String
inventory-backend	worker-dtos	worker-dtos/src/main/java/cars/ship/inventory/dtos/csvimport/CsvImportWorkflowInDto.java	CsvImportWorkflowInDto	dto			0	
inventory-backend	worker-dtos	worker-dtos/src/main/java/cars/ship/inventory/dtos/csvexport/CsvExportedWebSocketMsgDto.java	CsvExportedWebSocketMsgDto	dto	WebSocketBaseMsgDto		3	jobId:String;errorMessage:String;url:String
inventory-backend	worker-dtos	worker-dtos/src/main/java/cars/ship/inventory/dtos/csvexport/ExportCsvOutDto.java	ExportCsvOutDto	dto			0	
inventory-backend	worker-dtos	worker-dtos/src/main/java/cars/ship/inventory/dtos/csvexport/ExportCsvInDto.java	ExportCsvInDto	dto			0	
inventory-backend	worker-dtos	worker-dtos/src/main/java/cars/ship/inventory/dtos/csvexport/CsvExportWorkflowOutDto.java	CsvExportWorkflowOutDto	dto			0	
inventory-backend	worker-dtos	worker-dtos/src/main/java/cars/ship/inventory/dtos/csvexport/CsvExportWorkflowInDto.java	CsvExportWorkflowInDto	dto			0	
inventory-backend	worker-dtos	worker-dtos/src/main/java/cars/ship/inventory/dtos/csvexport/CsvExportedEvent.java	CsvExportedEvent	dto			0	
inventory-backend	worker-dtos	worker-dtos/src/main/java/cars/ship/inventory/dtos/batchupdate/UpdateUnitInDto.java	UpdateUnitInDto	dto			0	
inventory-backend	worker-dtos	worker-dtos/src/main/java/cars/ship/inventory/dtos/batchupdate/UpdateUnitStatusDto.java	UpdateUnitStatusDto	dto			0	
inventory-backend	worker-dtos	worker-dtos/src/main/java/cars/ship/inventory/dtos/batchupdate/UpdateUnitsStatusDto.java	UpdateUnitsStatusDto	dto			0	
inventory-backend	worker-dtos	worker-dtos/src/main/java/cars/ship/inventory/dtos/batchupdate/BatchUpdateWorkflowOutDto.java	BatchUpdateWorkflowOutDto	dto			0	
inventory-backend	worker-dtos	worker-dtos/src/main/java/cars/ship/inventory/dtos/batchupdate/BatchUpdateDto.java	BatchUpdateDto	dto			0	
inventory-backend	worker-dtos	worker-dtos/src/main/java/cars/ship/inventory/dtos/batchupdate/UnitsUpdatedWebSocketMsgDto.java	UnitsUpdatedWebSocketMsgDto	dto	WebSocketBaseMsgDto		0	
inventory-backend	worker-dtos	worker-dtos/src/main/java/cars/ship/inventory/dtos/batchupdate/BatchUpdatedEvent.java	BatchUpdatedEvent	dto			0	
inventory-backend	worker-dtos	worker-dtos/src/main/java/cars/ship/inventory/dtos/batchupdate/BatchUpdatedWebSocketMsgDto.java	BatchUpdatedWebSocketMsgDto	dto	WebSocketBaseMsgDto		1	jobId:String
inventory-backend	worker-dtos	worker-dtos/src/main/java/cars/ship/inventory/dtos/batchupdate/UpdateSliceInDto.java	UpdateSliceInDto	dto			0	
inventory-backend	worker-dtos	worker-dtos/src/main/java/cars/ship/inventory/dtos/batchupdate/UpdateReportOutDto.java	UpdateReportOutDto	dto			0	
inventory-backend	worker-dtos	worker-dtos/src/main/java/cars/ship/inventory/dtos/batchupdate/BatchUpdateWorkflowInDto.java	BatchUpdateWorkflowInDto	dto			0	
inventory-backend	worker-dtos	worker-dtos/src/main/java/cars/ship/inventory/dtos/batchupdate/UpdateReportInDto.java	UpdateReportInDto	dto			0	
inventory-backend	worker-dtos	worker-dtos/src/main/java/cars/ship/inventory/dtos/batchupdate/UpdateSliceOutDto.java	UpdateSliceOutDto	dto			0	
inventory-backend	infra-interfaces	infra-interfaces/src/main/java/cars/ship/inventory/infra/dataone/dto/VehicleSpecificationDto.java	VehicleSpecificationDto	dto			0	
inventory-backend	infra-interfaces	infra-interfaces/src/main/java/cars/ship/inventory/infra/dataone/dto/VehicleInfoNotFoundDto.java	VehicleInfoNotFoundDto	dto	VehicleInfoDto		0	
inventory-backend	infra-interfaces	infra-interfaces/src/main/java/cars/ship/inventory/infra/dataone/dto/VehicleInfoDto.java	VehicleInfoDto	dto			1	specification:VehicleSpecificationDto
inventory-backend	infra-interfaces	infra-interfaces/src/main/java/cars/ship/inventory/infra/filestorage/FileIdToUrl.java	FileIdToUrl	dto			0	
inventory-backend	infra-interfaces	infra-interfaces/src/main/java/cars/ship/inventory/infra/filestorage/dto/FileInfoDto.java	FileInfoDto	dto			2	fileUrl:String;fileId:String
inventory-backend	infra-interfaces	infra-interfaces/src/main/java/cars/ship/inventory/infra/email/dto/EmailMessageDto.java	EmailMessageDto	dto			3	recipients:String[];message:String;subject:String
inventory-backend	inventory-dtos	inventory-dtos/src/main/java/cars/ship/inventory/dtos/commons/DateRangeDto.java	DateRangeDto	dto			3	startDateString:String;endDateString:String;separator:String
inventory-backend	inventory-dtos	inventory-dtos/src/main/java/cars/ship/inventory/dtos/commons/PongDto.java	PongDto	dto			1	pingReceivedAt:Instant
inventory-backend	inventory-dtos	inventory-dtos/src/main/java/cars/ship/inventory/dtos/commons/TimeMetaDto.java	TimeMetaDto	dto			5	createdAt:Instant;startedAt:Instant;finishedAt:Instant;waitTimeMs:int;executionTimeMs:int
inventory-backend	inventory-dtos	inventory-dtos/src/main/java/cars/ship/inventory/dtos/commons/ExportDataDto.java	ExportDataDto	dto			0	
inventory-backend	inventory-dtos	inventory-dtos/src/main/java/cars/ship/inventory/dtos/unitlock/UnitsUnlockDto.java	UnitsUnlockDto	dto			1	unitIds:String[]
inventory-backend	inventory-dtos	inventory-dtos/src/main/java/cars/ship/inventory/dtos/unitlock/UnitsLockDto.java	UnitsLockDto	dto			2	unitIds:String[];lockType:UnitLockTypeEnum
inventory-backend	inventory-dtos	inventory-dtos/src/main/java/cars/ship/inventory/dtos/batchimport/BatchSummaryReportDto.java	BatchSummaryReportDto	dto			3	numberOfSuccess:int;numberOfFail:int;error:String
inventory-backend	inventory-dtos	inventory-dtos/src/main/java/cars/ship/inventory/dtos/batchimport/InventoryUnitsImportDto.java	InventoryUnitsImportDto	dto			1	units:InventoryUnitImportExportDto[]
inventory-backend	inventory-dtos	inventory-dtos/src/main/java/cars/ship/inventory/dtos/batchimport/BatchImportReportDto.java	BatchImportReportDto	dto			1	reportRows:ImportReportRowDto[]
inventory-backend	inventory-dtos	inventory-dtos/src/main/java/cars/ship/inventory/dtos/batchimport/InventoryUnitImportCsvDto.java	InventoryUnitImportCsvDto	dto			74	unitId:String;externalId:String;shippingDateRange:DateRangeDto;deliveryDateRange:DateRangeDto;vin:String;year:Integer;make:String;model:String;weight:Integer;vehicleType:String;buyerNumber:String;lotNumber:String;stockNumber:String;internalNotes:String;operableType:String;trailerType:String;direction:String;cpay:Double;rate:Double;pickupContact:String;pickupName:String;pickupCompanyName:String;pickupEmail:String;pickupPhone:String;pickupPrimaryPhoneNotes:String;pickupSecondaryPhone:String;pickupSecondaryPhoneNotes:String;pickupThirdPhone:String;pickupThirdPhoneNotes:String;pickupWorkingHours:String;pickupAddress:String;pickupCity:String;pickupState:String;pickupZip:String;pickupLocationId:String;deliveryContact:String;deliveryName:String;deliveryCompanyName:String;deliveryEmail:String;deliveryPhone:String;deliveryPrimaryPhoneNotes:String;deliverySecondaryPhone:String;deliverySecondaryPhoneNotes:String;deliveryThirdPhone:String;deliveryThirdPhoneNotes:String;deliveryWorkingHours:String;deliveryAddress:String;deliveryCity:String;deliveryState:String;deliveryZip:String;deliveryLocationId:String;customerContact:String;customerName:String;customerCompanyName:String;customerEmail:String;customerPhone:String;customerPrimaryPhoneNotes:String;customerSecondaryPhone:String;customerSecondaryPhoneNotes:String;customerThirdPhone:String;customerThirdPhoneNotes:String;customerWorkingHours:String;customerAddress:String;customerCity:String;customerState:String;customerZip:String;customerLocationId:String;customerAutoImsClientId:String;dispatchInstructions:String;gatePassUri:String;hold:Boolean;useCustomerContractPricing:Boolean;useAtgDriverCode:Boolean;source:String
inventory-backend	inventory-dtos	inventory-dtos/src/main/java/cars/ship/inventory/dtos/batchimport/ImportReportRowDto.java	ImportReportRowDto	dto			74	valid:boolean;errorMessage:String;unitId:String;externalId:String;shippingDateRange:String;deliveryDateRange:String;vin:String;year:String;make:String;model:String;weight:String;internalNotes:String;buyerNumber:String;lotNumber:String;stockNumber:String;operableType:String;trailerType:String;direction:String;cpay:String;rate:String;pickupContact:String;pickupName:String;pickupCompanyName:String;pickupPhone:String;pickupEmail:String;pickupPrimaryPhoneNotes:String;pickupSecondaryPhone:String;pickupSecondaryPhoneNotes:String;pickupThirdPhone:String;pickupThirdPhoneNotes:String;pickupWorkingHours:String;pickupAddress:String;pickupCity:String;pickupState:String;pickupZip:String;pickupLocationId:String;deliveryContact:String;deliveryName:String;deliveryCompanyName:String;deliveryPhone:String;deliveryEmail:String;deliveryPrimaryPhoneNotes:String;deliverySecondaryPhone:String;deliverySecondaryPhoneNotes:String;deliveryThirdPhone:String;deliveryThirdPhoneNotes:String;deliveryWorkingHours:String;deliveryAddress:String;deliveryCity:String;deliveryState:String;deliveryZip:String;deliveryLocationId:String;customerContact:String;customerName:String;customerCompanyName:String;customerPhone:String;customerEmail:String;customerPrimaryPhoneNotes:String;customerSecondaryPhone:String;customerSecondaryPhoneNotes:String;customerThirdPhone:String;customerThirdPhoneNotes:String;customerWorkingHours:String;customerAddress:String;customerCity:String;customerState:String;customerZip:String;customerLocationId:String;dispatchInstructions:String;gatePassUri:String;hold:String;useCustomerContractPricing:String;useAtgDriverCode:String;source:String
inventory-backend	inventory-dtos	inventory-dtos/src/main/java/cars/ship/inventory/dtos/batchimport/BatchImportJobDto.java	BatchImportJobDto	dto			4	jobId:String;report:BatchSummaryReportDto;status:BatchImportJobStatusEnum;timeMeta:TimeMetaDto
inventory-backend	inventory-dtos	inventory-dtos/src/main/java/cars/ship/inventory/dtos/batchimport/InventoryUnitImportExportDto.java	InventoryUnitImportExportDto	dto			76	unitId:String;externalId:String;shippingDateRange:DateRangeDto;deliveryDateRange:DateRangeDto;vin:String;year:Integer;make:String;model:String;weight:Integer;vehicleType:String;buyerNumber:String;lotNumber:String;stockNumber:String;internalNotes:String;operableType:OperableTypeEnum;trailerType:TrailerTypeEnum;direction:MileageBandDirectionEnum;cpay:Double;rate:Double;pickupContact:String;pickupName:String;pickupCompanyName:String;pickupEmail:String;pickupPhone:String;pickupPrimaryPhoneNotes:String;pickupSecondaryPhone:String;pickupSecondaryPhoneNotes:String;pickupThirdPhone:String;pickupThirdPhoneNotes:String;pickupWorkingHours:String;pickupAddress:String;pickupCity:String;pickupState:String;pickupZip:String;pickupLocationId:String;deliveryContact:String;deliveryName:String;deliveryCompanyName:String;deliveryEmail:String;deliveryPhone:String;deliveryPrimaryPhoneNotes:String;deliverySecondaryPhone:String;deliverySecondaryPhoneNotes:String;deliveryThirdPhone:String;deliveryThirdPhoneNotes:String;deliveryWorkingHours:String;deliveryAddress:String;deliveryCity:String;deliveryState:String;deliveryZip:String;deliveryLocationId:String;customerContact:String;customerName:String;customerCompanyName:String;customerEmail:String;customerPhone:String;customerPrimaryPhoneNotes:String;customerSecondaryPhone:String;customerSecondaryPhoneNotes:String;customerThirdPhone:String;customerThirdPhoneNotes:String;customerWorkingHours:String;customerAddress:String;customerCity:String;customerState:String;customerZip:String;customerLocationId:String;customerAutoImsClientId:String;dispatchInstructions:String;gatePassUri:String;hold:Boolean;useCustomerContractPricing:Boolean;useAtgDriverCode:Boolean;mileage:BigDecimal;driveType:String;source:UnitSourceEnum
inventory-backend	inventory-dtos	inventory-dtos/src/main/java/cars/ship/inventory/dtos/batchimport/UploadReportDto.java	UploadReportDto	dto			0	
inventory-backend	inventory-dtos	inventory-dtos/src/main/java/cars/ship/inventory/dtos/batchimport/BatchImportJobIdentityDto.java	BatchImportJobIdentityDto	dto			1	jobId:String
inventory-backend	inventory-dtos	inventory-dtos/src/main/java/cars/ship/inventory/dtos/csvimport/CsvImportJobDto.java	CsvImportJobDto	dto			4	jobId:String;report:UploadReportDto;status:CsvImportJobStatusEnum;timeMeta:TimeMetaDto
inventory-backend	inventory-dtos	inventory-dtos/src/main/java/cars/ship/inventory/dtos/csvimport/CsvImportJobIdentityDto.java	CsvImportJobIdentityDto	dto			0	
inventory-backend	inventory-dtos	inventory-dtos/src/main/java/cars/ship/inventory/dtos/csvimport/CsvContactsDto.java	CsvContactsDto	dto			3	customer:CsvContactDto;pickup:CsvContactDto;delivery:CsvContactDto
inventory-backend	inventory-dtos	inventory-dtos/src/main/java/cars/ship/inventory/dtos/csvimport/ImportLocationDto.java	ImportLocationDto	dto			5	city:String;state:String;street:String;zipCode:String;locationId:String
inventory-backend	inventory-dtos	inventory-dtos/src/main/java/cars/ship/inventory/dtos/csvimport/CsvContactDto.java	CsvContactDto	dto			11	name:String;companyName:String;email:String;primaryPhone:String;primaryPhoneNotes:String;secondaryPhone:String;secondaryPhoneNotes:String;workingHours:String;thirdPhone:String;thirdPhoneNotes:String;location:ImportLocationDto
inventory-backend	inventory-dtos	inventory-dtos/src/main/java/cars/ship/inventory/dtos/units/CreateAutoImsNoteDto.java	CreateAutoImsNoteDto	dto			1	text:String
inventory-backend	inventory-dtos	inventory-dtos/src/main/java/cars/ship/inventory/dtos/units/InventoryUnitUpdateDto.java	InventoryUnitUpdateDto	dto			38	id:String;externalId:String;shippingDate:LocalDate;shippingDateRange:DateRangeDto;deliveryDateRange:DateRangeDto;buyerNumber:String;vin:String;year:Integer;make:String;model:String;weight:Integer;vehicleType:String;lotNumber:String;stockNumber:String;keys:String;operableType:OperableTypeEnum;trailerType:TrailerTypeEnum;direction:OptionalFieldDto<MileageBandDirectionEnum>;cpay:Float;rate:Float;dispatchInstructions:String;driveType:String;pickupContactId:String;pickup:AddressInfoDto;deliveryContactId:String;delivery:AddressInfoDto;customerContactId:String;customer:AddressInfoDto;customerAutoImsClientId:String;qualificationCheckStatus:QualificationCheckStatusEnum;holdReason:String;followUpDate:OptionalFieldDto<LocalDate>;unreadAutoImsNotes:Boolean;autoImsDraftNote:String;internalNotes:String;useCustomerContractPricing:Boolean;useAtgDriverCode:Boolean;carrierCompanyId:String
inventory-backend	inventory-dtos	inventory-dtos/src/main/java/cars/ship/inventory/dtos/units/CustomerDto.java	CustomerDto	dto			0	
inventory-backend	inventory-dtos	inventory-dtos/src/main/java/cars/ship/inventory/dtos/units/AutoImsNoteDto.java	AutoImsNoteDto	dto			3	text:String;createdBy:String;createdAt:Instant
inventory-backend	inventory-dtos	inventory-dtos/src/main/java/cars/ship/inventory/dtos/units/ListInventoryUnitsDto.java	ListInventoryUnitsDto	dto			0	
inventory-backend	inventory-dtos	inventory-dtos/src/main/java/cars/ship/inventory/dtos/units/UnitsReleaseOnHoldDto.java	UnitsReleaseOnHoldDto	dto			1	unitIds:String[]
inventory-backend	inventory-dtos	inventory-dtos/src/main/java/cars/ship/inventory/dtos/units/InventoryFilterDto.java	InventoryFilterDto	dto			12	advanceSearch:String;pickupAddresses:LocationDto[];deliveryAddresses:LocationDto[];customers:CustomerDto[];createdAfter:Instant;createdBefore:Instant;modifiedAfter:Instant;modifiedBefore:Instant;shippingDateAfter:LocalDate;shippingDateBefore:LocalDate;deliveryDateAfter:LocalDate;deliveryDateBefore:LocalDate
inventory-backend	inventory-dtos	inventory-dtos/src/main/java/cars/ship/inventory/dtos/units/BatchDeleteUnitsDto.java	BatchDeleteUnitsDto	dto			0	
inventory-backend	inventory-dtos	inventory-dtos/src/main/java/cars/ship/inventory/dtos/units/ContractPricingDetailsDto.java	ContractPricingDetailsDto	dto			7	basePrice:BigDecimal;totalPrice:BigDecimal;contractId:String;contractVersion:long;lineItems:LineItemDto[];distance:BigDecimal;pricePerMile:BigDecimal
inventory-backend	inventory-dtos	inventory-dtos/src/main/java/cars/ship/inventory/dtos/units/UnitsRemovedFromLoadDto.java	UnitsRemovedFromLoadDto	dto			2	unitIds:String[];loadId:String
inventory-backend	inventory-dtos	inventory-dtos/src/main/java/cars/ship/inventory/dtos/units/UnitsPutOnHoldDto.java	UnitsPutOnHoldDto	dto			1	unitIds:String[]
inventory-backend	inventory-dtos	inventory-dtos/src/main/java/cars/ship/inventory/dtos/units/LocationDto.java	LocationDto	dto			0	
inventory-backend	inventory-dtos	inventory-dtos/src/main/java/cars/ship/inventory/dtos/units/LineItemDto.java	LineItemDto	dto			4	type:LineItemTypeEnum;title:String;description:String;price:BigDecimal
inventory-backend	inventory-dtos	inventory-dtos/src/main/java/cars/ship/inventory/dtos/units/InventoryUnitDto.java	InventoryUnitDto	dto			94	id:String;loadId:String;status:InventoryUnitStatusEnum;useCustomerContractPricing:boolean;contractPricingDetails:ContractPricingDetailsDto;externalId:String;shippingDate:LocalDate;shippingDateRange:DateRangeDto;deliveryDateRange:DateRangeDto;vin:String;year:Integer;make:String;model:String;weight:Integer;vehicleType:String;buyerNumber:String;lotNumber:String;stockNumber:String;keys:String;internalNotes:String;holdReason:String;qualificationCheckStatus:QualificationCheckStatusEnum;qualificationHoldStatusUpdatedAt:Instant;unreadAutoImsNotes:boolean;followUpDate:LocalDate;autoImsDraftNote:String;autoImsNotes:AutoImsNoteDto[];operableType:OperableTypeEnum;trailerType:TrailerTypeEnum;direction:MileageBandDirectionEnum;cpay:Float;rate:Float;pickupContact:String;pickupName:String;pickupCompanyName:String;pickupEmail:String;pickupPhone:String;pickupPrimaryPhoneNotes:String;pickupSecondaryPhone:String;pickupSecondaryPhoneNotes:String;pickupThirdPhone:String;pickupThirdPhoneNotes:String;pickupWorkingHours:String;pickupAddress:String;pickupCity:String;pickupState:String;pickupZip:String;pickupLocationId:String;mileage:BigDecimal;deliveryContact:String;deliveryName:String;deliveryCompanyName:String;deliveryEmail:String;deliveryPhone:String;deliveryPrimaryPhoneNotes:String;deliverySecondaryPhone:String;deliverySecondaryPhoneNotes:String;deliveryThirdPhone:String;deliveryThirdPhoneNotes:String;deliveryWorkingHours:String;deliveryAddress:String;deliveryCity:String;deliveryState:String;deliveryZip:String;deliveryLocationId:String;customerContact:String;customerName:String;customerCompanyName:String;customerEmail:String;customerPhone:String;customerPrimaryPhoneNotes:String;customerSecondaryPhone:String;customerSecondaryPhoneNotes:String;customerThirdPhone:String;customerThirdPhoneNotes:String;customerWorkingHours:String;customerAddress:String;customerCity:String;customerState:String;customerZip:String;customerLocationId:String;customerAutoImsClientId:String;dispatchInstructions:String;driveType:String;gatePassUri:String;gatePassDownloadStatus:GatePassDownloadStatusEnum;useAtgDriverCode:boolean;source:UnitSourceEnum;carrierCompanyId:String;carrierName:String;carrierUsDotNumber:String;modifiedAt:Instant;createdAt:Instant;historyOfLoadIDs:String[]
inventory-backend	inventory-dtos	inventory-dtos/src/main/java/cars/ship/inventory/dtos/units/UnitsAddedToLoadDto.java	UnitsAddedToLoadDto	dto			2	unitIds:String[];loadId:String
inventory-backend	inventory-dtos	inventory-dtos/src/main/java/cars/ship/inventory/dtos/units/InventoryUnitCreateDto.java	InventoryUnitCreateDto	dto			30	externalId:String;shippingDateRange:DateRangeDto;deliveryDateRange:DateRangeDto;buyerNumber:String;vin:String;year:Integer;make:String;model:String;weight:Integer;vehicleType:String;lotNumber:String;stockNumber:String;keys:String;operableType:OperableTypeEnum;trailerType:TrailerTypeEnum;direction:MileageBandDirectionEnum;cpay:Float;rate:Float;dispatchInstructions:String;driveType:String;pickupContactId:String;pickup:AddressInfoDto;deliveryContactId:String;delivery:AddressInfoDto;customerContactId:String;customer:AddressInfoDto;customerAutoImsClientId:String;useCustomerContractPricing:Boolean;useAtgDriverCode:Boolean;carrierCompanyId:String
inventory-backend	inventory-dtos	inventory-dtos/src/main/java/cars/ship/inventory/dtos/units/contacts/AddressInfoDto.java	AddressInfoDto	dto			15	name:String;companyName:String;phone:String;email:String;primaryPhoneNotes:String;secondaryPhone:String;secondaryPhoneNotes:String;thirdPhone:String;thirdPhoneNotes:String;workingHours:String;address:String;city:String;state:String;zip:String;locationId:String
inventory-backend	inventory-dtos	inventory-dtos/src/main/java/cars/ship/inventory/dtos/csvexport/CsvExportJobDto.java	CsvExportJobDto	dto			4	jobId:String;data:ExportDataDto;status:CsvExportJobStatusEnum;timeMeta:TimeMetaDto
inventory-backend	inventory-dtos	inventory-dtos/src/main/java/cars/ship/inventory/dtos/csvexport/CsvExportJobIdentityDto.java	CsvExportJobIdentityDto	dto			0	
inventory-backend	inventory-dtos	inventory-dtos/src/main/java/cars/ship/inventory/dtos/users/UserSettingsDto.java	UserSettingsDto	dto			8	visibleColumns:String[];sortingColumns:String[];ascendingOrder:Boolean;advanceSearchHistory:String[];pickupAddresses:LocationDto[];deliveryAddresses:LocationDto[];customers:CustomerDto[];rowsPerPage:Integer
inventory-backend	inventory-dtos	inventory-dtos/src/main/java/cars/ship/inventory/dtos/users/UpdateUserSettingsDto.java	UpdateUserSettingsDto	dto			8	visibleColumns:String[];sortingColumns:String[];ascendingOrder:Boolean;advanceSearchHistory:String[];pickupAddresses:LocationDto[];deliveryAddresses:LocationDto[];customers:CustomerDto[];rowsPerPage:Integer
inventory-backend	inventory-dtos	inventory-dtos/src/main/java/cars/ship/inventory/dtos/batchupdate/InventoryUnitsUpdateDto.java	InventoryUnitsUpdateDto	dto			1	units:InventoryUnitUpdateDto[]
inventory-backend	inventory-dtos	inventory-dtos/src/main/java/cars/ship/inventory/dtos/batchupdate/BatchUpdateReportRowDto.java	BatchUpdateReportRowDto	dto			87	valid:boolean;errorMessage:String;unitId:String;externalId:String;shippingDateStart:String;shippingDateEnd:String;deliveryDateStart:String;deliveryDateEnd:String;vin:String;year:String;make:String;model:String;weight:String;buyerNumber:String;lotNumber:String;stockNumber:String;keys:String;internalNotes:String;holdReason:String;qualificationCheckStatus:String;qualificationHoldStatusUpdatedAt:String;followUpDate:String;operableType:String;trailerType:String;direction:String;cpay:String;rate:String;pickupContact:String;pickupName:String;pickupCompanyName:String;pickupEmail:String;pickupPhone:String;pickupPrimaryPhoneNotes:String;pickupSecondaryPhone:String;pickupSecondaryPhoneNotes:String;pickupThirdPhone:String;pickupThirdPhoneNotes:String;pickupWorkingHours:String;pickupAddress:String;pickupCity:String;pickupState:String;pickupZip:String;pickupLocationId:String;deliveryContact:String;deliveryName:String;deliveryCompanyName:String;deliveryEmail:String;deliveryPhone:String;deliveryPrimaryPhoneNotes:String;deliverySecondaryPhone:String;deliverySecondaryPhoneNotes:String;deliveryThirdPhone:String;deliveryThirdPhoneNotes:String;deliveryWorkingHours:String;deliveryAddress:String;deliveryCity:String;deliveryState:String;deliveryZip:String;deliveryLocationId:String;mileage:String;customerContact:String;customerName:String;customerCompanyName:String;customerEmail:String;customerPhone:String;customerPrimaryPhoneNotes:String;customerSecondaryPhone:String;customerSecondaryPhoneNotes:String;customerThirdPhone:String;customerThirdPhoneNotes:String;customerWorkingHours:String;customerAddress:String;customerCity:String;customerState:String;customerZip:String;customerLocationId:String;customerAutoImsClientId:String;dispatchInstructions:String;driveType:String;gatePassUri:String;hold:String;useCustomerContractPricing:Boolean;contractPricingDetails:String;useAtgDriverCode:boolean;carrierCompanyId:String;carrierName:String;carrierUsDotNumber:String
inventory-backend	inventory-dtos	inventory-dtos/src/main/java/cars/ship/inventory/dtos/batchupdate/BatchUpdateJobDto.java	BatchUpdateJobDto	dto			4	jobId:String;report:BatchSummaryReportDto;status:BatchUpdateJobStatusEnum;timeMeta:TimeMetaDto
inventory-backend	inventory-dtos	inventory-dtos/src/main/java/cars/ship/inventory/dtos/batchupdate/BatchUpdateReportDto.java	BatchUpdateReportDto	dto			1	reportRows:BatchUpdateReportRowDto[]
inventory-backend	inventory-dtos	inventory-dtos/src/main/java/cars/ship/inventory/dtos/batchupdate/BatchUpdateJobIdentityDto.java	BatchUpdateJobIdentityDto	dto			1	jobId:String
inventory-backend	inventory-dtos	inventory-dtos/src/main/java/cars/ship/inventory/dtos/pubsub/InventoryEventDto.java	InventoryEventDto	dto			0	
inventory-backend	domain	domain/src/main/java/cars/ship/inventory/domain/unitlock/UnitLock.java	UnitLock	dto	PrivateAggregateRoot		5	userId:String;lockType:UnitLockTypeEnum;unitId:String;internalUnitId:long;lockedAt:Instant
inventory-backend	domain	domain/src/main/java/cars/ship/inventory/domain/gatepass/GatePassDownloadStatus.java	GatePassDownloadStatus	dto	AggregateRoot		3	status:GatePassDownloadStatusEnum;gatePassUrl:String;companyId:String
inventory-backend	domain	domain/src/main/java/cars/ship/inventory/domain/gatepass/events/GatePassDownloadFailedEvent.java	GatePassDownloadFailedEvent	dto	GatePassDownloadUpdateEvent		0	
inventory-backend	domain	domain/src/main/java/cars/ship/inventory/domain/gatepass/events/GatePassDownloadedEvent.java	GatePassDownloadedEvent	dto	GatePassDownloadUpdateEvent		0	
inventory-backend	domain	domain/src/main/java/cars/ship/inventory/domain/gatepass/events/GatePassDownloadStartedEvent.java	GatePassDownloadStartedEvent	dto	GatePassDownloadUpdateEvent		0	
inventory-backend	domain	domain/src/main/java/cars/ship/inventory/domain/units/InventoryUnitUpdate.java	InventoryUnitUpdate	dto	AggregateRoot		18	unitUpdate:UnitUpdateValue;make:String;model:String;vehicleType:String;newDispatchInstructions:String;newShippingDateStart:LocalDate;newShippingDateEnd:LocalDate;newDeliveryDateStart:OptionalFieldDto<LocalDate>;newDeliveryDateEnd:OptionalFieldDto<LocalDate>;newHoldReason:String;followUpDate:OptionalFieldDto<LocalDate>;autoImsDraftNote:String;internalNotes:String;newContactsValue:UnitUpdateContactsValue;currentContactsValue:UnitUpdateContactsValue;addressInfoValue:AddressInfoValue;addressInfoValue:AddressInfoValue;addressInfoValue:AddressInfoValue
inventory-backend	domain	domain/src/main/java/cars/ship/inventory/domain/units/InventoryUnitStatus.java	InventoryUnitStatus	dto	AggregateRoot		3	status:InventoryUnitStatusEnum;loadId:String;savedLoadId:String
inventory-backend	domain	domain/src/main/java/cars/ship/inventory/domain/units/VinToYmmValidItems.java	VinToYmmValidItems	dto			22	unitValidatedItems:T[];vehicleVins:VehicleVin[];ymms:YearMakeModel[];vinOnly:T[];ymmOnly:T[];vinAndYmm:T[];noVinAndNoYmm:T[];vinToUnitValidated:T[][];res:VehicleInfo;isVinInvalid:boolean;ymmToUnitValidated:T[][];res:VehicleInfo;isYmmInvalid:boolean;vinToUnitValidated:T[][];res:VehicleInfo;ymm:YearMakeModel;isVinInvalid:boolean;ymmRes:VehicleInfo;isYmmInvalid:boolean;vinToUnitValidated:T[][];vinToUnitValidated:T[][];ymm:YearMakeModel
inventory-backend	domain	domain/src/main/java/cars/ship/inventory/domain/units/vos/UnitUpdateContactsValue.java	UnitUpdateContactsValue	dto			0	
inventory-backend	domain	domain/src/main/java/cars/ship/inventory/domain/units/vos/AddressInfoValue.java	AddressInfoValue	dto			15	name:String;companyName:String;email:String;phone:String;primaryPhoneNotes:String;secondaryPhone:String;secondaryPhoneNotes:String;thirdPhone:String;thirdPhoneNotes:String;workingHours:String;address:String;city:String;state:String;zip:String;locationId:String
inventory-backend	domain	domain/src/main/java/cars/ship/inventory/domain/units/vos/VinToYmmValidItem.java	VinToYmmValidItem	dto			9	vin:String;year:Integer;make:String;model:String;vehicleType:String;driveType:String;weight:Integer;isValid:boolean;errorMessage:String
inventory-backend	domain	domain/src/main/java/cars/ship/inventory/domain/units/vos/VehicleInfo.java	VehicleInfo	dto			0	
inventory-backend	domain	domain/src/main/java/cars/ship/inventory/domain/units/vos/UnitUpdateValue.java	UnitUpdateValue	dto			0	
inventory-backend	domain	domain/src/main/java/cars/ship/inventory/domain/units/events/InventoryUnitUpdatedEvent.java	InventoryUnitUpdatedEvent	dto			0	
inventory-backend	domain	domain/src/main/java/cars/ship/inventory/domain/units/events/UnitPutOnHoldEvent.java	UnitPutOnHoldEvent	dto			0	
inventory-backend	domain	domain/src/main/java/cars/ship/inventory/domain/units/events/SystemAutoImsNoteAddedEvent.java	SystemAutoImsNoteAddedEvent	dto			0	
inventory-backend	domain	domain/src/main/java/cars/ship/inventory/domain/units/events/UnitReleasedOnHoldEvent.java	UnitReleasedOnHoldEvent	dto			0	
inventory-backend	domain	domain/src/main/java/cars/ship/inventory/domain/units/events/UnitAddedToLoadEvent.java	UnitAddedToLoadEvent	dto			0	
inventory-backend	domain	domain/src/main/java/cars/ship/inventory/domain/units/events/UnitRemovedFromLoadEvent.java	UnitRemovedFromLoadEvent	dto			0	
inventory-backend	domain	domain/src/main/java/cars/ship/inventory/domain/usersettings/UserSettings.java	UserSettings	dto	PrivateAggregateRoot		11	visibleColumns:VisibleColumns;sortingColumns:SortingColumns;advanceSearchHistory:String[];pickupAddresses:LocationValue[];deliveryAddresses:LocationValue[];customers:CustomerValue[];rowsPerPage:int;defaultColumns:VisibleColumns;lowerCaseToAvailableColumns:String[];visibleColumnsList:String[];sortingColumnsList:String[]
inventory-backend	domain	domain/src/main/java/cars/ship/inventory/domain/usersettings/vos/VisibleColumns.java	VisibleColumns	dto			0	
inventory-backend	domain	domain/src/main/java/cars/ship/inventory/domain/usersettings/vos/LocationValue.java	LocationValue	dto			0	
inventory-backend	domain	domain/src/main/java/cars/ship/inventory/domain/usersettings/vos/CustomerValue.java	CustomerValue	dto			0	
inventory-backend	domain	domain/src/main/java/cars/ship/inventory/domain/usersettings/vos/SortingColumns.java	SortingColumns	dto			0	
inventory-backend	domain	domain/src/main/java/cars/ship/inventory/domain/batchupdate/events/BatchUpdateReadyForProcessingEvent.java	BatchUpdateReadyForProcessingEvent	dto			0	
inventory-backend	domain	domain/src/main/java/cars/ship/inventory/domain/batchupdate/events/BatchUpdateProcessingStartedEvent.java	BatchUpdateProcessingStartedEvent	dto			0	
inventory-backend	domain	domain/src/main/java/cars/ship/inventory/domain/batchupdate/events/BatchUpdateProcessedEvent.java	BatchUpdateProcessedEvent	dto			0	
inventory-backend	domain	domain/src/main/java/cars/ship/inventory/domain/sharedkernel/CustomerInfo.java	CustomerInfo	dto			0	
inventory-backend	domain	domain/src/main/java/cars/ship/inventory/domain/sharedkernel/VehicleVin.java	VehicleVin	dto			0	
inventory-backend	domain	domain/src/main/java/cars/ship/inventory/domain/sharedkernel/YearMakeModel.java	YearMakeModel	dto			0	
inventory-backend	domain	domain/src/main/java/cars/ship/inventory/domain/sharedkernel/User.java	User	dto			0	
inventory-backend	domain	domain/src/main/java/cars/ship/inventory/domain/sharedkernel/AddressInfo.java	AddressInfo	dto			0	
inventory-backend	worker-services	worker-services/src/main/java/cars/ship/inventory/worker/config/InventoryWorkerConfig.java	InventoryWorkerConfig	dto			6	gatePassDownload:GatePassDownload;maxAllowedMb:int;maxRetries:int;retryAfterHours:int;maxDownloadsPerTick:int;checkTick:Duration
inventory-backend	worker-services	worker-services/src/main/java/cars/ship/inventory/worker/application/units/converters/ValidatedUnitDtoToVinToYmmValidItemsConverter.java	ValidatedUnitDtoToVinToYmmValidItemsConverter	dto			2	unitValidateItems:UnitVinToYmmValidateItem[];unitValidateItem:UnitVinToYmmValidateItem
inventory-backend	worker-services	worker-services/src/main/java/cars/ship/inventory/worker/application/importutils/ImportContactsValidatorInDto.java	ImportContactsValidatorInDto	dto			0	
inventory-backend	worker-services	worker-services/src/main/java/cars/ship/inventory/worker/application/importutils/MileageResolveInDto.java	MileageResolveInDto	dto			0	
invoices	api-dtos	api-dtos/src/main/java/cars/ship/invoices/dtos/commons/CompanyInvoiceDto.java	CompanyInvoiceDto	dto			0	
invoices	api-dtos	api-dtos/src/main/java/cars/ship/invoices/dtos/commons/ValueToLabelDto.java	ValueToLabelDto	dto			0	
invoices	api-dtos	api-dtos/src/main/java/cars/ship/invoices/dtos/commons/LocationInvoiceDto.java	LocationInvoiceDto	dto			0	
invoices	api-dtos	api-dtos/src/main/java/cars/ship/invoices/dtos/commons/MessageDto.java	MessageDto	dto			0	
invoices	api-dtos	api-dtos/src/main/java/cars/ship/invoices/dtos/commons/ContactInvoiceDto.java	ContactInvoiceDto	dto			0	
invoices	api-dtos	api-dtos/src/main/java/cars/ship/invoices/dtos/export/CsvExportJobDto.java	CsvExportJobDto	dto			0	
invoices	api-dtos	api-dtos/src/main/java/cars/ship/invoices/dtos/export/CsvExportJobIdentityDto.java	CsvExportJobIdentityDto	dto			0	
invoices	api-dtos	api-dtos/src/main/java/cars/ship/invoices/dtos/export/ExportDataDto.java	ExportDataDto	dto			0	
invoices	api-dtos	api-dtos/src/main/java/cars/ship/invoices/dtos/carrier/SchedulePaymentRequestDto.java	SchedulePaymentRequestDto	dto			0	
invoices	api-dtos	api-dtos/src/main/java/cars/ship/invoices/dtos/carrier/CarrierServiceDto.java	CarrierServiceDto	dto			0	
invoices	api-dtos	api-dtos/src/main/java/cars/ship/invoices/dtos/carrier/CarrierInvoiceDto.java	CarrierInvoiceDto	dto			0	
invoices	api-dtos	api-dtos/src/main/java/cars/ship/invoices/dtos/carrier/CarrierVehicleDto.java	CarrierVehicleDto	dto			0	
invoices	api-dtos	api-dtos/src/main/java/cars/ship/invoices/dtos/carrier/CarrierInvoiceUpdateDto.java	CarrierInvoiceUpdateDto	dto			0	
invoices	api-dtos	api-dtos/src/main/java/cars/ship/invoices/dtos/carrier/CarrierInvoiceTransactionDto.java	CarrierInvoiceTransactionDto	dto			0	
invoices	api-dtos	api-dtos/src/main/java/cars/ship/invoices/dtos/carrier/UpdateTransactionRequestDto.java	UpdateTransactionRequestDto	dto			0	
invoices	api-dtos	api-dtos/src/main/java/cars/ship/invoices/dtos/customer/CustomerInvoiceDto.java	CustomerInvoiceDto	dto			0	
invoices	api-dtos	api-dtos/src/main/java/cars/ship/invoices/dtos/customer/CustomerFooterNoteDto.java	CustomerFooterNoteDto	dto			0	
invoices	api-dtos	api-dtos/src/main/java/cars/ship/invoices/dtos/customer/CustomerVehicleChargeDto.java	CustomerVehicleChargeDto	dto			0	
invoices	api-dtos	api-dtos/src/main/java/cars/ship/invoices/dtos/customer/CustomerVehicleDto.java	CustomerVehicleDto	dto			0	
invoices	api-dtos	api-dtos/src/main/java/cars/ship/invoices/dtos/customer/CustomerInvoiceUpdateDto.java	CustomerInvoiceUpdateDto	dto			0	
invoices	db-entities	db-entities/src/main/java/cars/ship/invoices/entities/LocationEntity.java	LocationEntity	jpa	BaseDbEntity	locations	5	street:String;city:String;state:String;zipCode:String;locationId:String
invoices	db-entities	db-entities/src/main/java/cars/ship/invoices/entities/ContactEntity.java	ContactEntity	jpa	BaseDbEntity	contacts	7	companyName:String;email:String;name:String;phone:String;dotNumber:String;userManagementId:String;location:LocationEntity
invoices	db-entities	db-entities/src/main/java/cars/ship/invoices/entities/ChargeEntity.java	ChargeEntity	jpa	BaseDbEntity	charges	6	name:String;code:String;amountInCents:long;costInCents:long;isTotalRate:boolean;vehicle:VehicleEntity
invoices	db-entities	db-entities/src/main/java/cars/ship/invoices/entities/ServiceEntity.java	ServiceEntity	jpa	BaseDbEntity	services	5	name:String;type:String;quantity:int;rateInCents:long;invoice:InvoiceEntity
invoices	db-entities	db-entities/src/main/java/cars/ship/invoices/entities/InvoiceEntity.java	InvoiceEntity	jpa	BaseDbEntity	invoices	39	company:CompanyEntity;userId:String;loadId:String;shipperLoadId:String;fileUrl:String;totalAmountInCents:long;carrierReceivablesAmountInCents:long;customer:ContactEntity;carrier:ContactEntity;pickup:ContactEntity;delivery:ContactEntity;pickupActualDate:LocalDate;deliveryActualDate:LocalDate;distanceInMeters:int;distanceInMiles:BigDecimal;status:InvoiceStatusEnum;systemStatus:InvoiceSystemStatusEnum;carrierLoadId:String;carrierInvoiceId:String;carrierInvoiceRevisionId:String;carrierInvoiceRevisionNumber:int;carrierInvoiceLastRevisionNumber:int;number:String;carrierInvoiceDeliveryStatus:CarrierInvoiceDeliveryStatusEnum;carrierInvoiceCreateDate:LocalDate;carrierInvoiceIssueDate:LocalDate;paymentDueDate:LocalDate;paymentNotes:String;paymentMethod:PaymentMethodEnum;paymentTermBusinessDays:Integer;paymentTermCalendarDays:Integer;paymentTermBegins:PaymentTermBeginsEnum;externalUpdateTime:Instant;externalLoadUpdateTime:Instant;useFactoringCompany:boolean;latest:boolean;vehicles:VehicleEntity[];services:ServiceEntity[];transactions:TransactionEntity[]
invoices	db-entities	db-entities/src/main/java/cars/ship/invoices/entities/CompanyEntity.java	CompanyEntity	jpa	BaseDbEntity	companies	4	footerNotes:String;name:String;phone:String;location:LocationEntity
invoices	db-entities	db-entities/src/main/java/cars/ship/invoices/entities/VehicleEntity.java	VehicleEntity	jpa	BaseDbEntity	vehicles	8	shippingItemId:String;carrierVehicleId:String;totalRateInCents:Long;make:String;year:Integer;customInformation:String;invoice:InvoiceEntity;charges:ChargeEntity[]
invoices	db-entities	db-entities/src/main/java/cars/ship/invoices/entities/TransactionEntity.java	TransactionEntity	jpa	BaseDbEntity	transactions	13	paymentId:String;referenceNumber:String;message:String;paymentMethod:TransactionPaymentMethodEnum;status:TransactionStatusEnum;totalAmountInCents:long;feeInCents:long;scheduledSendTime:Instant;paymentEta:Instant;targetAvailabilityDate:LocalDate;initiatedTime:Instant;settlementTime:Instant;invoice:InvoiceEntity
invoices	db-entities	db-entities/src/main/java/cars/ship/invoices/entities/common/InvoiceFilter.java	InvoiceFilter	dto			0	
invoices	services	services/src/main/java/cars/ship/invoices/vos/UserVo.java	UserVo	dto			0	
invoices	services	services/src/main/java/cars/ship/invoices/temporal/dto/csvexport/CsvExportedWebSocketMsgDto.java	CsvExportedWebSocketMsgDto	dto			6	jobId:String;errorMessage:String;url:String;action:String;userId:String;companyId:String
invoices	services	services/src/main/java/cars/ship/invoices/temporal/dto/csvexport/ExportCsvExportWorkflowOutDto.java	ExportCsvExportWorkflowOutDto	dto			0	
invoices	services	services/src/main/java/cars/ship/invoices/temporal/dto/csvexport/ExportCsvOutDto.java	ExportCsvOutDto	dto			0	
invoices	services	services/src/main/java/cars/ship/invoices/temporal/dto/csvexport/ExportCsvInDto.java	ExportCsvInDto	dto			0	
invoices	services	services/src/main/java/cars/ship/invoices/temporal/dto/csvexport/ExportCsvWorkflowInDto.java	ExportCsvWorkflowInDto	dto			0	
invoices	services	services/src/main/java/cars/ship/invoices/temporal/dto/csvexport/CsvExportedEvent.java	CsvExportedEvent	dto			0	
invoices	services	services/src/main/java/cars/ship/invoices/temporal/dto/invoicecreate/CreateCustomerInvoiceInDto.java	CreateCustomerInvoiceInDto	dto			0	
invoices	services	services/src/main/java/cars/ship/invoices/clients/dto/AttachmentMultipartForm.java	AttachmentMultipartForm	dto			3	data:byte[];fileName:String;createAttachmentDto:CreateAttachmentDto
invoices	services	services/src/main/java/cars/ship/invoices/listeners/converters/CtmsPubSubConverter.java	CtmsPubSubConverter	dto			41	userManagementService:UserManagementService;postingService:PostingService;objectMapper:ObjectMapper;externalUpdateTime:Instant;invoice:InvoiceDto;loadObject:LoadDto;carrierLoadId:String;carrierCompanyId:String;shipperCompanyId:String;shipperLoadId:String;carrierInvoiceId:String;loadId:String;company:CompanyInvoiceDto;carrier:ContactInvoiceDto;paymentNotes:String;carrierInvoiceDeliveryStatus:CarrierInvoiceDeliveryStatusEnum;services:CarrierServiceDto[];totalAmountInCents:long;carrierInvoice:CarrierInvoiceDto;loadObject:LoadDto;company:CompanyInvoiceDto;carrier:ContactInvoiceDto;paymentNotes:String;services:CarrierServiceDto[];totalAmountInCents:long;carrierInvoiceRevision:CarrierInvoiceDto;pickup:ContactInvoiceDto;delivery:ContactInvoiceDto;vehicles:CarrierVehicleDto[];distanceInMeters:int;distanceInMiles:BigDecimal;pickupActualDate:LocalDate;deliveryActualDate:LocalDate;paymentMethod:PaymentMethodEnum;paymentTermBegins:PaymentTermBeginsEnum;paymentTermCalendarDays:Integer;paymentDueDate:LocalDate;carrierReceivablesAmountInCents:long;location:LocationInvoiceDto;location:LocationInvoiceDto;baseDate:LocalDate
invoices	services	services/src/main/java/cars/ship/invoices/listeners/converters/common/CustomerKey.java	CustomerKey	dto			0	
invoices	services	services/src/main/java/cars/ship/invoices/services/impl/CustomerInvoiceExportCsvJobServiceImpl.java	CustomerInvoiceExportCsvJobServiceImpl	dto			7	customerInvoiceExportCsvExportWorkflowClient:CustomerInvoiceExportCsvExportWorkflowClient;idGenerationService:IDGenerationService;mediaProxyService:MediaProxyService;timeSpent:StopWatch;csvExportWorkflowInDtoBuilder:ExportCsvWorkflowInDto.ExportCsvWorkflowInDtoBuilder;workflowId:String;csvExportWorkflowIn:ExportCsvWorkflowInDto
invoices	services	services/src/main/java/cars/ship/invoices/services/impl/CustomerInvoiceServiceImpl.java	CustomerInvoiceServiceImpl	dto			24	companyService:CompanyService;idGenerationService:IDGenerationService;preCreateCustomerInvoiceService:PreCreateCustomerInvoiceService;customerInvoiceConverter:CustomerInvoiceConverter;invoiceRepository:InvoiceRepository;mediaProxyService:MediaProxyService;populatedInvoices:CustomerInvoiceDto[];footerNotes:CustomerFooterNoteDto;invoices:PageDto<InvoiceEntity>;res:PageDto<CustomerInvoiceDto>;newContent:CustomerInvoiceDto[];invoiceId:String;companyId:String;invoice:InvoiceEntity;invoiceId:String;companyId:String;invoice:InvoiceEntity;filter:InvoiceFilter;invoices:PageDto<InvoiceEntity>;customerEntity:ContactEntity;nameMatches:boolean;phoneMatches:boolean;newInvoices:InvoiceEntity[];invoice:InvoiceEntity
invoices	services	services/src/main/java/cars/ship/invoices/services/dtos/EmailMessageDto.java	EmailMessageDto	dto			4	senderName:String;recipients:String[];message:String;subject:String
invoices	services	services/src/main/java/cars/ship/invoices/services/dtos/CustomerInvoiceExportDto.java	CustomerInvoiceExportDto	dto			0	
lead-parser	lead-parser	src/main/java/com/shipcars/parser/entity/EmailSourceEntity.java	EmailSourceEntity	jpa		source	6	id:Long;email:String;template:String;website:String;enabled:String;created_time:String
load-bookmark-backend	api-dtos	api-dtos/src/main/java/cars/ship/loadbookmark/dtos/PostingDto.java	PostingDto	dto			1	status:String
load-bookmark-backend	api-dtos	api-dtos/src/main/java/cars/ship/loadbookmark/dtos/ResultDto.java	ResultDto	dto			2	results:BookmarkDto[];count:int
load-bookmark-backend	api-dtos	api-dtos/src/main/java/cars/ship/loadbookmark/dtos/BookmarkDto.java	BookmarkDto	dto			44	id:String;loadId:String;canBeClaimed:boolean;vehicles:VehicleDto[];deliveryCity:String;deliveryRequestedDateEnd:Date;deliveryRequestedDateEndType:String;deliveryRequestedDateStart:Date;deliveryRequestedDateStartType:String;deliveryState:String;deliveryZip:String;deliveryAddressLocation:AddressLocationDto;distanceImperial:int;paymentMethod:String;paymentOnDelivery:Double;paymentOnDeliveryMethod:String;paymentOnPickup:Double;paymentOnPickupMethod:String;pickupCity:String;pickupRequestedDateEnd:Date;pickupRequestedDateEndType:String;pickupRequestedDateStart:Date;pickupRequestedDateStartType:String;pickupState:String;pickupZip:String;pickupAddressLocation:AddressLocationDto;totalPaymentToCarrier:Double;shipperUserManagementId:String;shipperLoadId:String;shipperId:String;updateTime:Date;status:String;paymentTermBusinessDays:String;expirationTime:LocalDateTime;postedOnCd:Boolean;postedExternallyTime:Date;exclusivityExpirationTime:Date;premiumExclusivityExpirationTime:Date;premiumOnly:boolean;shipperName:String;posting:PostingDto;labels:String[];isPrivate:boolean;paymentTermCalendarDays:Integer
load-bookmark-backend	api-dtos	api-dtos/src/main/java/cars/ship/loadbookmark/dtos/SocketMessageObjectDto.java	SocketMessageObjectDto	dto			1	data:T
load-bookmark-backend	api-dtos	api-dtos/src/main/java/cars/ship/loadbookmark/dtos/VehicleDto.java	VehicleDto	dto			6	id:String;make:String;model:String;year:Integer;type:String;operable:boolean
load-bookmark-backend	api-dtos	api-dtos/src/main/java/cars/ship/loadbookmark/dtos/BookmarkChangeDto.java	BookmarkChangeDto	dto			5	isCreated:boolean;isDeleted:boolean;bookmarkId:String;bookmark:BookmarkDto;userIds:String[]
load-bookmark-backend	api-dtos	api-dtos/src/main/java/cars/ship/loadbookmark/dtos/CreateBookmarkDto.java	CreateBookmarkDto	dto			0	
load-bookmark-backend	db-entities	db-entities/src/main/java/cars/ship/loadbookmark/entities/BookmarkEntity.java	BookmarkEntity	jpa		bookmarks	6	id:String;loadId:String;userId:String;loadStatus:String;expirationTime:LocalDateTime;bookmark:BookmarkDto
load-recommender	api-dtos	api-dtos/src/main/java/cars/ship/recommender/dtos/out/LoadDto.java	LoadDto	dto			44	id:String;pickupCity:String;pickupState:String;pickupZip:String;pickupRequestedDateStart:LocalDate;pickupRequestedDateStartType:String;pickupRequestedDateEnd:LocalDate;pickupRequestedDateEndType:String;pickupAddressLocation:GeoPointReadDto;deliveryCity:String;deliveryState:String;deliveryZip:String;deliveryRequestedDateStart:LocalDate;deliveryRequestedDateStartType:String;deliveryRequestedDateEnd:LocalDate;deliveryRequestedDateEndType:String;deliveryAddressLocation:GeoPointReadDto;totalPaymentToCarrier:Double;postedTime:Instant;distanceImperial:int;pricePerMile:Double;paymentMethod:String;paymentOnDelivery:Double;paymentOnDeliveryMethod:String;paymentOnPickup:Double;paymentOnPickupMethod:String;shipperName:String;negotiationState:NegotiationState;lastOfferExpirationTime:Instant;shipperUserManagementId:String;status:String;shipperLoadId:String;shipperId:String;enclosedTrailer:boolean;paymentTermBegins:String;paymentTermsBusinessDays:String;canBeClaimed:boolean;createTime:Instant;updateTime:Instant;postedExternallyTime:Instant;exclusivityExpirationTime:Instant;premiumExclusivityExpirationTime:Instant;trip:TripReadDto;labels:String[]
load-recommender	api-dtos	api-dtos/src/main/java/cars/ship/recommender/dtos/out/NotificationSettingsDto.java	NotificationSettingsDto	dto			3	inAppEnabled:boolean;emailEnabled:boolean;notificationsSnoozed:boolean
load-recommender	api-dtos	api-dtos/src/main/java/cars/ship/recommender/dtos/out/LoadRecommendationDto.java	LoadRecommendationDto	dto			6	id:String;createTime:Instant;updateTime:Instant;status:Status;entity:LoadDto;type:RecommendationType
load-recommender	api-dtos	api-dtos/src/main/java/cars/ship/recommender/dtos/in/RecommendationScore.java	RecommendationScore	dto			3	carrierId:String;score:double;usersToNotify:String[]
load-recommender	api-dtos	api-dtos/src/main/java/cars/ship/recommender/dtos/in/EventDto.java	EventDto	dto			0	
load-recommender	api-dtos	api-dtos/src/main/java/cars/ship/recommender/dtos/in/RecommendationMessageDto.java	RecommendationMessageDto	dto			5	referenceId:String;loadId:String;postingId:String;createTime:Instant;scores:RecommendationScore[]
load-recommender	api-dtos	api-dtos/src/main/java/cars/ship/recommender/dtos/in/sorting/RecommendationSort.java	RecommendationSort	dto			0	
load-recommender	db-entities	db-entities/src/main/java/cars/ship/recommender/entities/NotificationSettingsEntity.java	NotificationSettingsEntity	jpa	BaseEntity	notification_settings	4	user:UserEntity;inAppEnabled:boolean;emailEnabled:boolean;notificationsSnoozed:boolean
load-recommender	db-entities	db-entities/src/main/java/cars/ship/recommender/entities/CarrierRecommendationEntity.java	CarrierRecommendationEntity	jpa	BaseEntity	carrier_recommendations	5	company:CompanyEntity;usersToNotify:UserEntity[];createTime:Instant;updateTime:Instant;state:RecommendationState
load-recommender	db-entities	db-entities/src/main/java/cars/ship/recommender/entities/SentEmailEntity.java	SentEmailEntity	jpa	BaseEntity	sent_emails	6	userId:String;loadId:String;sentAt:Instant;source:Source;status:EmailStatus;recommendationId:String
load-recommender	db-entities	db-entities/src/main/java/cars/ship/recommender/entities/UserEntity.java	UserEntity	jpa	BaseEntity	users	7	externalUpdateTime:Instant;active:boolean;email:String;name:String;primaryRole:UserRoleEnum;roles:UserRoleEnum[];company:CompanyEntity
load-recommender	db-entities	db-entities/src/main/java/cars/ship/recommender/entities/RecommendationEntity.java	RecommendationEntity	jpa	BaseEntity	recommendations	12	userId:String;loadId:String;createdAt:Instant;updatedAt:Instant;status:Status;deletionReason:DeletionReason;sentAt:Instant;seenAt:Instant;active:boolean;fallbackNotificationSent:Boolean;notSentReasons:String[];externalId:String
load-recommender	db-entities	db-entities/src/main/java/cars/ship/recommender/entities/CompanyEntity.java	CompanyEntity	jpa	BaseEntity	companies	4	externalUpdateTime:Instant;active:boolean;subscriptionName:String;subscriptionStatus:String
load-recommender	db-entities	db-entities/src/main/java/cars/ship/recommender/entities/DeletedLoadEntity.java	DeletedLoadEntity	jpa	BaseEntity	deleted_loads	2	deletedAt:Instant;that:DeletedLoadEntity
load-recommender	db-entities	db-entities/src/main/java/cars/ship/recommender/entities/SentPushNotificationEntity.java	SentPushNotificationEntity	jpa	BaseEntity	sent_push_notifications	3	userId:String;loadId:String;sentAt:Instant
load-recommender	resources	resources/src/main/java/cars/ship/recommender/rest/dto/MarkNotificationsDto.java	MarkNotificationsDto	dto			1	timestamp:Instant
load-recommender	db-syncer	db-syncer/src/main/java/cars/ship/recommender/sync/models/DbUser.java	DbUser	dto			7	id:String;companyId:String;active:boolean;name:String;email:String;primaryRole:UserRoleEnum;roles:UserRoleEnum[]
load-recommender	db-syncer	db-syncer/src/main/java/cars/ship/recommender/sync/models/DbCompany.java	DbCompany	dto			7	id:String;active:boolean;name:String;email:String;lastModified:String;subscriptionName:String;subscriptionStatus:String
load-recommender	db-syncer	db-syncer/src/main/java/cars/ship/recommender/sync/models/DbUserRow.java	DbUserRow	dto			7	id:String;companyId:String;active:boolean;name:String;email:String;primaryRole:UserRoleEnum;roleName:UserRoleEnum
load-recommender	services	services/src/main/java/cars/ship/recommender/models/CarrierRecommendation.java	CarrierRecommendation	dto			7	id:String;referenceId:String;loadId:String;createTime:Instant;carrierId:String;state:RecommendationState;usersToNotify:String[]
load-recommender	services	services/src/main/java/cars/ship/recommender/models/Recommendation.java	Recommendation	dto			13	id:String;userId:String;loadId:String;createdAt:Instant;updatedAt:Instant;source:Source;status:Status;sentAt:Instant;active:boolean;externalId:String;load:LoadDto;seenAt:Instant;fallbackNotification:EmailNotification
load-recommender	services	services/src/main/java/cars/ship/recommender/models/NotificationSettings.java	NotificationSettings	dto			3	inAppEnabled:boolean;emailEnabled:boolean;notificationsSnoozed:boolean
load-recommender	services	services/src/main/java/cars/ship/recommender/models/PushNotification.java	PushNotification	dto			5	userId:String;loadId:String;title:String;body:String;data:String[]
load-recommender	services	services/src/main/java/cars/ship/recommender/models/EmailNotification.java	EmailNotification	dto			7	id:String;source:Source;userId:String;userEmail:String;loadId:String;emailData:EmailDataDto;recommendationId:String
load-recommender	services	services/src/main/java/cars/ship/recommender/models/dtos/LoadRecommenderNotificationDto.java	LoadRecommenderNotificationDto	dto			5	source:Source;id:String;loadId:String;companyId:String;lastUpdateTime:Instant
load-recommender	services	services/src/main/java/cars/ship/recommender/models/dtos/LoadSyncDto.java	LoadSyncDto	dto			2	carrierUserManagementId:String;load:CtmsLoadMessageDto
load-recommender	services	services/src/main/java/cars/ship/recommender/models/dtos/CtmsGeoPointDto.java	CtmsGeoPointDto	dto			1	coordinates:double[]
load-recommender	services	services/src/main/java/cars/ship/recommender/models/dtos/CtmsLoadMessageDto.java	CtmsLoadMessageDto	dto			39	id:String;pickupCity:String;pickupState:String;pickupZip:String;pickupRequestedDateStart:LocalDate;pickupRequestedDateStartType:String;pickupRequestedDateEnd:LocalDate;pickupRequestedDateEndType:String;pickupAddressLocation:CtmsGeoPointDto;deliveryCity:String;deliveryState:String;deliveryZip:String;deliveryRequestedDateStart:LocalDate;deliveryRequestedDateStartType:String;deliveryRequestedDateEnd:LocalDate;deliveryRequestedDateEndType:String;deliveryAddressLocation:CtmsGeoPointDto;vehicles:PostingVehicleReadDto[];totalPaymentToCarrier:BigDecimal;createTime:Instant;updateTime:Instant;distanceImperial:int;pricePerMile:BigDecimal;paymentOnPickup:BigDecimal;paymentOnPickupMethod:String;paymentOnDelivery:BigDecimal;paymentOnDeliveryMethod:String;shipperName:String;shipperUserManagementId:String;status:String;shipperLoadId:String;shipperId:String;enclosedTrailer:boolean;paymentTermBegins:String;paymentTermBusinessDays:String;canBeClaimed:boolean;postedExternallyTime:Instant;exclusivityExpirationTime:Instant;trips:TripDto[]
load-recommender	services	services/src/main/java/cars/ship/recommender/models/dtos/EmailDataDto.java	EmailDataDto	dto			4	subject:String;templateId:String;templateData:Object[];sender:String
loadboard-backend	api-dtos	api-dtos/src/main/java/cars/ship/loadboard/dtos/PostingDto.java	PostingDto	dto			28	id:String;vehicles:VehicleDto[];attachments:AttachmentDto[];allowInstantBooking:Boolean;customer:CustomerDto;damagesType:DamagesType;deliveryLocation:LocationDetailsDto;driverInstructions:String;firstAvailableDate:LocalDate;forbidVehicleUpdate:boolean;forceDatesEstimation:boolean;forceDriverAssignment:boolean;dispatchInstructions:String;labels:String[];listedPrice:BigDecimal;locationSharingRequiredByShipper:Boolean;paymentDetails:PaymentDetailsDto;pickupLocation:LocationDetailsDto;preferredOnly:Boolean;shipperLoadId:String;source:String;specificLoadRequirements:String;termsAndConditions:String;truckNumberRequired:boolean;ushipCode:String;useEnclosedTrailer:boolean;postToSpecificCarriers:String[];postedExternallyTime:Instant
loadboard-backend	api-dtos	api-dtos/src/main/java/cars/ship/loadboard/dtos/ClaimPostingDto.java	ClaimPostingDto	dto			0	
loadboard-backend	api-dtos	api-dtos/src/main/java/cars/ship/loadboard/dtos/NegotiationCancelDto.java	NegotiationCancelDto	dto			2	cancelReason:String;status:NegotiationStatus
loadboard-backend	api-dtos	api-dtos/src/main/java/cars/ship/loadboard/dtos/DateRangeDto.java	DateRangeDto	dto			2	start:LocalDate;end:LocalDate
loadboard-backend	api-dtos	api-dtos/src/main/java/cars/ship/loadboard/dtos/PaymentDetailsDto.java	PaymentDetailsDto	dto			10	paymentMethod:PaymentBillingMethod;paymentNotes:String;paymentOnPickup:BigDecimal;paymentOnPickupMethod:PaymentOnPickupOrDeliveryMethod;paymentOnDelivery:BigDecimal;paymentOnDeliveryMethod:PaymentOnPickupOrDeliveryMethod;paymentTermsBusinessDays:Integer;paymentTermsCalendarDays:Integer;paymentTermsBegins:PaymentTermsBeginType;totalPaymentToCarrier:BigDecimal
loadboard-backend	api-dtos	api-dtos/src/main/java/cars/ship/loadboard/dtos/AttachmentDto.java	AttachmentDto	dto			4	id:String;externalId:String;shareWithDriver:boolean;type:AttachmentType
loadboard-backend	api-dtos	api-dtos/src/main/java/cars/ship/loadboard/dtos/CustomerDto.java	CustomerDto	dto			20	address:String;city:String;contact:String;contactIsPersonal:Boolean;name:String;primaryEmail:String;secondaryEmail:String;thirdEmail:String;primaryPhone:String;primaryPhoneNotes:String;primaryPhoneType:PhoneType;secondaryPhone:String;secondaryPhoneNotes:String;secondaryPhoneType:PhoneType;thirdPhone:String;thirdPhoneNotes:String;thirdPhoneType:PhoneType;state:String;zip:String;workingHours:String
loadboard-backend	api-dtos	api-dtos/src/main/java/cars/ship/loadboard/dtos/VehicleDto.java	VehicleDto	dto			14	id:String;shipperVehicleId:String;buyerNumber:String;stockNumber:String;color:String;lotNumber:String;year:Integer;make:String;model:String;drivetrain:String;vin:String;operable:boolean;type:String;attachments:AttachmentDto[]
loadboard-backend	api-dtos	api-dtos/src/main/java/cars/ship/loadboard/dtos/OfferDto.java	OfferDto	dto			5	id:String;offer:OfferDetailsDto;status:OfferStatus;offerValidityHours:Long;companyId:String
loadboard-backend	api-dtos	api-dtos/src/main/java/cars/ship/loadboard/dtos/OfferDetailsDto.java	OfferDetailsDto	dto			8	priceInUSD:BigDecimal;pickupDate:DateRangeDto;deliveryDate:DateRangeDto;paymentTermBusinessDays:String;paymentTermCalendarDays:String;paymentTermBegins:String;reason:String;reasonDescription:String
loadboard-backend	api-dtos	api-dtos/src/main/java/cars/ship/loadboard/dtos/PostingInternalFilterDto.java	PostingInternalFilterDto	dto			0	
loadboard-backend	api-dtos	api-dtos/src/main/java/cars/ship/loadboard/dtos/CarrierDispatchDto.java	CarrierDispatchDto	dto			1	carrierId:String
loadboard-backend	api-dtos	api-dtos/src/main/java/cars/ship/loadboard/dtos/LocationDetailsDto.java	LocationDetailsDto	dto			30	contact:String;address:String;city:String;state:String;zip:String;primaryPhone:String;primaryPhoneNotes:String;primaryPhoneType:PhoneType;secondaryPhone:String;secondaryPhoneNotes:String;secondaryPhoneType:PhoneType;thirdPhone:String;thirdPhoneNotes:String;thirdPhoneType:PhoneType;name:String;contactIsPersonal:Boolean;contractDateStart:LocalDate;contractDateStartRestriction:StartDateRestrictionType;contractDateEnd:LocalDate;contractDateEndRestriction:EndDateRestrictionType;primaryEmail:String;secondaryEmail:String;thirdEmail:String;notes:String;requestedDateStart:LocalDate;requestedDateStartRestriction:StartDateRestrictionType;requestedDateEnd:LocalDate;requestedDateEndRestriction:EndDateRestrictionType;signatureRequired:Boolean;workingHours:String
loadboard-backend	api-dtos	api-dtos/src/main/java/cars/ship/loadboard/dtos/AttachmentMetadataDto.java	AttachmentMetadataDto	dto			3	id:String;type:AttachmentType;shareWithDriver:boolean
loadboard-backend	api-dtos	api-dtos/src/main/java/cars/ship/loadboard/dtos/out/LocationDetailsReadDto.java	LocationDetailsReadDto	dto			32	contact:String;address:String;city:String;state:String;zip:String;primaryPhone:String;primaryPhoneNotes:String;primaryPhoneType:PhoneType;secondaryPhone:String;secondaryPhoneNotes:String;secondaryPhoneType:PhoneType;thirdPhone:String;thirdPhoneNotes:String;thirdPhoneType:PhoneType;contractDateStart:LocalDate;contractDateStartRestriction:StartDateRestrictionType;contractDateEnd:LocalDate;contractDateEndRestriction:EndDateRestrictionType;name:String;addressLat:Double;addressLon:Double;contactIsPersonal:Boolean;primaryEmail:String;secondaryEmail:String;thirdEmail:String;notes:String;requestedDateStart:LocalDate;requestedDateStartRestriction:StartDateRestrictionType;requestedDateEnd:LocalDate;requestedDateEndRestriction:EndDateRestrictionType;signatureRequired:boolean;workingHours:String
loadboard-backend	api-dtos	api-dtos/src/main/java/cars/ship/loadboard/dtos/out/AttachmentReadDto.java	AttachmentReadDto	dto			8	id:String;externalId:String;createTime:Instant;updateTime:Instant;shareWithDriver:boolean;type:AttachmentType;fileUrl:String;originalFile:String
loadboard-backend	api-dtos	api-dtos/src/main/java/cars/ship/loadboard/dtos/out/PaymentDetailsReadDto.java	PaymentDetailsReadDto	dto			10	paymentMethod:PaymentBillingMethod;paymentNotes:String;paymentOnPickup:BigDecimal;paymentOnPickupMethod:PaymentOnPickupOrDeliveryMethod;paymentOnDelivery:BigDecimal;paymentOnDeliveryMethod:PaymentOnPickupOrDeliveryMethod;paymentTermsBusinessDays:Integer;paymentTermsCalendarDays:Integer;paymentTermsBegins:PaymentTermsBeginType;totalPaymentToCarrier:BigDecimal
loadboard-backend	api-dtos	api-dtos/src/main/java/cars/ship/loadboard/dtos/out/NegotiationReadDto.java	NegotiationReadDto	dto			12	id:String;lastOffer:OfferReadDto;offers:OfferReadDto[];createTime:Instant;updateTime:Instant;shipperId:String;carrierId:String;isBookAttempt:boolean;status:NegotiationStatus;originalPrice:Double;cancelReason:String;postingId:String
loadboard-backend	api-dtos	api-dtos/src/main/java/cars/ship/loadboard/dtos/out/VehicleSpecificationReadDto.java	VehicleSpecificationReadDto	dto			4	height:Double;length:Double;width:Double;weight:Double
loadboard-backend	api-dtos	api-dtos/src/main/java/cars/ship/loadboard/dtos/out/PostingReadDto.java	PostingReadDto	dto			46	id:String;vehicles:VehicleReadDto[];attachments:AttachmentReadDto[];negotiations:NegotiationReadDto[];isPrivate:boolean;allowInstantBooking:Boolean;createTime:Instant;customer:CustomerReadDto;damagesType:DamagesType;deliveryLocation:LocationDetailsReadDto;distance:Long;distanceInMiles:Double;driverInstructions:String;exclusivityExpirationTime:Instant;expirationTime:Instant;firstAvailableDate:LocalDate;forbidVehicleUpdate:boolean;forceDatesEstimation:boolean;forceDriverAssignment:boolean;dispatchInstructions:String;labels:String[];listedPrice:BigDecimal;locationSharingRequiredByShipper:Boolean;paymentDetails:PaymentDetailsReadDto;pickupLocation:LocationDetailsReadDto;postedTime:Instant;postedExternallyTime:Instant;premiumExclusivityExpirationTime:Instant;premiumOnly:Boolean;pricePerMile:BigDecimal;preferredOnly:Boolean;shipperId:String;shipperLoadId:String;source:String;specificLoadRequirements:String;termsAndConditions:String;truckNumberRequired:boolean;updateTime:Instant;ushipCode:String;useEnclosedTrailer:boolean;postedToCarriers:String[];shipperLogoUrl:String;creatorUserId:String;otherReason:String;cancelReason:String;declineReason:String
loadboard-backend	api-dtos	api-dtos/src/main/java/cars/ship/loadboard/dtos/out/VehicleReadDto.java	VehicleReadDto	dto			17	id:String;createTime:Instant;updateTime:Instant;shipperVehicleId:String;buyerNumber:String;stockNumber:String;color:String;lotNumber:String;year:Integer;make:String;model:String;drivetrain:String;vin:String;operable:Boolean;type:VehicleType;attachments:AttachmentReadDto[];specification:VehicleSpecificationReadDto
loadboard-backend	api-dtos	api-dtos/src/main/java/cars/ship/loadboard/dtos/out/TemporalWorkflowResultDto.java	TemporalWorkflowResultDto	dto			4	workflowId:String;resourceId:String;status:WorkflowStatus;errorMessage:String
loadboard-backend	api-dtos	api-dtos/src/main/java/cars/ship/loadboard/dtos/out/PostingOwnerDto.java	PostingOwnerDto	dto			0	
loadboard-backend	api-dtos	api-dtos/src/main/java/cars/ship/loadboard/dtos/out/CustomerReadDto.java	CustomerReadDto	dto			20	address:String;city:String;contact:String;contactIsPersonal:Boolean;name:String;primaryEmail:String;secondaryEmail:String;thirdEmail:String;primaryPhone:String;primaryPhoneNotes:String;primaryPhoneType:PhoneType;secondaryPhone:String;secondaryPhoneNotes:String;secondaryPhoneType:PhoneType;thirdPhone:String;thirdPhoneNotes:String;thirdPhoneType:PhoneType;state:String;zip:String;workingHours:String
loadboard-backend	api-dtos	api-dtos/src/main/java/cars/ship/loadboard/dtos/out/OfferReadDto.java	OfferReadDto	dto			17	id:String;negotiationId:String;createTime:Instant;updateTime:Instant;companyId:String;status:OfferStatus;expirationTime:Instant;price:Double;pickupDateStart:LocalDate;pickupDateEnd:LocalDate;deliveryDateStart:LocalDate;deliveryDateEnd:LocalDate;paymentTermBegins:String;paymentTermBusinessDays:Integer;paymentTermCalendarDays:Integer;reason:String;reasonDescription:String
loadboard-backend	api-dtos	api-dtos/src/main/java/cars/ship/loadboard/dtos/out/pubsub/AttachmentPubSubDto.java	AttachmentPubSubDto	dto			8	id:String;externalId:String;createTime:Instant;updateTime:Instant;shareWithDriver:boolean;type:AttachmentType;fileUrl:String;originalFile:String
loadboard-backend	api-dtos	api-dtos/src/main/java/cars/ship/loadboard/dtos/out/pubsub/OfferPubSubDto.java	OfferPubSubDto	dto			0	
loadboard-backend	api-dtos	api-dtos/src/main/java/cars/ship/loadboard/dtos/out/pubsub/PostingPubSubDto.java	PostingPubSubDto	dto			55	id:String;vehicles:VehiclePubSubDto[];attachments:AttachmentPubSubDto[];negotiations:NegotiationPubSubDto[];active:boolean;allowInstantBooking:Boolean;createTime:Instant;customer:CustomerPubSubDto;damagesType:DamagesType;deliveryLocation:LocationDetailsPubSubDto;distance:Long;distanceInMiles:Double;driverInstructions:String;exclusivityExpirationTime:Instant;expirationTime:Instant;firstAvailableDate:LocalDate;forbidVehicleUpdate:boolean;forceDatesEstimation:boolean;forceDriverAssignment:boolean;dispatchInstructions:String;labels:String;listedPrice:BigDecimal;locationSharingRequiredByShipper:Boolean;paymentDetails:PaymentDetailsPubSubDto;pickupLocation:LocationDetailsPubSubDto;postedTime:Instant;postedExternallyTime:Instant;premiumExclusivityExpirationTime:Instant;premiumOnly:Boolean;pricePerMile:BigDecimal;preferredOnly:Boolean;shipperId:String;shipperLoadId:String;source:String;specificLoadRequirements:String;termsAndConditions:String;truckNumberRequired:boolean;updateTime:Instant;ushipCode:String;useEnclosedTrailer:boolean;postedToCarriers:String[];ownerService:PostingEntityOwner;creatorUserId:String;otherReason:String;cancelReason:String;declineReason:String;shipperDotNumber:String;shipperName:String;shipperCity:String;shipperState:String;shipperZip:String;shipperAddress:String;shipperEmail:String;shipperPhone:String;shipperLogoUrl:String
loadboard-backend	api-dtos	api-dtos/src/main/java/cars/ship/loadboard/dtos/out/pubsub/CustomerPubSubDto.java	CustomerPubSubDto	dto			20	address:String;city:String;contact:String;contactIsPersonal:Boolean;name:String;primaryEmail:String;secondaryEmail:String;thirdEmail:String;primaryPhone:String;primaryPhoneNotes:String;primaryPhoneType:PhoneType;secondaryPhone:String;secondaryPhoneNotes:String;secondaryPhoneType:PhoneType;thirdPhone:String;thirdPhoneNotes:String;thirdPhoneType:PhoneType;state:String;zip:String;workingHours:String
loadboard-backend	api-dtos	api-dtos/src/main/java/cars/ship/loadboard/dtos/out/pubsub/WorkflowEventPubSubDto.java	WorkflowEventPubSubDto	dto			6	workflowId:String;resourceId:String;status:WorkflowStatus;errorMessage:String;objectType:ObjectType;resource:Object
loadboard-backend	api-dtos	api-dtos/src/main/java/cars/ship/loadboard/dtos/out/pubsub/VehiclePubSubDto.java	VehiclePubSubDto	dto			17	id:String;createTime:Instant;updateTime:Instant;shipperVehicleId:String;buyerNumber:String;stockNumber:String;color:String;lotNumber:String;year:Integer;make:String;model:String;drivetrain:String;vin:String;operable:Boolean;type:VehicleType;attachments:AttachmentPubSubDto[];specification:VehicleSpecificationPubSubDto
loadboard-backend	api-dtos	api-dtos/src/main/java/cars/ship/loadboard/dtos/out/pubsub/NegotiationPubSubDto.java	NegotiationPubSubDto	dto			0	
loadboard-backend	api-dtos	api-dtos/src/main/java/cars/ship/loadboard/dtos/out/pubsub/LocationDetailsPubSubDto.java	LocationDetailsPubSubDto	dto			32	contact:String;address:String;city:String;state:String;zip:String;primaryPhone:String;primaryPhoneNotes:String;primaryPhoneType:PhoneType;secondaryPhone:String;secondaryPhoneNotes:String;secondaryPhoneType:PhoneType;thirdPhone:String;thirdPhoneNotes:String;thirdPhoneType:PhoneType;contractDateStart:LocalDate;contractDateStartRestriction:StartDateRestrictionType;contractDateEnd:LocalDate;contractDateEndRestriction:EndDateRestrictionType;name:String;addressLat:Double;addressLon:Double;contactIsPersonal:Boolean;primaryEmail:String;secondaryEmail:String;thirdEmail:String;notes:String;requestedDateStart:LocalDate;requestedDateStartRestriction:StartDateRestrictionType;requestedDateEnd:LocalDate;requestedDateEndRestriction:EndDateRestrictionType;signatureRequired:boolean;workingHours:String
loadboard-backend	api-dtos	api-dtos/src/main/java/cars/ship/loadboard/dtos/out/pubsub/VehicleSpecificationPubSubDto.java	VehicleSpecificationPubSubDto	dto			4	height:Double;length:Double;width:Double;weight:Double
loadboard-backend	api-dtos	api-dtos/src/main/java/cars/ship/loadboard/dtos/out/pubsub/PaymentDetailsPubSubDto.java	PaymentDetailsPubSubDto	dto			10	paymentMethod:PaymentBillingMethod;paymentNotes:String;paymentOnPickup:BigDecimal;paymentOnPickupMethod:PaymentOnPickupOrDeliveryMethod;paymentOnDelivery:BigDecimal;paymentOnDeliveryMethod:PaymentOnPickupOrDeliveryMethod;paymentTermsBusinessDays:Integer;paymentTermsCalendarDays:Integer;paymentTermsBegins:PaymentTermsBeginType;totalPaymentToCarrier:BigDecimal
loadboard-backend	api-dtos	api-dtos/src/main/java/cars/ship/loadboard/dtos/out/pubsub/PubSubMessageDto.java	PubSubMessageDto	dto			10	objectId:String;action:LoadboardAction;objectType:ObjectType;created:boolean;deleted:boolean;timestamp:Instant;oldValue:T;newValue:T;changedFields:String[];recipientUserIds:String[]
loadboard-backend	db-entities	db-entities/src/main/java/cars/ship/loadboard/entities/VerifiedByEntity.java	VerifiedByEntity	jpa		verified_by	3	shipperId:String;carrierId:String;id:Id
loadboard-backend	db-entities	db-entities/src/main/java/cars/ship/loadboard/entities/NegotiationEntity.java	NegotiationEntity	jpa	BaseEntity	negotiations	7	posting:PostingEntity;offers:OfferEntity[];shipper:CompanyEntity;carrier:CompanyEntity;isBookAttempt:boolean;status:NegotiationStatus;originalPrice:Double
loadboard-backend	db-entities	db-entities/src/main/java/cars/ship/loadboard/entities/UserEntity.java	UserEntity	jpa	BaseEntity	users	5	company:CompanyEntity;roles:UserRoleEnum[];primaryRole:UserRoleEnum;active:boolean;email:String
loadboard-backend	db-entities	db-entities/src/main/java/cars/ship/loadboard/entities/PostingEntity.java	PostingEntity	jpa	BaseEntity	postings	77	vehicles:VehicleEntity[];negotiations:NegotiationEntity[];postedToCarriers:CompanyEntity[];active:boolean;allowInstantBooking:boolean;customerAddress:String;customerContactIsPersonal:boolean;customerPrimaryPhoneType:PhoneType;customerSecondaryPhoneType:PhoneType;customerThirdPhoneType:PhoneType;damagesType:DamagesType;deliveryAddressLat:Double;deliveryAddressLon:Double;deliveryContactIsPersonal:boolean;deliveryContractEndDate:LocalDate;deliveryContractEndDateRestriction:EndDateRestrictionType;deliveryContractStartDate:LocalDate;deliveryContractStartDateRestriction:StartDateRestrictionType;deliveryNotes:String;deliveryPrimaryPhoneType:PhoneType;deliverySecondaryPhoneType:PhoneType;deliveryThirdPhoneType:PhoneType;deliveryStartRequestedDate:LocalDate;deliveryStartRequestedDateRestriction:StartDateRestrictionType;deliveryEndRequestedDate:LocalDate;deliveryEndRequestedDateRestriction:EndDateRestrictionType;deliverySignatureRequired:boolean;distance:Long;driverInstructions:String;exclusivityExpirationTime:Instant;expirationTime:Instant;firstAvailableDate:LocalDate;forbidVehicleUpdate:boolean;forceDatesEstimation:boolean;forceDriverAssignment:boolean;dispatchInstructions:String;labels:String;listedPrice:BigDecimal;locationSharingRequiredByShipper:boolean;paymentMethod:PaymentBillingMethod;paymentNotes:String;paymentOnDelivery:BigDecimal;paymentOnDeliveryMethodType:PaymentOnPickupOrDeliveryMethod;paymentOnPickup:BigDecimal;paymentOnPickupMethodType:PaymentOnPickupOrDeliveryMethod;paymentTermsBeginsType:PaymentTermsBeginType;totalPaymentToCarrier:BigDecimal;pickupAddressLat:double;pickupAddressLon:double;pickupContactIsPersonal:boolean;pickupContractEndDate:LocalDate;pickupContractEndDateRestriction:EndDateRestrictionType;pickupContractStartDate:LocalDate;pickupContractStartDateRestriction:StartDateRestrictionType;pickupNotes:String;pickupPrimaryPhoneType:PhoneType;pickupSecondaryPhoneType:PhoneType;pickupThirdPhoneType:PhoneType;pickupEndRequestedDate:LocalDate;pickupEndRequestedDateRestriction:EndDateRestrictionType;pickupStartRequestedDate:LocalDate;pickupStartRequestedDateRestriction:StartDateRestrictionType;pickupSignatureRequired:boolean;postedTime:Instant;postedExternallyTime:Instant;externalCreateTime:Instant;externalUpdateTime:Instant;premiumExclusivityExpirationTime:Instant;premiumOnly:boolean;preferredOnly:boolean;shipper:CompanyEntity;specificLoadRequirements:String;termsAndConditions:String;truckNumberRequired:boolean;updateTime:Instant;ownerService:PostingEntityOwner;creatorUser:UserEntity
loadboard-backend	db-entities	db-entities/src/main/java/cars/ship/loadboard/entities/CompanyEntity.java	CompanyEntity	jpa	BaseEntity	companies	12	companyType:CompanyTypeEnum;usDotNumber:String;name:String;logoUrl:String;city:String;state:String;zip:String;address:String;email:String;phone:String;active:boolean;users:UserEntity[]
loadboard-backend	db-entities	db-entities/src/main/java/cars/ship/loadboard/entities/OfferEntity.java	OfferEntity	jpa	BaseEntity	offers	11	negotiation:NegotiationEntity;company:CompanyEntity;status:OfferStatus;expirationTime:Instant;price:Double;pickupDateStart:LocalDate;pickupDateEnd:LocalDate;deliveryDateStart:LocalDate;deliveryDateEnd:LocalDate;reasonDescription:String;expirationWarningSent:boolean
loadboard-backend	db-entities	db-entities/src/main/java/cars/ship/loadboard/entities/VehicleEntity.java	VehicleEntity	jpa	BaseEntity	vehicles	8	posting:PostingEntity;operable:boolean;type:VehicleType;attachments:AttachmentEntity[];specificationHeight:Double;specificationLength:Double;specificationWidth:Double;specificationWeight:Double
loadboard-backend	db-entities	db-entities/src/main/java/cars/ship/loadboard/entities/AttachmentEntity.java	AttachmentEntity	jpa	BaseEntity	attachments	4	posting:PostingEntity;vehicle:VehicleEntity;shareWithDriver:boolean;type:AttachmentType
loadboard-backend	db-syncer	db-syncer/src/main/java/cars/ship/loadboard/sync/models/V2VehicleSyncSpecificationDto.java	V2VehicleSyncSpecificationDto	dto			4	height:Double;length:Double;width:Double;weight:Double
loadboard-backend	db-syncer	db-syncer/src/main/java/cars/ship/loadboard/sync/models/PostingSyncDto.java	PostingSyncDto	dto			126	id:String;shipperLoadId:String;pickupCity:String;pickupState:String;pickupZip:String;pickupRequestedDateStart:LocalDate;pickupRequestedDateStartType:String;pickupRequestedDateEnd:LocalDate;pickupRequestedDateEndType:String;pickupEstimateTimeframe:String;pickupEstimateReason:String;deliveryCity:String;deliveryState:String;deliveryZip:String;deliveryRequestedDateStart:LocalDate;deliveryRequestedDateStartType:String;deliveryRequestedDateEnd:LocalDate;deliveryRequestedDateEndType:String;deliveryEstimateTimeframe:String;deliveryEstimateReason:String;customerName:String;enclosedTrailer:boolean;paymentOnPickup:Double;paymentOnPickupMethod:String;paymentOnDelivery:Double;paymentOnDeliveryMethod:String;totalPaymentToCarrier:double;paymentTermBusinessDays:String;paymentTermBegins:String;distance:Long;shipperDotNumber:String;shipperName:String;shipperLogo:String;shipperCity:String;shipperState:String;shipperZip:String;shipperAddress:String;shipperEmail:String;shipperPhone:String;shipperUserManagementId:String;shipperId:String;instructions:String;specificLoadRequirements:String;status:String;labels:String[];canBeBooked:boolean;canBeClaimed:boolean;pickupAddressLocation:String;deliveryAddressLocation:String;firstAvailableDate:LocalDate;mangledFirstAvailableDate:LocalDate;exclusivityExpirationTime:Instant;premiumOnly:boolean;preferredOnly:boolean;premiumExclusivityExpirationTime:Instant;postedExternallyTime:Instant;hasBilling:boolean;postedTime:Instant;updateTime:Instant;createTime:Instant;vehiclesJson:String;vehiclesCount:int;negotiationsCount:int;isPrivate:boolean;customerAddress:String;customerCity:String;customerContactName:String;customerContactIsPersonal:boolean;customerPrimaryEmail:String;customerSecondaryEmail:String;customerThirdEmail:String;customerPrimaryPhone:String;customerPrimaryPhoneType:PhoneType;customerPrimaryPhoneNotes:String;customerSecondaryPhone:String;customerSecondaryPhoneType:PhoneType;customerSecondaryPhoneNotes:String;customerThirdPhone:String;customerThirdPhoneType:PhoneType;customerThirdPhoneNotes:String;customerState:String;customerZipCode:String;damagesType:DamagesType;deliveryAddress:String;deliveryContactName:String;deliveryContactIsPersonal:boolean;deliveryContractEndDate:LocalDate;deliveryContractEndDateRestriction:EndDateRestrictionType;deliveryContractStartDate:LocalDate;deliveryContractStartDateRestriction:StartDateRestrictionType;deliveryPrimaryEmail:String;deliverySecondaryEmail:String;deliveryThirdEmail:String;deliveryPrimaryPhone:String;deliveryPrimaryPhoneType:PhoneType;deliveryPrimaryPhoneNotes:String;deliverySecondaryPhone:String;deliverySecondaryPhoneType:PhoneType;deliverySecondaryPhoneNotes:String;deliveryThirdPhone:String;deliveryThirdPhoneType:PhoneType;deliveryThirdPhoneNotes:String;deliveryCustomerNotPresent:boolean;pickupCustomerNotPresent:boolean;driverInstructions:String;dispatchInstructions:String;listedPrice:Double;locationSharingRequiredByShipper:boolean;paymentHiddenFromDriver:boolean;paymentMethod:PaymentBillingMethod;paymentNotes:String;expirationTime:Instant;forbidVehicleUpdate:boolean;forceDatesEstimation:boolean;forceDriverAssignment:boolean;source:String;termsAndConditions:String;truckNumberRequired:boolean;ushipCode:String;ownerService:String;creatorUserId:String;paymentTermCalendarDays:Integer;otherReasonText:String;cancelReason:String;declineReason:String;postedToCarriers:String[]
loadboard-backend	db-syncer	db-syncer/src/main/java/cars/ship/loadboard/sync/models/CompanySyncDto.java	CompanySyncDto	dto			14	id:String;active:boolean;name:String;companyType:CompanyTypeEnum;usDotNumber:String;createdAt:Instant;lastModified:Instant;logoUrl:String;street:String;state:String;city:String;zipCode:String;email:String;phoneNumber:String
loadboard-backend	db-syncer	db-syncer/src/main/java/cars/ship/loadboard/sync/models/SpecificationDto.java	SpecificationDto	dto			2	min:Double;max:Double
loadboard-backend	db-syncer	db-syncer/src/main/java/cars/ship/loadboard/sync/models/UserSyncDto.java	UserSyncDto	dto			8	id:String;companyId:String;email:String;userRolesJson:String;primaryRole:UserRoleEnum;active:boolean;createdAt:Instant;lastModified:Instant
loadboard-backend	db-syncer	db-syncer/src/main/java/cars/ship/loadboard/sync/models/AttachmentSyncDto.java	AttachmentSyncDto	dto			12	id:String;vehicleId:String;postingId:String;createTime:Instant;updateTime:Instant;shareWithDriver:boolean;type:String;fileUrl:String;originalFile:String;creatorId:String;shipperId:String;externalId:String
loadboard-backend	db-syncer	db-syncer/src/main/java/cars/ship/loadboard/sync/models/V1VehicleSyncSpecificationDto.java	V1VehicleSyncSpecificationDto	dto			4	height:SpecificationDto;length:SpecificationDto;width:SpecificationDto;weight:SpecificationDto
loadboard-backend	db-syncer	db-syncer/src/main/java/cars/ship/loadboard/sync/models/NegotiationSyncDto.java	NegotiationSyncDto	dto			33	id:String;shipperId:String;postingId:String;carrierId:String;carrierUserManagementId:String;shipperUserManagementId:String;orderId:String;cancelReason:String;updateTime:Instant;createTime:Instant;isBookAttempt:boolean;originalPrice:String;status:NegotiationStatus;offersJson:String;id:String;updateTime:Instant;createTime:Instant;expirationTime:Instant;status:OfferStatus;offerDetails:OfferDetailsDto;companyUserManagementId:String;companyId:String;dotNumber:String;name:String;logo:String;price:Double;pickupDate:Object;deliveryDate:Object;paymentTermBegins:String;paymentTermBusinessDays:Integer;paymentTermCalendarDays:Integer;reason:String;reasonDescription:String
loadboard-backend	db-syncer	db-syncer/src/main/java/cars/ship/loadboard/sync/models/CompanyLabelSyncDto.java	CompanyLabelSyncDto	dto			3	shipperId:String;carrierId:String;verified:boolean
loadboard-backend	db-syncer	db-syncer/src/main/java/cars/ship/loadboard/sync/models/VehicleSyncDto.java	VehicleSyncDto	dto			17	id:String;postingId:String;createTime:Instant;updateTime:Instant;shipperVehicleId:String;buyerNumber:String;stockNumber:String;color:String;lotNumber:String;year:Integer;make:String;model:String;vin:String;drivetrain:String;operable:Boolean;type:VehicleType;specification:String
loadboard-backend	services	services/src/main/java/cars/ship/loadboard/temporal/dtos/PostingWorkflowOutDto.java	PostingWorkflowOutDto	dto			4	workflowId:String;resourceId:String;errorMessage:String;posting:Posting
loadboard-backend	services	services/src/main/java/cars/ship/loadboard/temporal/dtos/VehicleDataRequestDto.java	VehicleDataRequestDto	dto			3	year:int;make:String;model:String
loadboard-backend	services	services/src/main/java/cars/ship/loadboard/temporal/dtos/ClaimPostingWorkflowDto.java	ClaimPostingWorkflowDto	dto			9	workflowId:String;postingId:String;shipperId:String;carrierId:String;userId:String;expirationTime:Instant;pickUpDateRange:DateRange;deliveryDateRange:DateRange;posting:Posting
loadboard-backend	services	services/src/main/java/cars/ship/loadboard/temporal/dtos/CreateOfferDto.java	CreateOfferDto	dto			7	workflowId:String;postingId:String;offer:Offer;shipperId:String;negotiation:Negotiation;company:Company;userId:String
loadboard-backend	services	services/src/main/java/cars/ship/loadboard/temporal/dtos/VehicleDimensionsResultDto.java	VehicleDimensionsResultDto	dto			4	year:int;make:String;model:String;specification:VehicleSpecification
loadboard-backend	services	services/src/main/java/cars/ship/loadboard/temporal/dtos/CreatePostingDto.java	CreatePostingDto	dto			2	workflowId:String;posting:Posting
loadboard-backend	services	services/src/main/java/cars/ship/loadboard/temporal/dtos/RemoveFromLoadboardDto.java	RemoveFromLoadboardDto	dto			4	workflowId:String;posting:Posting;companyId:String;userId:String
loadboard-backend	services	services/src/main/java/cars/ship/loadboard/temporal/dtos/UpdatePostingDto.java	UpdatePostingDto	dto			4	workflowId:String;existingPosting:Posting;posting:Posting;userId:String
loadboard-backend	services	services/src/main/java/cars/ship/loadboard/temporal/dtos/PostingLocationResult.java	PostingLocationResult	dto			5	pickupLat:Double;pickupLon:Double;deliveryLat:Double;deliveryLon:Double;distanceInMeters:Long
loadboard-backend	services	services/src/main/java/cars/ship/loadboard/temporal/dtos/DispatchToCarrierDto.java	DispatchToCarrierDto	dto			6	workflowId:String;postingId:String;shipperId:String;carrierId:String;userId:String;dispatchToCarrierData:DispatchToCarrierData
loadboard-backend	services	services/src/main/java/cars/ship/loadboard/temporal/dtos/LocationRequest.java	LocationRequest	dto			6	pickupCity:String;pickupState:String;pickupZipCode:String;deliveryCity:String;deliveryState:String;deliveryZipCode:String
loadboard-backend	services	services/src/main/java/cars/ship/loadboard/models/Offer.java	Offer	dto			18	id:String;negotiationId:String;createTime:Instant;updateTime:Instant;companyId:String;status:OfferStatus;expirationTime:Instant;price:Double;pickupDateStart:LocalDate;pickupDateEnd:LocalDate;deliveryDateStart:LocalDate;deliveryDateEnd:LocalDate;paymentTermBegins:String;paymentTermBusinessDays:Integer;paymentTermCalendarDays:Integer;reason:String;reasonDescription:String;expirationWarningSent:boolean
loadboard-backend	services	services/src/main/java/cars/ship/loadboard/models/DateRange.java	DateRange	dto			0	
loadboard-backend	services	services/src/main/java/cars/ship/loadboard/models/AcceptNegotiation.java	AcceptNegotiation	dto			0	
loadboard-backend	services	services/src/main/java/cars/ship/loadboard/models/Posting.java	Posting	dto			55	id:String;vehicles:Vehicle[];attachments:Attachment[];negotiations:Negotiation[];active:boolean;allowInstantBooking:boolean;createTime:Instant;externalCreateTime:Instant;externalUpdateTime:Instant;customer:Customer;damagesType:DamagesType;deliveryLocation:LocationDetails;distance:Long;driverInstructions:String;exclusivityExpirationTime:Instant;expirationTime:Instant;firstAvailableDate:LocalDate;forbidVehicleUpdate:boolean;forceDatesEstimation:boolean;forceDriverAssignment:boolean;instructions:String;labels:String[];listedPrice:BigDecimal;locationSharingRequiredByShipper:boolean;paymentOnPickup:BigDecimal;paymentOnPickupMethodType:PaymentOnPickupOrDeliveryMethod;paymentOnDelivery:BigDecimal;paymentOnDeliveryMethodType:PaymentOnPickupOrDeliveryMethod;paymentTermsBusinessDays:Integer;paymentTermsCalendarDays:Integer;paymentTermsBeginsType:PaymentTermsBeginType;paymentMethod:PaymentBillingMethod;totalPaymentToCarrier:BigDecimal;paymentNotes:String;pickupLocation:LocationDetails;postedTime:Instant;postedExternallyTime:Instant;premiumExclusivityExpirationTime:Instant;premiumOnly:boolean;preferredOnly:boolean;shipperId:String;shipperLoadId:String;source:String;specificLoadRequirements:String;termsAndConditions:String;truckNumberRequired:boolean;updateTime:Instant;ushipCode:String;useEnclosedTrailer:boolean;postedToSpecificCarriers:Company[];ownerService:PostingEntityOwner;creatorUserId:String;otherReason:String;cancelReason:String;declineReason:String
loadboard-backend	services	services/src/main/java/cars/ship/loadboard/models/Customer.java	Customer	dto			20	address:String;city:String;contact:String;contactIsPersonal:boolean;name:String;primaryEmail:String;secondaryEmail:String;thirdEmail:String;primaryPhone:String;primaryPhoneNotes:String;primaryPhoneType:PhoneType;secondaryPhone:String;secondaryPhoneNotes:String;secondaryPhoneType:PhoneType;thirdPhone:String;thirdPhoneNotes:String;thirdPhoneType:PhoneType;state:String;zip:String;workingHours:String
loadboard-backend	services	services/src/main/java/cars/ship/loadboard/models/LocationDetails.java	LocationDetails	dto			32	contact:String;address:String;city:String;state:String;zip:String;primaryPhone:String;primaryPhoneNotes:String;primaryPhoneType:PhoneType;secondaryPhone:String;secondaryPhoneNotes:String;secondaryPhoneType:PhoneType;thirdPhone:String;thirdPhoneNotes:String;thirdPhoneType:PhoneType;contractDateStart:LocalDate;contractDateStartRestriction:StartDateRestrictionType;contractDateEnd:LocalDate;contractDateEndRestriction:EndDateRestrictionType;name:String;addressLat:Double;addressLon:Double;contactIsPersonal:Boolean;primaryEmail:String;secondaryEmail:String;thirdEmail:String;notes:String;requestedDateStart:LocalDate;requestedDateStartRestriction:StartDateRestrictionType;requestedDateEnd:LocalDate;requestedDateEndRestriction:EndDateRestrictionType;signatureRequired:boolean;workingHours:String
loadboard-backend	services	services/src/main/java/cars/ship/loadboard/models/Negotiation.java	Negotiation	dto			12	id:String;lastOffer:Offer;offers:Offer[];createTime:Instant;updateTime:Instant;shipperId:String;carrierId:String;isBookAttempt:boolean;status:NegotiationStatus;originalPrice:Double;cancelReason:String;postingId:String
loadboard-backend	services	services/src/main/java/cars/ship/loadboard/models/AddRemoveResource.java	AddRemoveResource	dto			2	resourcesToDelete:String[];resourcesToAdd:String[]
loadboard-backend	services	services/src/main/java/cars/ship/loadboard/models/PostingPublicIds.java	PostingPublicIds	dto			5	postingIds:String[];vehicleIds:String[];attachmentIds:String[];negotiationIds:String[];offerIds:String[]
loadboard-backend	services	services/src/main/java/cars/ship/loadboard/models/Notification.java	Notification	dto			3	data:Object;loadboardAction:LoadboardAction;recipients:String[]
loadboard-backend	services	services/src/main/java/cars/ship/loadboard/models/WorkflowResult.java	WorkflowResult	dto			0	
loadboard-backend	services	services/src/main/java/cars/ship/loadboard/models/StalePostingsNotification.java	StalePostingsNotification	dto			0	
loadboard-backend	services	services/src/main/java/cars/ship/loadboard/models/User.java	User	dto			4	id:String;roles:UserRoleEnum[];primaryRole:UserRoleEnum;email:String
loadboard-backend	services	services/src/main/java/cars/ship/loadboard/models/CancelNegotiationData.java	CancelNegotiationData	dto			7	workflowId:String;companyId:String;userId:String;negotiationId:String;cancelReason:String;negotiationStatus:NegotiationStatus;loadboardAction:LoadboardAction
loadboard-backend	services	services/src/main/java/cars/ship/loadboard/models/Attachment.java	Attachment	dto			8	id:String;externalId:String;createTime:Instant;updateTime:Instant;shareWithDriver:boolean;type:AttachmentType;fileUrl:String;originalFile:String
loadboard-backend	services	services/src/main/java/cars/ship/loadboard/models/VehicleSpecification.java	VehicleSpecification	dto			4	height:Double;length:Double;width:Double;weight:Double
loadboard-backend	services	services/src/main/java/cars/ship/loadboard/models/Company.java	Company	dto			13	id:String;name:String;companyType:CompanyTypeEnum;createTime:Instant;updateTime:Instant;dotNumber:String;logoUrl:String;address:String;city:String;state:String;zip:String;email:String;phone:String
loadboard-backend	services	services/src/main/java/cars/ship/loadboard/models/AttachmentMetadata.java	AttachmentMetadata	dto			0	
loadboard-backend	services	services/src/main/java/cars/ship/loadboard/models/PublicIdsToGenerateCount.java	PublicIdsToGenerateCount	dto			5	postingsCount:int;vehiclesCount:int;attachmentsCount:int;negotiationsCount:int;offersCount:int
loadboard-backend	services	services/src/main/java/cars/ship/loadboard/models/Vehicle.java	Vehicle	dto			17	id:String;createTime:Instant;updateTime:Instant;shipperVehicleId:String;buyerNumber:String;stockNumber:String;color:String;lotNumber:String;year:Integer;make:String;model:String;drivetrain:String;vin:String;operable:Boolean;type:VehicleType;attachments:Attachment[];specification:VehicleSpecification
loadboard-backend	services	services/src/main/java/cars/ship/loadboard/models/DispatchToCarrierData.java	DispatchToCarrierData	dto			7	price:Double;expirationTime:Instant;pickUpDateRange:DateRange;deliveryDateRange:DateRange;paymentTermBegins:PaymentTermsBeginType;paymentTermBusinessDays:Integer;paymentTermCalendarDays:Integer
loadboard-backend	services	services/src/main/java/cars/ship/loadboard/dtos/dataone/VehicleSpecificationDto.java	VehicleSpecificationDto	dto			4	width:String;height:String;length:String;weight:String
loadboard-backend	services	services/src/main/java/cars/ship/loadboard/dtos/dataone/VehicleInfoDto.java	VehicleInfoDto	dto			8	type:String;make:String;model:String;originalModel:String;year:Integer;vehicleType:String;bodyType:String;specifications:VehicleSpecificationDto
loadboard-backend	services	services/src/main/java/cars/ship/loadboard/dtos/notification/StalePostingNotificationDto.java	StalePostingNotificationDto	dto			0	
loadboard-backend	services	services/src/main/java/cars/ship/loadboard/dtos/ctms/ClaimPostingCtmsDto.java	ClaimPostingCtmsDto	dto			0	
loadboard-backend	services	services/src/main/java/cars/ship/loadboard/dtos/ctms/AcceptNegotiationDto.java	AcceptNegotiationDto	dto			0	
loadboard-backend	services	services/src/main/java/cars/ship/loadboard/dtos/ctms/CtmsPostingIdsRequestDto.java	CtmsPostingIdsRequestDto	dto			5	postingIdsCount:int;vehicleIdsCount:int;attachmentIdsCount:int;negotiationIdsCount:int;offerIdsCount:int
loadboard-backend	services	services/src/main/java/cars/ship/loadboard/dtos/ctms/CtmsPostingIdsResultDto.java	CtmsPostingIdsResultDto	dto			5	postingIds:String[];vehicleIds:String[];attachmentIds:String[];negotiationIds:String[];offerIds:String[]
loadboard-backend	services	services/src/main/java/cars/ship/loadboard/dtos/ctms/DispatchPostingDto.java	DispatchPostingDto	dto			3	carrierId:String;expirationTime:Instant;posting:PostingReadDto
loadboard-backend	services	services/src/main/java/cars/ship/loadboard/dtos/pubsub/CtmsNegotiationOfferDto.java	CtmsNegotiationOfferDto	dto			7	id:String;targetCompanyId:String;updateTime:Instant;createTime:Instant;expirationTime:Instant;status:OfferStatus;offerDetails:CtmsNegotiationOfferDetailsDto
loadboard-backend	services	services/src/main/java/cars/ship/loadboard/dtos/pubsub/CtmsAttachmentPubSubDto.java	CtmsAttachmentPubSubDto	dto			14	id:String;file:String;image:CtmsImagePubSubDto;creatorCompanyUserManagementId:String;type:String;originalFile:String;height:String;width:String;active:boolean;shareWithDriver:boolean;createTime:Instant;loadId:String;creatorUserManagementId:String;vehicleId:String
loadboard-backend	services	services/src/main/java/cars/ship/loadboard/dtos/pubsub/CtmsAddressLocationPubSubDto.java	CtmsAddressLocationPubSubDto	dto			2	type:String;coordinates:Double[]
loadboard-backend	services	services/src/main/java/cars/ship/loadboard/dtos/pubsub/CtmsNegotiationOfferDetailsDto.java	CtmsNegotiationOfferDetailsDto	dto			10	priceInUSD:BigDecimal;pickupDate:DateRangeDto;deliveryDate:DateRangeDto;paymentTermBusinessDays:String;paymentTermCalendarDays:String;paymentTermBegins:String;reason:String;reasonDescription:String;start:LocalDate;end:LocalDate
loadboard-backend	services	services/src/main/java/cars/ship/loadboard/dtos/pubsub/CtmsNegotiationPubSubDto.java	CtmsNegotiationPubSubDto	dto			12	id:String;orderId:String;shipperId:String;carrierId:String;lastOffer:CtmsNegotiationOfferDto;offers:CtmsNegotiationOfferDto[];updateTime:Instant;createTime:Instant;isBookAttempt:boolean;cancelReason:String;status:NegotiationStatus;originalPrice:Double
loadboard-backend	services	services/src/main/java/cars/ship/loadboard/dtos/pubsub/CtmsPostingDetailsPubSubDto.java	CtmsPostingDetailsPubSubDto	dto			7	id:String;createTime:Instant;updateTime:Instant;status:String;notPublicEvent:Boolean;premiumOnly:Boolean;premiumExclusivityExpirationTime:Instant
loadboard-backend	services	services/src/main/java/cars/ship/loadboard/dtos/pubsub/CtmsMessageObjectDto.java	CtmsMessageObjectDto	dto	MessageDto		0	
loadboard-backend	services	services/src/main/java/cars/ship/loadboard/dtos/pubsub/CtmsSpecificationsPubSubDto.java	CtmsSpecificationsPubSubDto	dto			4	width:CtmsSpecificationPubSubDto;height:CtmsSpecificationPubSubDto;length:CtmsSpecificationPubSubDto;weight:CtmsSpecificationPubSubDto
loadboard-backend	services	services/src/main/java/cars/ship/loadboard/dtos/pubsub/CtmsVehiclePubSubDto.java	CtmsVehiclePubSubDto	dto			23	id:String;createTime:Instant;updateTime:Instant;shipperVehicleId:String;buyerNumber:String;color:String;humanType:String;logo:String;lotNumber:String;year:Integer;make:String;model:String;drivetrain:String;vin:String;operable:Boolean;specificationsYear:String;type:String;vehicleSketch:String;attachments:CtmsAttachmentPubSubDto[];specificationsData:CtmsSpecificationsPubSubDto;brokerVehicleId:String;created:Boolean;deleting:Boolean
loadboard-backend	services	services/src/main/java/cars/ship/loadboard/dtos/pubsub/CtmsImagePubSubDto.java	CtmsImagePubSubDto	dto			2	fullSize:String;thumbnail:String
loadboard-backend	services	services/src/main/java/cars/ship/loadboard/dtos/pubsub/CtmsPostingPubSubDto.java	CtmsPostingPubSubDto	dto			174	id:String;vehicles:CtmsVehiclePubSubDto[];attachments:CtmsAttachmentPubSubDto[];paymentToCarrier:String;postedToCarriers:String[];forbidVehicleUpdate:Boolean;pickupWorkingHours:String;pickupCompanyName:String;pickupCustomerNotPresent:Boolean;referral:String;forceDatesEstimation:Boolean;posting:CtmsPostingDetailsPubSubDto;brokerDotNumber:String;shipperDotNumber:String;shipperLogo:String;shipperCity:String;shipperState:String;shipperZip:String;brokerLoadId:String;termsAndConditions:String;canBeClaimed:boolean;shipperName:String;shipperAddress:String;shipperEmail:String;shipperPhone:String;pricePerMile:Double;locationSharingRequiredByShipper:Boolean;pickupRequestedTimes:String;pickupName:String;pickupContact:String;pickupAddress:String;pickupAddressLocation:CtmsAddressLocationPubSubDto;pickupCity:String;pickupState:String;pickupZip:String;pickupPhone1:String;pickupPhone1Notes:String;pickupPhone1Type:String;pickupPhone2:String;pickupPhone2Notes:String;pickupPhone2Type:String;pickupPhone3:String;pickupPhone3Notes:String;pickupPhone3Type:String;pickupEstimateType:String;pickupEstimateDate:LocalDate;pickupEstimateEndType:String;pickupEstimateEndDate:LocalDate;pickupRequestedDateStart:LocalDate;pickupRequestedDateStartType:String;pickupRequestedDateEnd:LocalDate;pickupRequestedDateEndType:String;pickupContractDateStart:LocalDate;pickupContractDateStartType:String;pickupContractDateEnd:LocalDate;pickupContractDateEndType:String;pickupContactIsPersonal:Boolean;pickupEmail1:String;pickupEmail2:String;pickupEmail3:String;deliveryRequestedTimes:String;deliveryName:String;deliveryWorkingHours:String;deliveryCompanyName:String;deliveryContact:String;deliveryAddress:String;deliveryAddressLocation:CtmsAddressLocationPubSubDto;deliveryCity:String;deliveryState:String;deliveryZip:String;deliveryPhone1:String;deliveryPhone1Notes:String;deliveryPhone1Type:String;deliveryPhone2:String;deliveryPhone2Notes:String;deliveryPhone2Type:String;deliveryPhone3:String;deliveryPhone3Notes:String;deliveryPhone3Type:String;deliveryEstimateType:String;deliveryEstimateDate:LocalDate;deliveryEstimateEndType:String;deliveryEstimateEndDate:LocalDate;deliveryRequestedDateStart:LocalDate;deliveryRequestedDateStartType:String;deliveryRequestedDateEnd:LocalDate;deliveryRequestedDateEndType:String;deliveryContractDateStart:LocalDate;deliveryContractDateStartType:String;deliveryContractDateEnd:LocalDate;deliveryContractDateEndType:String;deliveryContactIsPersonal:Boolean;deliveryCustomerNotPresent:Boolean;deliveryEmail1:String;deliveryEmail2:String;deliveryEmail3:String;exclusivityExpirationTime:Instant;postedExternallyTime:Instant;distanceImperial:Long;distance:Long;listedPrice:Double;paymentOnPickup:Double;paymentOnPickupMethod:String;paymentOnDelivery:Double;paymentOnDeliveryMethod:String;totalPaymentToCarrier:Double;paymentTermBusinessDays:Integer;paymentTermCalendarDays:Integer;paymentTermBegins:String;paymentMethod:String;paymentNotes:String;actualPaymentOnPickupMethod:String;actualPaymentOnDeliveryMethod:String;customerName:String;customerContact:String;customerAddress:String;customerCity:String;customerState:String;customerZip:String;customerContactIsPersonal:Boolean;customerEmail:String;customerEmail2:String;customerEmail3:String;customerPhone1:String;customerPhone1Notes:String;customerPhone1Type:String;customerPhone2:String;customerPhone2Notes:String;customerPhone2Type:String;customerPhone3:String;customerPhone3Notes:String;customerPhone3Type:String;customerWorkingHours:String;forceDriverAssignment:Boolean;labels:String[];canBeBooked:Boolean;ushipCode:String;demo:boolean;shipperLoadId:String;instructions:String;specificLoadRequirements:String;driverInstructions:String;status:String;firstAvailableDate:LocalDate;enclosedTrailer:boolean;dispatchDate:LocalDate;createTime:Instant;updateTime:Instant;requestedBolAddressPickup:String;requestedBolAddressDelivery:String;flags:String[];resolution:String;expirationTime:Instant;starRating:Integer;starRatingExpirationTime:Instant;source:String;sourceSyncStatus:String;performance:Boolean;postedOnCd:Integer;truckNumberRequired:Boolean;brokerId:String;brokerUserManagementId:String;shipperId:String;shipperUserManagementId:String;dispatcherId:String;dispatcherUserManagementId:String;demoOwnerId:String;demoOwnerUserManagementId:String;preferredOnly:Boolean;damagesType:DamagesType;otherReasonText:String;cancelReason:String;declineReason:String;entityOwner:String
loadboard-backend	services	services/src/main/java/cars/ship/loadboard/dtos/pubsub/CtmsSpecificationPubSubDto.java	CtmsSpecificationPubSubDto	dto			2	max:Double;min:Double
loadboard-backend	services	services/src/main/java/cars/ship/loadboard/services/impl/CtmsLoadBoardClientImpl.java	CtmsLoadBoardClientImpl	dto			10	webClient:WebClientImpl;ctmsConfig:CtmsConfig;tokensProvider:TokensProvider;dispatchLoadUrl:String;dispatchPostingDto:DispatchPostingDto;acceptNegotiationUrl:String;acceptNegotiationDto:AcceptNegotiationDto;claimLoadUrl:String;claimPostingDto:ClaimPostingCtmsDto;headers:MultiMap
loadbuilder-backend	infra	infra/src/main/java/cars/ship/loadbuilder/infra/inventory/impl/dtos/UnitsUnlockDto.java	UnitsUnlockDto	dto			1	unitIds:String[]
loadbuilder-backend	infra	infra/src/main/java/cars/ship/loadbuilder/infra/inventory/impl/dtos/UnitsLockDto.java	UnitsLockDto	dto			2	unitIds:String[];lockType:UnitLockTypeEnum
loadbuilder-backend	infra	infra/src/main/java/cars/ship/loadbuilder/infra/inventory/impl/dtos/UnitsAddedToLoadDto.java	UnitsAddedToLoadDto	dto			2	unitIds:String[];loadId:String
loadbuilder-backend	infra	infra/src/main/java/cars/ship/loadbuilder/infra/quotemanager/impl/dtos/QuoteListDto.java	QuoteListDto	dto			1	quotes:QuoteDto[]
loadbuilder-backend	infra	infra/src/main/java/cars/ship/loadbuilder/infra/quotemanager/impl/dtos/ProvidersPayloadDto.java	ProvidersPayloadDto	dto			1	processId:String
loadbuilder-backend	infra	infra/src/main/java/cars/ship/loadbuilder/infra/quotemanager/impl/dtos/ProviderResponseDto.java	ProviderResponseDto	dto			0	
loadbuilder-backend	infra	infra/src/main/java/cars/ship/loadbuilder/infra/quotemanager/impl/dtos/QuoteDto.java	QuoteDto	dto			1	payload:ProviderResponseDto
loadbuilder-backend	api-dtos	api-dtos/src/main/java/cars/ship/loadbuilder/dtos/order/OrdersCreationDto.java	OrdersCreationDto	dto			4	providerId:String;pricingInfo:PricingInfoDto;ratesJobId:String;inventoryItems:InventoryItemDto[]
loadbuilder-backend	api-dtos	api-dtos/src/main/java/cars/ship/loadbuilder/dtos/order/PricingInfoDto.java	PricingInfoDto	dto			5	identity:String;pickupWindow:String;payment:String;price:String;label:String
loadbuilder-backend	api-dtos	api-dtos/src/main/java/cars/ship/loadbuilder/dtos/order/OrdersCreationResultDto.java	OrdersCreationResultDto	dto			3	numberOfSuccess:long;numberOfFailed:long;reportURL:String
loadbuilder-backend	api-dtos	api-dtos/src/main/java/cars/ship/loadbuilder/dtos/order/InventoryItemDto.java	InventoryItemDto	dto			1	inventoryItemId:String
loadbuilder-backend	api-dtos	api-dtos/src/main/java/cars/ship/loadbuilder/dtos/order/OrdersCreationJobDto.java	OrdersCreationJobDto	dto	JobStatusDto		1	ordersCreationResultDto:OrdersCreationResultDto
loadbuilder-backend	api-dtos	api-dtos/src/main/java/cars/ship/loadbuilder/dtos/commons/TimeMetaDto.java	TimeMetaDto	dto			5	createdAt:Instant;startedAt:Instant;finishedAt:Instant;waitTimeMs:int;executionTimeMs:int
loadbuilder-backend	api-dtos	api-dtos/src/main/java/cars/ship/loadbuilder/dtos/load/suggest/SuggestedLoadDto.java	SuggestedLoadDto	dto			34	id:String;pickupContact:String;pickupName:String;pickupCompanyName:String;pickupEmail:String;pickupPhone:String;pickupPrimaryPhoneNotes:String;pickupSecondaryPhone:String;pickupSecondaryPhoneNotes:String;pickupThirdPhone:String;pickupThirdPhoneNotes:String;pickupWorkingHours:String;pickupAddress:String;pickupCity:String;pickupState:String;pickupZip:String;pickupLocationId:String;deliveryContact:String;deliveryName:String;deliveryCompanyName:String;deliveryEmail:String;deliveryPhone:String;deliveryPrimaryPhoneNotes:String;deliverySecondaryPhone:String;deliverySecondaryPhoneNotes:String;deliveryThirdPhone:String;deliveryThirdPhoneNotes:String;deliveryWorkingHours:String;deliveryAddress:String;deliveryCity:String;deliveryState:String;deliveryZip:String;deliveryLocationId:String;carrierUmId:String
loadbuilder-backend	api-dtos	api-dtos/src/main/java/cars/ship/loadbuilder/dtos/load/suggest/SuggestedUnitDto.java	SuggestedUnitDto	dto			38	id:String;loadId:String;externalId:String;shippingDateRange:DateRangeDto;deliveryDateRange:DateRangeDto;vin:String;year:Short;make:String;model:String;logo:String;vehicleType:String;buyerNumber:String;lotNumber:String;stockNumber:String;operableType:OperableTypeEnum;trailerType:TrailerTypeEnum;cpay:Float;rate:Float;customerContact:String;customerName:String;customerCompanyName:String;customerEmail:String;customerPhone:String;customerPrimaryPhoneNotes:String;customerSecondaryPhone:String;customerSecondaryPhoneNotes:String;customerThirdPhone:String;customerThirdPhoneNotes:String;customerWorkingHours:String;customerAddress:String;customerCity:String;customerState:String;customerZip:String;customerLocationId:String;customerAutoImsClientId:String;dispatchInstructions:String;gatePassUri:String;useAtgDriverCode:boolean
loadbuilder-backend	api-dtos	api-dtos/src/main/java/cars/ship/loadbuilder/dtos/load/suggest/SuggestedLoadJobStatusDto.java	SuggestedLoadJobStatusDto	dto	JobStatusDto		1	directDispatch:boolean
loadbuilder-backend	api-dtos	api-dtos/src/main/java/cars/ship/loadbuilder/dtos/load/suggest/SuggestedLoadSettingsDto.java	SuggestedLoadSettingsDto	dto			5	inventoryUnitIds:String[];allowMixedShippingDates:boolean;allowMixedCustomers:boolean;directDispatch:boolean;maxVehicleCount:short
loadbuilder-backend	api-dtos	api-dtos/src/main/java/cars/ship/loadbuilder/dtos/load/suggest/UnitsFilterDto.java	UnitsFilterDto	dto			6	operableType:OperableTypeEnum;direction:MileageBandDirectionEnum;trailerType:TrailerTypeEnum;customers:CustomerDto[];shippingDateAfter:LocalDate;shippingDateBefore:LocalDate
loadbuilder-backend	api-dtos	api-dtos/src/main/java/cars/ship/loadbuilder/dtos/load/rates/RatesJobDto.java	RatesJobDto	dto	JobStatusDto		1	errorMessage:String
loadbuilder-backend	api-dtos	api-dtos/src/main/java/cars/ship/loadbuilder/dtos/load/rates/RateDto.java	RateDto	dto			5	identity:String;pickupWindow:int;payment:String;price:String;label:String
loadbuilder-backend	api-dtos	api-dtos/src/main/java/cars/ship/loadbuilder/dtos/load/rates/RatesRequestDto.java	RatesRequestDto	dto			2	providerId:String;inventoryUnitIds:String[]
loadbuilder-backend	api-dtos	api-dtos/src/main/java/cars/ship/loadbuilder/dtos/csv/CsvRowDto.java	CsvRowDto	dto			43	processingResult:String;orderId:String;errorMessage:String;externalId:String;shippingDateStart:LocalDate;shippingDateEnd:LocalDate;deliveryDateStart:LocalDate;deliveryDateEnd:LocalDate;vin:String;year:Integer;make:String;model:String;buyerNumber:String;lotNumber:String;stockNumber:String;operableType:String;trailerType:String;cpay:Double;rate:Double;pickupContact:String;pickupName:String;pickupCompanyName:String;pickupPhone:String;pickupAddress:String;pickupCity:String;pickupState:String;pickupZip:String;deliveryContact:String;deliveryName:String;deliveryCompanyName:String;deliveryPhone:String;deliveryAddress:String;deliveryCity:String;deliveryState:String;deliveryZip:String;customerContact:String;customerName:String;customerCompanyName:String;customerPhone:String;dispatchInstructions:String;gatePassUri:String;hold:Boolean;status:String
loadbuilder-backend	api-dtos	api-dtos/src/main/java/cars/ship/loadbuilder/dtos/job/JobStatusDto.java	JobStatusDto	dto			3	jobId:String;status:JobStatusEnum;timeMeta:TimeMetaDto
loadbuilder-backend	api-dtos	api-dtos/src/main/java/cars/ship/loadbuilder/dtos/job/JobIdentityDto.java	JobIdentityDto	dto			1	jobId:String
loadbuilder-backend	db-entities	db-entities/src/main/java/cars/ship/loadbuilder/db/entities/InventoryUnitDbEmbedded.java	InventoryUnitDbEmbedded	dto			23	id:String;userId:String;externalId:String;shippingDateRange:DateRangeDto;deliveryDateRange:DateRangeDto;direction:MileageBandDirectionEnum;vin:String;year:short;make:String;model:String;vehicleType:String;buyerNumber:String;lotNumber:String;stockNumber:String;operableType:OperableTypeEnum;trailerType:TrailerTypeEnum;cpay:float;rate:float;customer:AddressInfoDbEmbedded;customerContact:String;dispatchInstructions:String;gatePassUri:String;useAtgDriverCode:boolean
loadbuilder-backend	db-entities	db-entities/src/main/java/cars/ship/loadbuilder/db/entities/InventoryUnitRatesProcessingDbEntity.java	InventoryUnitRatesProcessingDbEntity	dto			10	inventoryUnitId:String;providerId:String;processId:String;quoteId:String;errorResponse:String;quoteManagerError:boolean;status:InventoryUnitRatesProcessingStatusEnum;createdAt:Instant;startedAt:Instant;finishedAt:Instant
loadbuilder-backend	db-entities	db-entities/src/main/java/cars/ship/loadbuilder/db/entities/TimeoutDbEntity.java	TimeoutDbEntity	other	StorageEntity		1	jobIdToTimeout:ConcurrentHashMap<JobKey, Instant>
loadbuilder-backend	db-entities	db-entities/src/main/java/cars/ship/loadbuilder/db/entities/LoadsDbEntity.java	LoadsDbEntity	other	StorageEntity		1	loads:LoadDbEntity[]
loadbuilder-backend	db-entities	db-entities/src/main/java/cars/ship/loadbuilder/db/entities/RatesDbEntity.java	RatesDbEntity	other	StorageEntity		1	rates:RateDbEmbedded[][]
loadbuilder-backend	db-entities	db-entities/src/main/java/cars/ship/loadbuilder/db/entities/JobStatusWithExtraUserInfoDBEntity.java	JobStatusWithExtraUserInfoDBEntity	other	JobStatusDbEntity		5	userEmail:String;units:InventoryUnitsOrderProcessing[];selectedPaymentInfo:SelectedPaymentInfo;providerId:String;ratesJobId:String
loadbuilder-backend	db-entities	db-entities/src/main/java/cars/ship/loadbuilder/db/entities/RatesJobDbEntity.java	RatesJobDbEntity	other	JobStatusDbEntity		2	inventoryUnitRatesProcessing:InventoryUnitRatesProcessingDbEntity[];errorMessage:String
loadbuilder-backend	db-entities	db-entities/src/main/java/cars/ship/loadbuilder/db/entities/AddressInfoDbEmbedded.java	AddressInfoDbEmbedded	dto			16	name:String;companyName:String;email:String;phone:String;primaryPhoneNotes:String;secondaryPhone:String;secondaryPhoneNotes:String;thirdPhone:String;thirdPhoneNotes:String;workingHours:String;address:String;city:String;state:String;zip:String;locationId:String;autoImsClientId:String
loadbuilder-backend	db-entities	db-entities/src/main/java/cars/ship/loadbuilder/db/entities/RateDbEmbedded.java	RateDbEmbedded	dto			5	identity:String;pickupWindow:int;payment:String;price:String;label:String
loadbuilder-backend	db-entities	db-entities/src/main/java/cars/ship/loadbuilder/db/entities/ActiveJobDbEntity.java	ActiveJobDbEntity	other	StorageEntity		4	jobId:String;userId:String;companyId:String;buildLoadsJobsIds:String[]
loadbuilder-backend	db-entities	db-entities/src/main/java/cars/ship/loadbuilder/db/entities/QuoteManagerProcessIdToRatesJobIdDbEntity.java	QuoteManagerProcessIdToRatesJobIdDbEntity	other	StorageEntity		6	quoteManagerProcessId:String;ratesJobId:String;userId:String;companyId:String;username:String;inventoryUnitId:String
loadbuilder-backend	db-entities	db-entities/src/main/java/cars/ship/loadbuilder/db/entities/LoadDbEntity.java	LoadDbEntity	other	StorageEntity		10	pickupContact:String;pickup:AddressInfoDbEmbedded;deliveryContact:String;delivery:AddressInfoDbEmbedded;carrierUmId:String;companyId:String;postedLoadId:String;useEnclosedTrailer:boolean;postingStatus:PostingStatusEnum;postingError:String
loadbuilder-backend	db-entities	db-entities/src/main/java/cars/ship/loadbuilder/db/entities/JobStatusDbEntity.java	JobStatusDbEntity	other	StorageEntity		6	companyId:String;userId:String;status:JobStatusEnum;startedAt:Instant;finishedAt:Instant;settingsJson:String
loadbuilder-backend	db-entities	db-entities/src/main/java/cars/ship/loadbuilder/db/entities/BuildLoadsJobStatusDbEntity.java	BuildLoadsJobStatusDbEntity	other	JobStatusDbEntity		1	suggestedLoadsJobId:String
loadbuilder-backend	db-entities	db-entities/src/main/java/cars/ship/loadbuilder/db/entities/OrdersCreationResultDbEntity.java	OrdersCreationResultDbEntity	other	StorageEntity		3	numberOfSuccess:long;numberOfFailed:long;reportURL:String
loadbuilder-backend	db-entities	db-entities/src/main/java/cars/ship/loadbuilder/db/entities/JobKey.java	JobKey	dto			0	
loadbuilder-backend	shared-services	shared-services/src/main/java/cars/ship/loadbuilder/repos/order/impl/OrdersCreationResultStorage.java	OrdersCreationResultStorage	dto			5	ordersCreationResultStorageKeyService:OrdersCreationResultStorageKeyService;storageClient:StorageClient;key:String;key:String;ordersCreationResultDbEntity:OrdersCreationResultDbEntity
loadbuilder-backend	shared-services	shared-services/src/main/java/cars/ship/loadbuilder/config/LoadBuilderConfig.java	LoadBuilderConfig	dto			26	security:Security;system:System;pubsub:Pubsub;schedulerPool:SchedulerPool;storage:Storage;orders:Orders;rates:Rates;email:Email;logoStorage:LogoStorage;templateId:String;baseUrl:String;dbBucket:String;mediaBucket:String;mediaUri:String;timeoutSeconds:int;timeoutSeconds:int;maxUnitsProcessing:int;corsAllowedOrigins:String[];podId:String;apiPath:String;worker:String;worker:String;quoteManagerNotifications:String;topics:Topics;subscriptions:Subscriptions;size:int
loadbuilder-backend	shared-services	shared-services/src/main/java/cars/ship/loadbuilder/application/rates/TimeoutService.java	TimeoutService	dto			36	dateTimeFetcherService:DateTimeFetcherService;ratesJobRepository:RatesJobRepository;ordersCreationRepository:OrdersCreationRepository;ratesTimeoutSeconds:int;ordersTimeoutSeconds:int;timeoutRepository:TimeoutRepository;timeoutDbEntity:TimeoutDbEntity;jobIdToTimeout:ConcurrentHashMap<JobKey, Instant>;keysToProcess:JobKey[];shouldRemoveAllInventoryUnitsForThisJob:AtomicBoolean;shouldRemoveInventoryUnit:AtomicBoolean;removed:int;timeoutServiceJobFetch:TimeoutServiceJobFetch;jobId:String;inventoryUnitId:String;user:User;now:Instant;expiresOn:Instant;timeoutDbEntity:TimeoutDbEntity;jobIdToTimeout:ConcurrentHashMap<JobKey, Instant>;jobId:String;inventoryUnitId:String;user:User;instantNow:Instant;expiresOn:Instant;jobIdToTimeout:ConcurrentHashMap<JobKey, Instant>;timeoutDbEntity:TimeoutDbEntity;jobIdToTimeout:ConcurrentHashMap<JobKey, Instant>;timeoutRecordById:TimeoutDbEntity;jobId:String;user:User;jobType:JobTypeEnum;jobFetch:TimeoutServiceJobFetch;jobKeysToDelete:JobKey[];sizeBefore:int;sizeAfter:int
loadbuilder-backend	worker-dtos	worker-dtos/src/main/java/cars/ship/loadbuilder/dtos/worker/PingJobMsgDto.java	PingJobMsgDto	dto	JobBaseMsgDto		1	time:Instant
loadbuilder-backend	worker-dtos	worker-dtos/src/main/java/cars/ship/loadbuilder/dtos/process/suggest/SuggestedLoadsJobMsgDto.java	SuggestedLoadsJobMsgDto	dto	JobBaseMsgDto		3	suggestedLoadsJobId:String;settings:SuggestedLoadSettingsDto;user:User
loadbuilder-backend	worker-dtos	worker-dtos/src/main/java/cars/ship/loadbuilder/dtos/process/suggest/LoadsSuggestedWebSocketMsgDto.java	LoadsSuggestedWebSocketMsgDto	dto	WebSocketBaseMsgDto		1	jobId:String
loadbuilder-backend	worker-dtos	worker-dtos/src/main/java/cars/ship/loadbuilder/dtos/process/order/OrdersCreationJobMsgDto.java	OrdersCreationJobMsgDto	dto	JobBaseMsgDto		3	ordersCreationJobId:String;user:User;orders:OrdersCreationDto
loadbuilder-backend	worker-dtos	worker-dtos/src/main/java/cars/ship/loadbuilder/dtos/process/order/OrdersCreationWebSocketMsgDto.java	OrdersCreationWebSocketMsgDto	dto	WebSocketBaseMsgDto		2	ordersCreationJobId:String;reason:String
loadbuilder-backend	worker-dtos	worker-dtos/src/main/java/cars/ship/loadbuilder/dtos/process/rates/RatesJobMsgDto.java	RatesJobMsgDto	dto	JobBaseMsgDto		2	ratesJobId:String;user:User
loadbuilder-backend	worker-dtos	worker-dtos/src/main/java/cars/ship/loadbuilder/dtos/process/rates/RatesFetchedWebSocketMsgDto.java	RatesFetchedWebSocketMsgDto	dto	WebSocketBaseMsgDto		1	jobId:String
loadbuilder-backend	worker-dtos	worker-dtos/src/main/java/cars/ship/loadbuilder/dtos/process/rates/RatesJobFailedWebSocketMsgDto.java	RatesJobFailedWebSocketMsgDto	dto	WebSocketBaseMsgDto		2	jobId:String;reason:String
loadbuilder-backend	infra-interfaces	infra-interfaces/src/main/java/cars/ship/loadbuilder/infra/commons/dtos/PongDto.java	PongDto	dto			1	pingReceivedAt:Instant
loadbuilder-backend	infra-interfaces	infra-interfaces/src/main/java/cars/ship/loadbuilder/infra/attachment/dtos/FileContentDto.java	FileContentDto	dto			0	
loadbuilder-backend	infra-interfaces	infra-interfaces/src/main/java/cars/ship/loadbuilder/infra/quotemanager/vo/QuoteVO.java	QuoteVO	dto			6	quoteId:String;providerId:String;providerName:String;providerProfilePictureUrl:String;quoteDetails:Object;processId:String
loadbuilder-backend	infra-interfaces	infra-interfaces/src/main/java/cars/ship/loadbuilder/infra/quotemanager/dtos/QuoteVehicleDto.java	QuoteVehicleDto	dto			8	id:String;vin:String;year:int;make:String;model:String;bodyType:String;operableType:OperableTypeEnum;inventoryUnitId:String
loadbuilder-backend	infra-interfaces	infra-interfaces/src/main/java/cars/ship/loadbuilder/infra/quotemanager/dtos/QuoteDetails.java	QuoteDetails	dto			3	quoteId:String;errorMessages:String;rates:QuoteRateDto[]
loadbuilder-backend	infra-interfaces	infra-interfaces/src/main/java/cars/ship/loadbuilder/infra/quotemanager/dtos/ManagedServiceProviderDto.java	ManagedServiceProviderDto	dto			4	id:String;name:String;profilePictureUrl:String;createdAt:LocalDateTime
loadbuilder-backend	infra-interfaces	infra-interfaces/src/main/java/cars/ship/loadbuilder/infra/quotemanager/dtos/QuoteRateDto.java	QuoteRateDto	dto			5	identity:String;pickupWindow:int;payment:String;price:String;label:String
loadbuilder-backend	infra-interfaces	infra-interfaces/src/main/java/cars/ship/loadbuilder/infra/quotemanager/dtos/QuotesReceivedNotificationDto.java	QuotesReceivedNotificationDto	dto			2	companyIds:String[];quote:QuoteVO
loadbuilder-backend	infra-interfaces	infra-interfaces/src/main/java/cars/ship/loadbuilder/infra/quotemanager/dtos/QuoteRequestDto.java	QuoteRequestDto	dto			12	pickupDate:LocalDate;pickupStreet:String;pickupCity:String;pickupState:String;pickupZipCode:String;deliveryStreet:String;deliveryCity:String;deliveryState:String;deliveryZipCode:String;trailerType:String;vehicles:QuoteVehicleDto[];providerId:String
loadbuilder-backend	infra-interfaces	infra-interfaces/src/main/java/cars/ship/loadbuilder/infra/quotemanager/dtos/order/ContactDto.java	ContactDto	dto			17	id:String;firstName:String;lastName:String;phoneNumber:String;primaryPhoneNotes:String;secondaryPhone:String;secondaryPhoneNotes:String;thirdPhone:String;thirdPhoneNotes:String;workingHours:String;companyName:String;streetAddress:String;locationId:String;city:String;state:String;zipCode:String;emailAddress:String
loadbuilder-backend	infra-interfaces	infra-interfaces/src/main/java/cars/ship/loadbuilder/infra/quotemanager/dtos/order/GatepassDto.java	GatepassDto	dto			7	attachmentId:String;vehicleId:String;lotNumber:String;stockNumber:String;buyerNumber:String;fileUrl:String;totalRate:Long
loadbuilder-backend	infra-interfaces	infra-interfaces/src/main/java/cars/ship/loadbuilder/infra/quotemanager/dtos/order/OrdersCreationResponseDto.java	OrdersCreationResponseDto	dto			4	success:boolean;message:String;loadId:String;orderId:String
loadbuilder-backend	infra-interfaces	infra-interfaces/src/main/java/cars/ship/loadbuilder/infra/quotemanager/dtos/order/VehicleDto.java	VehicleDto	dto			7	id:String;make:String;model:String;year:Integer;condition:String;vin:String;bodyType:String
loadbuilder-backend	infra-interfaces	infra-interfaces/src/main/java/cars/ship/loadbuilder/infra/quotemanager/dtos/order/OrderDto.java	OrderDto	dto			11	providerId:String;orderId:String;quoteId:String;rateIdentity:String;processId:String;transitTime:String;customer:ContactDto;pickup:ContactDto;delivery:ContactDto;gatepasses:GatepassDto[];customerComment:String
loadbuilder-backend	domain	domain/src/main/java/cars/ship/loadbuilder/domain/suggest/SuggestedLoadsJob.java	SuggestedLoadsJob	dto	AggregateRoot		4	user:User;status:JobStatusEnum;timeMeta:TimeMeta;settings:Object[]
loadbuilder-backend	domain	domain/src/main/java/cars/ship/loadbuilder/domain/suggest/events/SuggestedLoadsJobProcessingStartedEvent.java	SuggestedLoadsJobProcessingStartedEvent	dto			0	
loadbuilder-backend	domain	domain/src/main/java/cars/ship/loadbuilder/domain/suggest/events/SuggestedLoadsJobReadyForProcessingEvent.java	SuggestedLoadsJobReadyForProcessingEvent	dto			0	
loadbuilder-backend	domain	domain/src/main/java/cars/ship/loadbuilder/domain/suggest/events/SuggestedLoadsJobProcessedEvent.java	SuggestedLoadsJobProcessedEvent	dto			0	
loadbuilder-backend	domain	domain/src/main/java/cars/ship/loadbuilder/domain/order/OrdersCreationJob.java	OrdersCreationJob	dto	AggregateRoot		11	user:User;status:JobStatusEnum;timeMeta:TimeMeta;units:InventoryUnitsOrderProcessing[];selectedPaymentInfo:SelectedPaymentInfo;providerId:String;ratesJobId:String;unprocessedUnitsFromOrderJob:InventoryUnitsOrderProcessing[];matchingRatesUnit:InventoryUnitRatesProcessing[];matchingRatesUnitValue:InventoryUnitRatesProcessing;ordersJobUnit:InventoryUnitsOrderProcessing
loadbuilder-backend	domain	domain/src/main/java/cars/ship/loadbuilder/domain/order/vos/SelectedPaymentInfo.java	SelectedPaymentInfo	dto			5	identity:String;pickupWindow:String;payment:String;price:String;label:String
loadbuilder-backend	domain	domain/src/main/java/cars/ship/loadbuilder/domain/order/vos/CsvRowPersisted.java	CsvRowPersisted	dto			43	processingResult:String;orderId:String;errorMessage:String;externalId:String;shippingDateStart:String;shippingDateEnd:String;deliveryDateStart:String;deliveryDateEnd:String;vin:String;year:Integer;make:String;model:String;buyerNumber:String;lotNumber:String;stockNumber:String;operableType:String;trailerType:String;cpay:Double;rate:Double;pickupContact:String;pickupName:String;pickupCompanyName:String;pickupPhone:String;pickupAddress:String;pickupCity:String;pickupState:String;pickupZip:String;deliveryContact:String;deliveryName:String;deliveryCompanyName:String;deliveryPhone:String;deliveryAddress:String;deliveryCity:String;deliveryState:String;deliveryZip:String;customerContact:String;customerName:String;customerCompanyName:String;customerPhone:String;dispatchInstructions:String;gatePassUri:String;hold:String;status:String
loadbuilder-backend	domain	domain/src/main/java/cars/ship/loadbuilder/domain/order/vos/InventoryUnitsOrderProcessing.java	InventoryUnitsOrderProcessing	dto			3	inventoryUnitId:String;status:OrderProcessingStatusEnum;csvRow:CsvRowPersisted
loadbuilder-backend	domain	domain/src/main/java/cars/ship/loadbuilder/domain/order/events/OrdersCreationUnitProcessingStartedEvent.java	OrdersCreationUnitProcessingStartedEvent	dto			0	
loadbuilder-backend	domain	domain/src/main/java/cars/ship/loadbuilder/domain/order/events/OrdersCreationUnitProcessingFailedEvent.java	OrdersCreationUnitProcessingFailedEvent	dto			0	
loadbuilder-backend	domain	domain/src/main/java/cars/ship/loadbuilder/domain/order/events/OrdersCreationJobProcessedEvent.java	OrdersCreationJobProcessedEvent	dto			0	
loadbuilder-backend	domain	domain/src/main/java/cars/ship/loadbuilder/domain/order/events/OrdersCreationDoneSendEmailEvent.java	OrdersCreationDoneSendEmailEvent	dto			0	
loadbuilder-backend	domain	domain/src/main/java/cars/ship/loadbuilder/domain/rates/RatesJob.java	RatesJob	dto	AggregateRoot		18	maxUnitsProcessing:int;user:User;status:JobStatusEnum;timeMeta:TimeMeta;unitsRatesProcessing:InventoryUnitRatesProcessing[];errorMessage:String;unitRatesProcessing:InventoryUnitRatesProcessing;unitProcessing:InventoryUnitRatesProcessing;reason:String;unitRatesProcessing:InventoryUnitRatesProcessing;inventoryUnitStatus:InventoryUnitRatesProcessingStatusEnum;initialCount:long;processingCount:long;expectedStatusesList:JobStatusEnum[];inventoryUnitRatesProcessing:InventoryUnitRatesProcessing;inventoryUnitRatesProcessing:InventoryUnitRatesProcessing[];createdAt:Instant;unitStatus:InventoryUnitRatesProcessing
loadbuilder-backend	domain	domain/src/main/java/cars/ship/loadbuilder/domain/rates/vos/InventoryUnitRatesProcessing.java	InventoryUnitRatesProcessing	dto			8	inventoryUnitId:String;providerId:String;processId:String;errorResponse:String;quoteId:String;quoteManagerError:boolean;status:InventoryUnitRatesProcessingStatusEnum;timeMeta:TimeMeta
loadbuilder-backend	domain	domain/src/main/java/cars/ship/loadbuilder/domain/rates/events/RatesProcessingEvent.java	RatesProcessingEvent	dto			0	
loadbuilder-backend	domain	domain/src/main/java/cars/ship/loadbuilder/domain/rates/events/RatesProcessedEvent.java	RatesProcessedEvent	dto			0	
loadbuilder-backend	domain	domain/src/main/java/cars/ship/loadbuilder/domain/rates/events/RatesRequestedEvent.java	RatesRequestedEvent	dto			0	
loadbuilder-backend	domain	domain/src/main/java/cars/ship/loadbuilder/domain/rates/events/InventoryUnitRatesResolvedEvent.java	InventoryUnitRatesResolvedEvent	dto			3	ratesJobId:String;inventoryUnitId:String;user:User
loadbuilder-backend	domain	domain/src/main/java/cars/ship/loadbuilder/domain/rates/events/InventoryUnitRatesResolveFailedEvent.java	InventoryUnitRatesResolveFailedEvent	dto			4	ratesJobId:String;inventoryUnitId:String;reason:String;user:User
loadbuilder-backend	domain	domain/src/main/java/cars/ship/loadbuilder/domain/rates/events/RatesJobProcessedEvent.java	RatesJobProcessedEvent	dto			2	ratesJobId:String;user:User
loadbuilder-backend	domain	domain/src/main/java/cars/ship/loadbuilder/domain/rates/events/RatesScheduledEvent.java	RatesScheduledEvent	dto			0	
loadbuilder-backend	domain	domain/src/main/java/cars/ship/loadbuilder/domain/sharedkernel/User.java	User	dto			0	
loadbuilder-backend	domain	domain/src/main/java/cars/ship/loadbuilder/domain/sharedkernel/TimeoutServiceUnit.java	TimeoutServiceUnit	dto			1	inventoryUnitId:String
loadbuilder-backend	worker-services	worker-services/src/main/java/cars/ship/loadbuilder/worker/config/InventoryWorkerConfig.java	InventoryWorkerConfig	dto			4	gatePassDownload:GatePassDownload;connectionTimeout:Duration;readTimeout:Duration;maxAllowedBytes:long
loadbuilder-backend	worker-services	worker-services/src/main/java/cars/ship/loadbuilder/worker/application/health/WorkerPubSubHealth.java	WorkerPubSubHealth	dto			5	dateTimeFetcherService:DateTimeFetcherService;lastPubSubPingSentAt:Instant;lastPubSubPingReceivedAt:Instant;workerPingWindow:Duration;builder:Health.Builder
location-history-backend	api-dtos	api-dtos/src/main/java/cars/ship/locationhistory/dtos/SocketEventMessageDto.java	SocketEventMessageDto	dto			11	action:String;actorPk:String;objectType:String;objectPk:String;eventPk:String;parentType:String;parentPk:String;created:boolean;deleted:boolean;timestamp:Instant;changedFields:Object[]
location-history-backend	api-dtos	api-dtos/src/main/java/cars/ship/locationhistory/dtos/LoadLocationSharingStateDto.java	LoadLocationSharingStateDto	dto			0	
location-history-backend	api-dtos	api-dtos/src/main/java/cars/ship/locationhistory/dtos/LoadWithVehiclesLocationDto.java	LoadWithVehiclesLocationDto	dto			2	loadLocations:LocationDto[];vehicleLocations:VehicleLocationGroupDto[]
location-history-backend	api-dtos	api-dtos/src/main/java/cars/ship/locationhistory/dtos/VehicleLocationGroupDto.java	VehicleLocationGroupDto	dto			2	vehicleIds:String[];locations:LocationDto[]
location-history-backend	api-dtos	api-dtos/src/main/java/cars/ship/locationhistory/dtos/DriverIdsRequestDto.java	DriverIdsRequestDto	dto			1	driverIds:String[]
location-history-backend	api-dtos	api-dtos/src/main/java/cars/ship/locationhistory/dtos/MessageDto.java	MessageDto	dto			17	action:String;actorPk:String;actorUserManagementId:String;objectType:String;objectPk:String;eventPk:String;parentType:String;parentPk:String;isDemo:Boolean;demoOwnerId:String;shipperLoadId:String;created:boolean;deleted:boolean;timestamp:Instant;event:EventDto<T>;drivers:String[];changedFields:HashMap<String, Object>
location-history-backend	api-dtos	api-dtos/src/main/java/cars/ship/locationhistory/dtos/DriverLocationDto.java	DriverLocationDto	dto			4	id:Long;userId:String;coordinates:CoordinatesDto;createdAt:Instant
location-history-backend	api-dtos	api-dtos/src/main/java/cars/ship/locationhistory/dtos/EventDto.java	EventDto	dto			22	url:String;id:String;objectType:String;objectPk:String;created:boolean;deleted:boolean;newValue:T;oldValue:T;changedFields:String[];timestamp:Instant;action:String;ip:String;requestId:String;actor:String;carrier:String;shipper:String;actorId:String;carrierId:String;shipperId:String;carrierUserManagementId:String;shipperUserManagementId:String;shipperLoadId:String
location-history-backend	api-dtos	api-dtos/src/main/java/cars/ship/locationhistory/dtos/CoordinatesDto.java	CoordinatesDto	dto			0	
location-history-backend	api-dtos	api-dtos/src/main/java/cars/ship/locationhistory/dtos/DriverLocationRequestDto.java	DriverLocationRequestDto	dto			1	coordinates:CoordinatesDto
location-history-backend	api-dtos	api-dtos/src/main/java/cars/ship/locationhistory/dtos/LocationDto.java	LocationDto	dto			3	timestamp:Instant;status:LoadHistoryStatusEnum;coordinates:CoordinatesDto
location-history-backend	api-dtos	api-dtos/src/main/java/cars/ship/locationhistory/dtos/LocationResponseDto.java	LocationResponseDto	dto			0	
location-history-backend	api-dtos	api-dtos/src/main/java/cars/ship/locationhistory/dtos/DriverLocationSharingStateDto.java	DriverLocationSharingStateDto	dto			0	
location-history-backend	api-dtos	api-dtos/src/main/java/cars/ship/locationhistory/dtos/GetLocationSharingStatesDto.java	GetLocationSharingStatesDto	dto			0	
location-history-backend	api-dtos	api-dtos/src/main/java/cars/ship/locationhistory/dtos/v2/V2LocationDto.java	V2LocationDto	dto			0	
location-history-backend	api-dtos	api-dtos/src/main/java/cars/ship/locationhistory/dtos/common/LoadLocationSharingState.java	LoadLocationSharingState	dto			0	
location-history-backend	api-dtos	api-dtos/src/main/java/cars/ship/locationhistory/dtos/pubsub/LoadLocationLogMsgPubSubDto.java	LoadLocationLogMsgPubSubDto	dto			0	
location-history-backend	db-entities	db-entities/src/main/java/cars/ship/locationhistory/entities/LoadDeprecated.java	LoadDeprecated	dto			4	loadId:String;carrierId:String;shipperId:String;shipperLoadId:String
location-history-backend	db-entities	db-entities/src/main/java/cars/ship/locationhistory/entities/VehicleEntity.java	VehicleEntity	jpa		vehicles	6	id:Long;parentVehicleId:String;loadId:String;createdAt:Instant;loadLocationSharingState:LoadLocationSharingStateEntity;parentLoadId:String
location-history-backend	db-entities	db-entities/src/main/java/cars/ship/locationhistory/entities/LoadLocationLogEntity.java	LoadLocationLogEntity	jpa		load_location_logs	5	id:Long;loadId:String;location:PGpoint;status:String;createdAt:Instant
location-history-backend	db-entities	db-entities/src/main/java/cars/ship/locationhistory/entities/DriverLocationSharingStateEntity.java	DriverLocationSharingStateEntity	jpa		driver_location_sharing_state	7	id:Long;driverId:String;status:String;updatedTime:Instant;startTime:Instant;location:PGpoint;stopTime:Instant
location-history-backend	db-entities	db-entities/src/main/java/cars/ship/locationhistory/entities/LoadLocationSharingStateEntity.java	LoadLocationSharingStateEntity	jpa		load_location_sharing_state	14	id:Long;loadId:String;status:String;driverId:String;carrierId:String;shipperId:String;shipperLoadId:String;startTime:Instant;stopTime:Instant;updatedTime:Instant;pickupDate:Instant;firstAvailableDate:Instant;parentLoadId:String;vehicles:VehicleEntity[]
location-history-backend	db-entities	db-entities/src/main/java/cars/ship/locationhistory/entities/DriverLocationsEntity.java	DriverLocationsEntity	jpa		driver_locations	5	id:Long;driverId:String;location:PGpoint;createdAt:Instant;source:String
location-provider	api-dtos	api-dtos/src/main/java/cars/ship/locationprovider/dtos/LocationPointDto.java	LocationPointDto	dto			0	
location-provider	api-dtos	api-dtos/src/main/java/cars/ship/locationprovider/dtos/RouteQueryDto.java	RouteQueryDto	dto			6	origin:String;destination:String;waypoints:String[];restrictions:String;optimize:Boolean;avoidCanada:boolean
location-provider	api-dtos	api-dtos/src/main/java/cars/ship/locationprovider/dtos/PlaceLocationQueryDto.java	PlaceLocationQueryDto	dto			4	placeId:String;address:String;latitude:Double;longitude:Double
location-provider	api-dtos	api-dtos/src/main/java/cars/ship/locationprovider/dtos/LocationQueryDto.java	LocationQueryDto	dto			3	zipCode:String;city:String;searchBy3DigitZipCode:boolean
location-provider	api-dtos	api-dtos/src/main/java/cars/ship/locationprovider/dtos/StateInfoDto.java	StateInfoDto	dto			0	
location-provider	api-dtos	api-dtos/src/main/java/cars/ship/locationprovider/dtos/EtaQueryDto.java	EtaQueryDto	dto			4	originLatitude:double;originLongitude:double;destinationLatitude:double;destinationLongitude:double
location-provider	api-dtos	api-dtos/src/main/java/cars/ship/locationprovider/dtos/GeocodingQueryDto.java	GeocodingQueryDto	dto			5	address:String;latitude:Double;longitude:Double;region:String;postalCode:String
location-provider	api-dtos	api-dtos/src/main/java/cars/ship/locationprovider/dtos/NearbySearchQueryDto.java	NearbySearchQueryDto	dto			3	latitude:double;longitude:double;radius:int
location-provider	api-dtos	api-dtos/src/main/java/cars/ship/locationprovider/dtos/GeocodedRouteQueryDto.java	GeocodedRouteQueryDto	dto			9	originLatitude:double;originLongitude:double;destinationLatitude:double;destinationLongitude:double;alternatives:boolean;language:String;units:String;restrictions:String;region:String
location-provider	api-dtos	api-dtos/src/main/java/cars/ship/locationprovider/dtos/LocationInfoDto.java	LocationInfoDto	dto			0	
location-provider	api-dtos	api-dtos/src/main/java/cars/ship/locationprovider/dtos/PlaceAutocompleteQueryDto.java	PlaceAutocompleteQueryDto	dto			2	query:String;country:String
location-provider	api-dtos	api-dtos/src/main/java/cars/ship/locationprovider/dtos/responses/DirectionsResponseDto.java	DirectionsResponseDto	dto			0	
location-provider	api-dtos	api-dtos/src/main/java/cars/ship/locationprovider/dtos/responses/AutocompletePlaceDto.java	AutocompletePlaceDto	dto			0	
location-provider	api-dtos	api-dtos/src/main/java/cars/ship/locationprovider/dtos/responses/DirectionRouteDistanceResponseDto.java	DirectionRouteDistanceResponseDto	dto			0	
location-provider	api-dtos	api-dtos/src/main/java/cars/ship/locationprovider/dtos/responses/GeocodeResponseDto.java	GeocodeResponseDto	dto			0	
location-provider	api-dtos	api-dtos/src/main/java/cars/ship/locationprovider/dtos/responses/EtaResponseDto.java	EtaResponseDto	dto			0	
location-provider	api-dtos	api-dtos/src/main/java/cars/ship/locationprovider/dtos/responses/GeocodeDetailsResponseDto.java	GeocodeDetailsResponseDto	dto			0	
location-provider	api-dtos	api-dtos/src/main/java/cars/ship/locationprovider/dtos/routeoptimization/OptimizeToursResponseDto.java	OptimizeToursResponseDto	dto			0	
location-provider	api-dtos	api-dtos/src/main/java/cars/ship/locationprovider/dtos/routeoptimization/EncodedPolylineDto.java	EncodedPolylineDto	dto			0	
location-provider	api-dtos	api-dtos/src/main/java/cars/ship/locationprovider/dtos/routeoptimization/ShipmentDto.java	ShipmentDto	dto			0	
location-provider	api-dtos	api-dtos/src/main/java/cars/ship/locationprovider/dtos/routeoptimization/LoadLimitDto.java	LoadLimitDto	dto			0	
location-provider	api-dtos	api-dtos/src/main/java/cars/ship/locationprovider/dtos/routeoptimization/DistanceLimitDto.java	DistanceLimitDto	dto			0	
location-provider	api-dtos	api-dtos/src/main/java/cars/ship/locationprovider/dtos/routeoptimization/OptimizeToursRequestDto.java	OptimizeToursRequestDto	dto			0	
location-provider	api-dtos	api-dtos/src/main/java/cars/ship/locationprovider/dtos/routeoptimization/VehicleDto.java	VehicleDto	dto			0	
location-provider	api-dtos	api-dtos/src/main/java/cars/ship/locationprovider/dtos/routeoptimization/VisitRequestDto.java	VisitRequestDto	dto			0	
location-provider	api-dtos	api-dtos/src/main/java/cars/ship/locationprovider/dtos/routeoptimization/LoadDto.java	LoadDto	dto			0	
location-provider	api-dtos	api-dtos/src/main/java/cars/ship/locationprovider/dtos/routeoptimization/TransitionDto.java	TransitionDto	dto			0	
location-provider	api-dtos	api-dtos/src/main/java/cars/ship/locationprovider/dtos/routeoptimization/DurationLimitDto.java	DurationLimitDto	dto			0	
location-provider	api-dtos	api-dtos/src/main/java/cars/ship/locationprovider/dtos/routeoptimization/ShipmentRouteDto.java	ShipmentRouteDto	dto			0	
location-provider	api-dtos	api-dtos/src/main/java/cars/ship/locationprovider/dtos/routeoptimization/VisitDto.java	VisitDto	dto			0	
location-provider	api-dtos	api-dtos/src/main/java/cars/ship/locationprovider/dtos/routeoptimization/TimeWindowDto.java	TimeWindowDto	dto			0	
location-provider	api-dtos	api-dtos/src/main/java/cars/ship/locationprovider/dtos/routeoptimization/LocationDto.java	LocationDto	dto			0	
location-provider	api-dtos	api-dtos/src/main/java/cars/ship/locationprovider/dtos/routeoptimization/WaypointDto.java	WaypointDto	dto			0	
location-provider	api-dtos	api-dtos/src/main/java/cars/ship/locationprovider/dtos/routeoptimization/BreakRuleDto.java	BreakRuleDto	dto			0	
location-provider	api-dtos	api-dtos/src/main/java/cars/ship/locationprovider/dtos/routeoptimization/LatLngDto.java	LatLngDto	dto			0	
location-provider	api-dtos	api-dtos/src/main/java/cars/ship/locationprovider/dtos/routeoptimization/SkippedShipmentDto.java	SkippedShipmentDto	dto			0	
location-provider	api-dtos	api-dtos/src/main/java/cars/ship/locationprovider/dtos/routeoptimization/ShipmentModelDto.java	ShipmentModelDto	dto			0	
location-provider	api-dtos	api-dtos/src/main/java/cars/ship/locationprovider/dtos/routeoptimization/RouteModifiersDto.java	RouteModifiersDto	dto			0	
location-provider	db-entities	db-entities/src/main/java/cars/ship/locationprovider/entities/RouteDistanceEntity.java	RouteDistanceEntity	jpa		route_distance	9	id:Long;originLatitude:Double;originLongitude:Double;destinationLatitude:Double;destinationLongitude:Double;distanceInMeters:Long;distanceInMiles:Double;calculationMethod:String;createdAt:Instant
location-provider	commons	commons/src/main/java/cars/ship/locationprovider/commons/vo/EtaCacheEntryVo.java	EtaCacheEntryVo	dto			0	
location-provider	commons	commons/src/main/java/cars/ship/locationprovider/commons/vo/DirectionsVo.java	DirectionsVo	dto			3	origin:String;destination:String;waypoints:String[]
location-provider	commons	commons/src/main/java/cars/ship/locationprovider/commons/vo/CacheItemVo.java	CacheItemVo	dto			2	data:Object;createdAt:long
location-provider	spring-client	spring-client/src/main/java/cars/ship/locationprovider/spring/client/LocationProviderClientConfig.java	LocationProviderClientConfig	dto			0	
location-provider	spring-client	spring-client/src/main/java/cars/ship/locationprovider/spring/client/dtos/DirectionsResponseDto.java	DirectionsResponseDto	dto			0	
location-provider	spring-client	spring-client/src/main/java/cars/ship/locationprovider/spring/client/dtos/LocationPointDto.java	LocationPointDto	dto			0	
location-provider	spring-client	spring-client/src/main/java/cars/ship/locationprovider/spring/client/dtos/RouteQueryDto.java	RouteQueryDto	dto			5	origin:String;destination:String;waypoints:String[];restrictions:String;optimize:Boolean
location-provider	spring-client	spring-client/src/main/java/cars/ship/locationprovider/spring/client/dtos/PlaceLocationQueryDto.java	PlaceLocationQueryDto	dto			4	placeId:String;address:String;latitude:Double;longitude:Double
location-provider	spring-client	spring-client/src/main/java/cars/ship/locationprovider/spring/client/dtos/LocationQueryDto.java	LocationQueryDto	dto			3	zipCode:String;city:String;searchBy3DigitZipCode:boolean
location-provider	spring-client	spring-client/src/main/java/cars/ship/locationprovider/spring/client/dtos/LocationInfoDto.java	LocationInfoDto	dto			0	
location-provider	spring-client	spring-client/src/main/java/cars/ship/locationprovider/spring/client/dtos/GeocodeDetailsResponseDto.java	GeocodeDetailsResponseDto	dto			0	
location-provider	services	services/src/main/java/cars/ship/locationprovider/services/cache/impl/RedisCacheServiceImpl.java	RedisCacheServiceImpl	dto			4	ds:RedisDataSource;valueCommands:ValueCommands<String, T>;value:ValueCommands<String, T>;setArgs:SetArgs
location-provider	services	services/src/main/java/cars/ship/locationprovider/services/cache/impl/ESCacheServiceImpl.java	ESCacheServiceImpl	dto			1	elasticSearchService:ElasticSearchService
metadata	api-dtos	api-dtos/src/main/java/cars/ship/metadata/dtos/CreateMetadataDto.java	CreateMetadataDto	dto			0	
metadata	api-dtos	api-dtos/src/main/java/cars/ship/metadata/dtos/UpdateCompanyMetadataRestrictionDto.java	UpdateCompanyMetadataRestrictionDto	dto			0	
metadata	api-dtos	api-dtos/src/main/java/cars/ship/metadata/dtos/CompanyMetadataPubSubDataDto.java	CompanyMetadataPubSubDataDto	dto			0	
metadata	api-dtos	api-dtos/src/main/java/cars/ship/metadata/dtos/MetadataDto.java	MetadataDto	dto			0	
metadata	api-dtos	api-dtos/src/main/java/cars/ship/metadata/dtos/MetadataSearchDto.java	MetadataSearchDto	dto			0	
metadata	api-dtos	api-dtos/src/main/java/cars/ship/metadata/dtos/UpdateMetadataDto.java	UpdateMetadataDto	dto			0	
metadata	api-dtos	api-dtos/src/main/java/cars/ship/metadata/dtos/CompanyMetadataRestrictionDto.java	CompanyMetadataRestrictionDto	dto			0	
metadata	api-dtos	api-dtos/src/main/java/cars/ship/metadata/dtos/CompanyMetadataRestrictionPubSubDataDto.java	CompanyMetadataRestrictionPubSubDataDto	dto			0	
metadata	api-dtos	api-dtos/src/main/java/cars/ship/metadata/dtos/CreateCompanyMetadataRestrictionDto.java	CreateCompanyMetadataRestrictionDto	dto			0	
metadata	api-dtos	api-dtos/src/main/java/cars/ship/metadata/dtos/PubSubMessageDto.java	PubSubMessageDto	dto			6	objectId:String;objectType:MetadataObjectTypeEnum;created:boolean;deleted:boolean;timestamp:Instant;data:T
metadata	db-entities	db-entities/src/main/java/cars/ship/metadata/entities/MetadataEntity.java	MetadataEntity	jpa	BaseEntity	metadata	7	companyId:String;entityType:MetadataEntityTypeEnum;entityId:String;type:MetadataTypeEnum;updatable:boolean;key:String;value:String
metadata	db-entities	db-entities/src/main/java/cars/ship/metadata/entities/CompanyMetadataRestrictionEntity.java	CompanyMetadataRestrictionEntity	jpa	BaseEntity	company_metadata_restrictions	5	companyId:String;keyName:String;entityType:MetadataEntityTypeEnum;valueType:CompanyMetadataRestrictionsValueTypeEnum;deleteMetadataEntriesOnRestrictionUpdate:boolean
metadata	spring-client	spring-client/src/main/java/cars/ship/metadata/spring/client/MetadataClientConfig.java	MetadataClientConfig	dto			0	
metadata	repositories	repositories/src/main/java/cars/ship/metadata/repositories/vos/CreateMetadataVo.java	CreateMetadataVo	dto			0	
metadata	repositories	repositories/src/main/java/cars/ship/metadata/repositories/vos/UpdateMetadataKeyVo.java	UpdateMetadataKeyVo	dto			0	
metadata	repositories	repositories/src/main/java/cars/ship/metadata/repositories/vos/DeleteMetadataByKeyVo.java	DeleteMetadataByKeyVo	dto			0	
metadata	repositories	repositories/src/main/java/cars/ship/metadata/repositories/vos/UpdateCompanyMetadataRestrictionVo.java	UpdateCompanyMetadataRestrictionVo	dto			0	
metadata	repositories	repositories/src/main/java/cars/ship/metadata/repositories/vos/MetadataSearchVo.java	MetadataSearchVo	dto			0	
metadata	repositories	repositories/src/main/java/cars/ship/metadata/repositories/vos/CreateCompanyMetadataRestrictionVo.java	CreateCompanyMetadataRestrictionVo	dto			0	
metadata	repositories	repositories/src/main/java/cars/ship/metadata/repositories/vos/UpdateMetadataVo.java	UpdateMetadataVo	dto			0	
metadata	repositories	repositories/src/main/java/cars/ship/metadata/repositories/vos/MetadataIdentityVo.java	MetadataIdentityVo	dto			0	
metadata	services	services/src/main/java/cars/ship/metadata/services/vos/MetadataCreationResultVo.java	MetadataCreationResultVo	dto			0	
metadata	services	services/src/main/java/cars/ship/metadata/services/vos/UpdateCompanyMetadataRestrictionResultVo.java	UpdateCompanyMetadataRestrictionResultVo	dto			0	
models-lib	api-dtos	api-dtos/src/main/java/cars/ship/modelslib/apidtos/savedsearchhandler/SavedSearchSyncDto.java	SavedSearchSyncDto	dto			8	id:String;name:String;createTime:Instant;updateTime:Instant;queryParams:String;emailNotification:boolean;userId:String;esQuery:String
models-lib	api-dtos	api-dtos/src/main/java/cars/ship/modelslib/apidtos/tripplanner/TripStopsDto.java	TripStopsDto	dto			2	stops:TripStopDto[];vault:TripStopDto[]
models-lib	api-dtos	api-dtos/src/main/java/cars/ship/modelslib/apidtos/tripplanner/CityStateDto.java	CityStateDto	dto			3	city:String;state:String;zip:String
models-lib	api-dtos	api-dtos/src/main/java/cars/ship/modelslib/apidtos/tripplanner/GeoPointDto.java	GeoPointDto	dto			0	
models-lib	api-dtos	api-dtos/src/main/java/cars/ship/modelslib/apidtos/tripplanner/TripStopDto.java	TripStopDto	dto			2	tripLoadId:String;type:StopType
models-lib	api-dtos	api-dtos/src/main/java/cars/ship/modelslib/apidtos/tripplanner/RangeDto.java	RangeDto	dto			2	start:T;end:T
models-lib	api-dtos	api-dtos/src/main/java/cars/ship/modelslib/apidtos/tripplanner/out/TripLoadUpdateDto.java	TripLoadUpdateDto	dto			3	action:TripUpdateAction;tripId:String;loadId:String
models-lib	api-dtos	api-dtos/src/main/java/cars/ship/modelslib/apidtos/tripplanner/out/DateRangeDto.java	DateRangeDto	dto			2	start:LocalDate;end:LocalDate
models-lib	api-dtos	api-dtos/src/main/java/cars/ship/modelslib/apidtos/tripplanner/out/TripDto.java	TripDto	dto			15	id:String;name:String;status:TripStatus;capacity:int;driver:UserDto;origin:CityStateDto;destination:CityStateDto;revenue:double;route:RouteDto;plan:SlotDto[];loads:TripLoadDto[];stops:TripStopDto[];vault:TripStopDto[];startDate:LocalDate;endDate:LocalDate
models-lib	api-dtos	api-dtos/src/main/java/cars/ship/modelslib/apidtos/tripplanner/out/ResultsDto.java	ResultsDto	dto			0	
models-lib	api-dtos	api-dtos/src/main/java/cars/ship/modelslib/apidtos/tripplanner/out/CountDto.java	CountDto	dto			1	count:long
models-lib	api-dtos	api-dtos/src/main/java/cars/ship/modelslib/apidtos/tripplanner/out/TripLoadDto.java	TripLoadDto	dto			10	id:String;loadId:String;shipperLoadId:String;pickupCity:CityStateDto;deliveryCity:CityStateDto;pickupRange:DateRangeDto;deliveryRange:DateRangeDto;vehiclesCount:Integer;status:TripLoadDtoStatus;totalPaymentToCarrier:Double
models-lib	api-dtos	api-dtos/src/main/java/cars/ship/modelslib/apidtos/tripplanner/out/SpotDto.java	SpotDto	dto			5	startMile:double;endMile:double;loadId:String;type:SpotTypeDto;vcgIds:Integer[]
models-lib	api-dtos	api-dtos/src/main/java/cars/ship/modelslib/apidtos/tripplanner/out/TripSyncDto.java	TripSyncDto	dto			5	tripId:String;action:TripUpdateAction;tripName:String;carrierId:String;carrierTripId:Long
models-lib	api-dtos	api-dtos/src/main/java/cars/ship/modelslib/apidtos/tripplanner/out/RouteDto.java	RouteDto	dto			3	polyline:String;totalDistanceMiles:double;legs:LegDto[]
models-lib	api-dtos	api-dtos/src/main/java/cars/ship/modelslib/apidtos/tripplanner/out/LegDto.java	LegDto	dto			3	miles:double;startLocation:GeoPointDto;endLocation:GeoPointDto
models-lib	api-dtos	api-dtos/src/main/java/cars/ship/modelslib/apidtos/tripplanner/out/UserDto.java	UserDto	dto			3	id:String;fullName:String;profilePicture:String
models-lib	api-dtos	api-dtos/src/main/java/cars/ship/modelslib/apidtos/tripplanner/out/TripUpdateDto.java	TripUpdateDto	dto			4	tripId:String;action:TripUpdateAction;tripName:String;carrierId:String
models-lib	api-dtos	api-dtos/src/main/java/cars/ship/modelslib/apidtos/tripplanner/out/SlotDto.java	SlotDto	dto			2	exceedingCapacity:boolean;spots:SpotDto[]
models-lib	api-dtos	api-dtos/src/main/java/cars/ship/modelslib/apidtos/tripplanner/out/list/TripListDto.java	TripListDto	dto			13	id:String;name:String;status:TripStatus;capacity:int;driver:UserDto;origin:CityStateDto;destination:CityStateDto;startDate:LocalDate;endDate:LocalDate;loads:TripLoadListDto[];revenue:double;createTime:Instant;updateTime:Instant
models-lib	api-dtos	api-dtos/src/main/java/cars/ship/modelslib/apidtos/tripplanner/out/list/TripLoadListDto.java	TripLoadListDto	dto			2	id:String;status:TripLoadListStatusDto
models-lib	api-dtos	api-dtos/src/main/java/cars/ship/modelslib/apidtos/tripplanner/in/api/CreateLoadCandidateDto.java	CreateLoadCandidateDto	dto			0	
models-lib	api-dtos	api-dtos/src/main/java/cars/ship/modelslib/apidtos/tripplanner/in/api/CreateTripDto.java	CreateTripDto	dto			7	name:String;capacity:Integer;load:CreateTripLoadDto;origin:CityStateDto;destination:CityStateDto;startDate:LocalDate;endDate:LocalDate
models-lib	api-dtos	api-dtos/src/main/java/cars/ship/modelslib/apidtos/tripplanner/in/api/CreateTripLoadDto.java	CreateTripLoadDto	dto			0	
models-lib	api-dtos	api-dtos/src/main/java/cars/ship/modelslib/apidtos/tripplanner/in/api/ValueDto.java	ValueDto	dto			0	
models-lib	api-dtos	api-dtos/src/main/java/cars/ship/modelslib/apidtos/common/ContextDto.java	ContextDto	dto			8	user:UserContext;userName:String;roles:String[];id:String;companyType:CompanyType;id:String;email:String;company:CompanyContextDto
models-lib	api-dtos	api-dtos/src/main/java/cars/ship/modelslib/apidtos/integrationexecutor/WebhookMessageDto.java	WebhookMessageDto	dto			2	data:MessageDataDto;settings:WebhookSettingsDto
models-lib	api-dtos	api-dtos/src/main/java/cars/ship/modelslib/apidtos/integrationexecutor/WebhookSettingsDto.java	WebhookSettingsDto	dto			2	url:String;secret:String
models-lib	api-dtos	api-dtos/src/main/java/cars/ship/modelslib/apidtos/integrationexecutor/MessageDataDto.java	MessageDataDto	dto			13	action:String;actorPk:String;actor:String;objectType:String;objectPk:String;url:String;eventPk:String;parentType:String;parentPk:String;created:boolean;deleted:boolean;timestamp:Date;data:Object
models-lib	api-dtos	api-dtos/src/main/java/cars/ship/modelslib/apidtos/syncer/SyncMessageDto.java	SyncMessageDto	dto			8	action:String;objectType:String;objectPk:String;url:String;created:boolean;deleted:boolean;timestamp:Instant;data:T
models-lib	api-dtos	api-dtos/src/main/java/cars/ship/modelslib/apidtos/keycloak/KeyCloakEventDto.java	KeyCloakEventDto	dto			12	id:String;time:Long;type:String;realmId:String;realmName:String;clientId:String;userId:String;sessionId:String;ipAddress:String;error:String;details:Object[];user:KeyCloakUserDto
models-lib	api-dtos	api-dtos/src/main/java/cars/ship/modelslib/apidtos/keycloak/KeyCloakUserDto.java	KeyCloakUserDto	dto			6	firstName:String;lastName:String;isEnabled:boolean;username:String;email:String;isEmailVerified:boolean
models-lib	api-dtos	api-dtos/src/main/java/cars/ship/modelslib/apidtos/loadbookmark/PostingDto.java	PostingDto	dto			1	status:String
models-lib	api-dtos	api-dtos/src/main/java/cars/ship/modelslib/apidtos/loadbookmark/ResultDto.java	ResultDto	dto			2	results:BookmarkDto[];count:int
models-lib	api-dtos	api-dtos/src/main/java/cars/ship/modelslib/apidtos/loadbookmark/BookmarkDto.java	BookmarkDto	dto			39	id:String;loadId:String;canBeClaimed:boolean;vehicles:VehicleDto[];deliveryCity:String;deliveryRequestedDateEnd:Date;deliveryRequestedDateEndType:String;deliveryRequestedDateStart:Date;deliveryRequestedDateStartType:String;deliveryState:String;deliveryZip:String;deliveryAddressLocation:AddressLocationDto;distanceImperial:int;paymentMethod:String;paymentOnDelivery:Double;paymentOnDeliveryMethod:String;paymentOnPickup:Double;paymentOnPickupMethod:String;pickupCity:String;pickupRequestedDateEnd:Date;pickupRequestedDateEndType:String;pickupRequestedDateStart:Date;pickupRequestedDateStartType:String;pickupState:String;pickupZip:String;pickupAddressLocation:AddressLocationDto;totalPaymentToCarrier:Double;shipperUserManagementId:String;shipperLoadId:String;shipperId:String;updateTime:Date;status:String;paymentTermBusinessDays:String;expirationTime:LocalDateTime;postedOnCd:Boolean;postedExternallyTime:Date;exclusivityExpirationTime:Date;shipperName:String;posting:PostingDto
models-lib	api-dtos	api-dtos/src/main/java/cars/ship/modelslib/apidtos/loadbookmark/SocketMessageObjectDto.java	SocketMessageObjectDto	dto			1	data:T
models-lib	api-dtos	api-dtos/src/main/java/cars/ship/modelslib/apidtos/loadbookmark/VehicleDto.java	VehicleDto	dto			5	id:String;make:String;model:String;type:String;operable:boolean
models-lib	api-dtos	api-dtos/src/main/java/cars/ship/modelslib/apidtos/loadbookmark/BookmarkChangeDto.java	BookmarkChangeDto	dto			5	isCreated:boolean;isDeleted:boolean;bookmarkId:String;bookmark:BookmarkDto;userIds:String[]
models-lib	api-dtos	api-dtos/src/main/java/cars/ship/modelslib/apidtos/loadbookmark/AddressLocationDto.java	AddressLocationDto	dto			2	type:String;coordinates:Double[]
models-lib	api-dtos	api-dtos/src/main/java/cars/ship/modelslib/apidtos/locationhistory/LoadLocationSharingStateDto.java	LoadLocationSharingStateDto	dto			8	loadId:String;status:LoadLocationSharingStatusEnum;driverId:String;carrierId:String;shipperId:String;shipperLoadId:String;startTime:Instant;stopTime:Instant
models-lib	api-dtos	api-dtos/src/main/java/cars/ship/modelslib/apidtos/locationhistory/CoordinatesDto.java	CoordinatesDto	dto			2	latitude:double;longitude:double
models-lib	api-dtos	api-dtos/src/main/java/cars/ship/modelslib/apidtos/locationhistory/LocationDto.java	LocationDto	dto			2	timestamp:Instant;location:CoordinatesDto
models-lib	api-dtos	api-dtos/src/main/java/cars/ship/modelslib/apidtos/locationhistory/DriverLocationSharingStateDto.java	DriverLocationSharingStateDto	dto			4	driverId:String;status:LoadLocationSharingStatusEnum;startTime:Instant;endTime:Instant
models-lib	read-models	read-models/src/main/java/cars/ship/modelslib/readmodels/PostingVehicleReadDto.java	PostingVehicleReadDto	dto			7	id:String;year:Integer;type:String;operable:boolean;url:String;specificationsData:SpecificationsReadDto;drivetrain:String
models-lib	read-models	read-models/src/main/java/cars/ship/modelslib/readmodels/OfferDetailsReadDto.java	OfferDetailsReadDto	dto			9	price:Double;paymentTermBegins:String;offerValidityHours:String;paymentTermBusinessDays:String;paymentTermCalendarDays:String;pickupDate:Object;deliveryDate:Object;reason:String;reasonDescription:String
models-lib	read-models	read-models/src/main/java/cars/ship/modelslib/readmodels/ExtraObjectReadDto.java	ExtraObjectReadDto	dto			11	pk:String;objectType:String;userManagementId:String;recipientsList:String[];initialRecipients:String[];recipient:String;createTime:Instant;status:String;externalId:String;revisionNumber:Integer;shipperLoadId:String
models-lib	read-models	read-models/src/main/java/cars/ship/modelslib/readmodels/TripReadDto.java	TripReadDto	dto			3	id:String;carrierUserManagementId:String;name:String
models-lib	read-models	read-models/src/main/java/cars/ship/modelslib/readmodels/DateRangeReadDto.java	DateRangeReadDto	dto			2	start:LocalDate;end:LocalDate
models-lib	read-models	read-models/src/main/java/cars/ship/modelslib/readmodels/SpecificationsReadDto.java	SpecificationsReadDto	dto			4	width:SpecificationReadDto;height:SpecificationReadDto;length:SpecificationReadDto;weight:SpecificationReadDto
models-lib	read-models	read-models/src/main/java/cars/ship/modelslib/readmodels/CompanyInfoReadDto.java	CompanyInfoReadDto	dto			3	dotNumber:String;name:String;logo:String
models-lib	read-models	read-models/src/main/java/cars/ship/modelslib/readmodels/CompanyVerifiedByReadDto.java	CompanyVerifiedByReadDto	dto			3	id:String;verifiedBy:String[];preferredBy:String[]
models-lib	read-models	read-models/src/main/java/cars/ship/modelslib/readmodels/LoadLocationSharingStateReadDto.java	LoadLocationSharingStateReadDto	dto			8	loadId:String;status:String;driverId:String;carrierId:String;shipperId:String;shipperLoadId:String;startTime:Instant;stopTime:Instant
models-lib	read-models	read-models/src/main/java/cars/ship/modelslib/readmodels/ImageReadDto.java	ImageReadDto	dto			2	fullSize:String;thumbnail:String
models-lib	read-models	read-models/src/main/java/cars/ship/modelslib/readmodels/SpecificationReadDto.java	SpecificationReadDto	dto			2	max:Double;min:Double
models-lib	read-models	read-models/src/main/java/cars/ship/modelslib/readmodels/CompanyBillingReadDto.java	CompanyBillingReadDto	dto			27	nextInvoiceNumber:Integer;invoicePrefix:String;invoiceEnabled:boolean;accountingEmail:String;accountingPhone1:String;accountingPhone1Notes:String;accountingPhone1Type:String;accountingPhone2:String;accountingPhone2Notes:String;accountingPhone2Type:String;accountingPhone3:String;accountingPhone3Notes:String;accountingPhone3Type:String;accountingAddress:String;accountingCity:String;accountingState:String;accountingZip:String;factoringName:String;factoringAddress:String;factoringCity:String;factoringState:String;factoringZip:String;factoringPhone:String;factoringEmail:String;factoringPaymentTermsBusinessDays:String;customerMessage:String;defaultToFactoringCompany:boolean
models-lib	read-models	read-models/src/main/java/cars/ship/modelslib/readmodels/GeoPointReadDto.java	GeoPointReadDto	dto			2	lat:double;lon:double
models-lib	read-models	read-models/src/main/java/cars/ship/modelslib/readmodels/InspectionConfigurationCustomPhotosReadDto.java	InspectionConfigurationCustomPhotosReadDto	dto			4	id:String;area:String;description:String;localPhotoUri:String
models-lib	read-models	read-models/src/main/java/cars/ship/modelslib/readmodels/InspectionConfigurationReadDto.java	InspectionConfigurationReadDto	dto			4	level:Integer;roofPhoto:Boolean;odometerPhoto:Boolean;customPhotos:InspectionConfigurationCustomPhotosReadDto[]
models-lib	read-models	read-models/src/main/java/cars/ship/modelslib/readmodels/ctms/CtmsActivityLogReadDto.java	CtmsActivityLogReadDto	dto			0	
models-lib	read-models	read-models/src/main/java/cars/ship/modelslib/readmodels/ctms/CtmsDamageEntryReadDto.java	CtmsDamageEntryReadDto	dto			6	id:String;type:String;segment:String;timestamp:Date;location:GeoPointReadDto;attachmentId:String
models-lib	read-models	read-models/src/main/java/cars/ship/modelslib/readmodels/ctms/CtmsOfferActivityLogReadDto.java	CtmsOfferActivityLogReadDto	dto			4	id:Long;actorUserManagementId:String;status:String;createTime:Date
models-lib	read-models	read-models/src/main/java/cars/ship/modelslib/readmodels/ctms/CtmsCompanyReadDto.java	CtmsCompanyReadDto	dto			56	id:String;features:String[];isBroker:boolean;exclusivityEnabled:boolean;inspectionConfiguration:InspectionConfigurationReadDto;billing:CompanyBillingReadDto;slug:String;name:String;isShipper:boolean;isCarrier:boolean;isSingleOwnerOperator:boolean;dotNumber:Integer;mcNumber:String;address:String;city:String;state:String;zip:String;logo:String;email:String;phone1:String;phone1Notes:String;phone1Type:String;phone2:String;phone2Notes:String;phone2Type:String;phone3:String;phone3Notes:String;phone3Type:String;accountingEmail:String;accountingPhone1:String;accountingPhone1Notes:String;accountingPhone1Type:String;accountingPhone2:String;accountingPhone2Notes:String;accountingPhone2Type:String;accountingPhone3:String;accountingPhone3Notes:String;accountingPhone3Type:String;accountingAddress:String;accountingCity:String;accountingState:String;accountingZip:String;termsOfService:String;cdUid:String;createTime:String;updateTime:String;internalLinkFormat:String;invoiceEnabled:boolean;emailNotificationsEnabled:boolean;hideUserList:boolean;invoicePrefix:String;nextInvoiceNumber:Integer;type:String;typeDescription:String;autoVerified:boolean;companyOwnerId:String
models-lib	read-models	read-models/src/main/java/cars/ship/modelslib/readmodels/ctms/CtmsPostingReadDto.java	CtmsPostingReadDto	dto			85	id:String;shipperLoadId:String;pickupCity:String;pickupState:String;pickupZip:String;pickupRequestedDateStart:Date;pickupRequestedDateStartType:String;pickupRequestedDateEnd:Date;pickupRequestedDateEndType:String;pickupEstimateTimeframe:String;pickupEstimateReason:String;deliveryCity:String;deliveryState:String;deliveryZip:String;deliveryRequestedDateStart:Date;deliveryRequestedDateStartType:String;deliveryRequestedDateEnd:Date;deliveryRequestedDateEndType:String;deliveryEstimateTimeframe:String;deliveryEstimateReason:String;customerName:String;customerEmail:String;customerEmail2:String;customerEmail3:String;customerPhone1:String;customerPhone1Notes:String;customerPhone1Type:String;customerPhone2:String;customerPhone2Notes:String;customerPhone2Type:String;customerPhone3:String;customerPhone3Notes:String;customerPhone3Type:String;enclosedTrailer:boolean;paymentOnPickup:Double;paymentOnPickupMethod:String;paymentOnDelivery:Double;paymentOnDeliveryMethod:String;totalPaymentToCarrier:Double;paymentTermBusinessDays:Integer;paymentTermBegins:String;paymentMethod:String;distanceImperial:int;pricePerMile:Double;distance:Long;shipperDotNumber:String;shipperName:String;shipperLogo:String;shipperCity:String;shipperState:String;shipperZip:String;shipperAddress:String;shipperEmail:String;shipperPhone:String;shipperUserManagementId:String;shipperId:String;instructions:String;specificLoadRequirements:String;status:String;labels:String[];canBeBooked:boolean;postingReviewActorUserManagementId:String;canBeClaimed:boolean;canBeInstantlyBookedByCarrier:boolean;pickupAddressLocation:GeoPointReadDto;deliveryAddressLocation:GeoPointReadDto;firstAvailableDate:Date;mangledFirstAvailableDate:Date;exclusivityExpirationTime:Date;premiumOnly:boolean;preferredOnly:boolean;premiumExclusivityExpirationTime:Date;postedExternallyTime:Date;hasBilling:boolean;updateTime:Date;createTime:Date;trip:TripReadDto;trips:TripReadDto[];vehicles:PostingVehicleReadDto[];vehiclesCount:int;negotiations:CtmsNegotiationReadDto[];negotiationsCount:int;isPrivate:boolean;postedToCarriers:String[];paymentTermCalendarDays:Integer
models-lib	read-models	read-models/src/main/java/cars/ship/modelslib/readmodels/ctms/CtmsOfferReadDto.java	CtmsOfferReadDto	dto			12	id:String;updateTime:Date;createTime:Date;expirationTime:Date;status:String;offer:OfferDetailsReadDto;companyUserManagementId:String;companyId:String;reviewStatus:String;reviewActorUserManagementId:String;reviewTime:Date;activityLog:CtmsOfferActivityLogReadDto[]
models-lib	read-models	read-models/src/main/java/cars/ship/modelslib/readmodels/ctms/CtmsVehicleReadDto.java	CtmsVehicleReadDto	dto			56	id:String;attachments:CtmsAttachmentReadDto[];type:String;humanType:String;logo:String;m22Damages:Object[];brokerVehicleId:String;created:Boolean;deleting:Boolean;year:Integer;color:String;buyerNumber:String;lotNumber:String;operable:Boolean;shipperVehicleId:String;specificationsData:SpecificationsReadDto;specificationsYear:Integer;status:String;pickupOdometer:String;deliveryOdometer:String;pickupLocation:GeoPointReadDto;pickupLocationAddress:String;vehicleSketch:String;deliveryLocation:GeoPointReadDto;deliveryLocationAddress:String;pickupNight:Boolean;pickupSnow:Boolean;pickupRain:Boolean;pickupDirty:Boolean;pickupFullName:String;deliveryFullName:String;deliveryExceptions:String;deliveryDriverNotes:String;pickupDriverNotes:String;pickupDate:Date;pickupNoDamages:Boolean;deliveryDate:Date;deliveryNoDamages:Boolean;seenByDriverTime:Date;createTime:Date;updateTime:Date;pickupPhotosCount:Integer;deliveryPhotosCount:Integer;activeChangeId:String;activeRevisionId:String;monkInspectionReceived:Boolean;monkInspectionSecret:String;monkInspectionUrlTime:Date;loadId:String;pickupSignatureDeclineReasonId:String;deliverySignatureDeclineReasonId:String;driverId:String;drivetrain:String;parentVehicleId:String;additionalNotes:String;locationId:String
models-lib	read-models	read-models/src/main/java/cars/ship/modelslib/readmodels/ctms/CtmsNegotiationReadDto.java	CtmsNegotiationReadDto	dto			18	id:String;shipperId:String;carrierId:String;carrierUserManagementId:String;shipperUserManagementId:String;lastOffer:CtmsOfferReadDto;lastOfferId:String;orderId:String;cancelReason:String;updateTime:Date;createTime:Date;isBookAttempt:boolean;originalPrice:String;loadPrice:Double;status:String;carrierInfo:CompanyInfoReadDto;shipperInfo:CompanyInfoReadDto;offers:CtmsOfferReadDto[]
models-lib	read-models	read-models/src/main/java/cars/ship/modelslib/readmodels/ctms/CtmsAttachmentReadDto.java	CtmsAttachmentReadDto	dto			28	id:String;file:String;image:ImageReadDto;damages:CtmsDamageEntryReadDto[];segment:String;convertedTimestamp:String;creatorCompanyId:String;isSharedWithShipper:Boolean;type:String;originalFile:String;height:String;width:String;active:Boolean;shareWithDriver:Boolean;shareWithShipper:Boolean;location:GeoPointReadDto;locationAddress:String;comments:String;createTime:Date;timestamp:Date;timezone:String;area:String;description:String;loadId:String;orderId:String;creatorId:String;vehicleId:String;driverOnly:Boolean
models-lib	read-models	read-models/src/main/java/cars/ship/modelslib/readmodels/ctms/CtmsLoadReadDto.java	CtmsLoadReadDto	dto			227	id:String;url:String;vehicles:CtmsVehicleReadDto[];trips:TripReadDto[];activityLog:CtmsActivityLogReadDto[];attachments:CtmsAttachmentReadDto[];distanceImperial:Integer;driverVerificationExpiration:Date;paymentToCarrier:String;carrierDotNumber:String;paymentHiddenFromDriver:Boolean;forbidVehicleUpdate:Boolean;driverIsActive:Boolean;driverName:String;referral:String;forceDatesEstimation:Boolean;brokerDotNumber:String;shipperDotNumber:String;shipperLogo:String;shipperCity:String;shipperState:String;shipperZip:String;brokerLoadId:String;invoiceNumber:String;canBeClaimed:Boolean;shipperName:String;shipperAddress:String;shipperEmail:String;shipperPhone:String;pricePerMile:Double;inspectionConfiguration:InspectionConfigurationReadDto;locationSharingRequiredByShipper:Boolean;pickupRequestedTimes:String;pickupName:String;pickupContact:String;pickupAddress:String;pickupAddressLocation:GeoPointReadDto;pickupCity:String;pickupState:String;pickupZip:String;pickupPhone1:String;pickupPhone1Notes:String;pickupPhone1Type:String;pickupPhone2:String;pickupPhone2Notes:String;pickupPhone2Type:String;pickupPhone3:String;pickupPhone3Notes:String;pickupPhone3Type:String;pickupDate:Date;pickupNoDamages:Boolean;pickupNotes:String;pickupCustomerNotPresent:Boolean;pickupEstimateType:String;pickupEstimateDate:Date;pickupEstimateEndType:String;pickupEstimateEndDate:Date;pickupRequestedDateStart:Date;pickupRequestedDateStartType:String;pickupRequestedDateEnd:Date;pickupRequestedDateEndType:String;pickupContractDateStart:Date;pickupContractDateStartType:String;pickupContractDateEnd:Date;pickupContractDateEndType:String;pickupContactIsPersonal:Boolean;pickupEmail1:String;pickupEmail2:String;pickupEmail3:String;pickupWorkingTimeStart:String;pickupWorkingTimeEnd:String;pickupEstimateTimeframe:String;pickupEstimateReason:String;deliveryRequestedTimes:String;deliveryName:String;deliveryContact:String;deliveryAddress:String;deliveryAddressLocation:GeoPointReadDto;deliveryCity:String;deliveryState:String;deliveryZip:String;deliveryPhone1:String;deliveryPhone1Notes:String;deliveryPhone1Type:String;deliveryPhone2:String;deliveryPhone2Notes:String;deliveryPhone2Type:String;deliveryPhone3:String;deliveryPhone3Notes:String;deliveryPhone3Type:String;deliveryDate:Date;deliveryNotes:String;deliveryCustomerNotPresent:Boolean;deliveryNoDamages:String;deliveryEstimateType:String;deliveryEstimateDate:Date;deliveryEstimateEndType:String;deliveryEstimateEndDate:Date;deliveryRequestedDateStart:Date;deliveryRequestedDateStartType:String;deliveryRequestedDateEnd:Date;deliveryRequestedDateEndType:String;deliveryContractDateStart:Date;deliveryContractDateStartType:String;deliveryContractDateEnd:Date;deliveryContractDateEndType:String;deliveryContactIsPersonal:Boolean;deliveryEmail1:String;deliveryEmail2:String;deliveryEmail3:String;deliveryWorkingTimeStart:String;deliveryWorkingTimeEnd:String;deliveryEstimateTimeframe:String;deliveryEstimateReason:String;transitTimeEstimatedMin:Integer;transitTimeEstimatedMax:Integer;exclusivityExpirationTime:Date;postedExternallyTime:Date;acceptTime:Date;assignTime:Date;lastChangeTime:Date;distance:Integer;lastDispatchGenerateTime:Date;lastDispatchGenerateUserEmail:String;listedPrice:Double;paymentOnPickup:Double;paymentOnPickupMethod:String;paymentOnDelivery:Double;paymentOnDeliveryMethod:String;totalPaymentToCarrier:Double;paymentTermBusinessDays:String;paymentTermBegins:String;paymentMethod:String;paymentNotes:String;actualPaymentOnPickupMethod:String;actualPaymentOnDeliveryMethod:String;customerName:String;customerContact:String;customerAddress:String;customerCity:String;customerState:String;customerZip:String;customerContactIsPersonal:Boolean;customerEmail:String;customerEmail2:String;customerEmail3:String;customerPhone1:String;customerPhone1Notes:String;customerPhone1Type:String;customerPhone2:String;customerPhone2Notes:String;customerPhone2Type:String;customerPhone3:String;customerPhone3Notes:String;customerPhone3Type:String;customerWorkingTimeStart:Date;customerWorkingTimeEnd:Date;accepted:Boolean;forceDriverAssignment:Boolean;labels:String[];canBeBooked:Boolean;ushipCode:String;demo:Boolean;shipperLoadId:String;externalTripId:String;instructions:String;specificLoadRequirements:String;driverInstructions:String;status:String;firstAvailableDate:Date;enclosedTrailer:Boolean;dispatchDate:Date;hasBilling:Boolean;createTime:Date;updateTime:Date;requestedBolAddressPickup:String;requestedBolAddressDelivery:String;seenByDriverTime:Date;flags:String[];resolution:String;expirationTime:Date;invoiceTime:Date;damagesType:String;starRating:Integer;starRatingExpirationTime:Date;source:String;sourceSyncStatus:String;performance:Boolean;shipperMeta:Object;postedOnCd:Integer;truckNumberRequired:Boolean;truckNumber:String;brokerId:String;shipperId:String;carrierId:String;dispatcherId:String;demoOwnerId:String;activeChangeId:String;activeRevisionId:String;driverId:String;tripId:String;virtualTripId:String;termsAndConditions:String;cancelReason:String;declineReason:String;internalLoadId:String;publicTrackingId:String;carrierName:String;publicTrackingLink:String;pickupWorkingHours:String;deliveryWorkingHours:String;paymentTermCalendarDays:Integer;otherReasonText:String;shipperVipLevel:String;parentOrderId:String;hasSubOrders:boolean;collectPayment:Boolean;geofenceEnabled:Boolean;atgEnabled:Boolean;atgFieldsMasked:Boolean;atgDriverCode:String;deliveryAddressNotCorrect:Boolean;paymentState:String;pickupContactNote:String;deliveryContactNote:String;specificPublicPostingNotes:String;driverIdsInBooking:String[]
models-lib	read-models	read-models/src/main/java/cars/ship/modelslib/readmodels/es/AttachmentReadDto.java	AttachmentReadDto	dto			28	id:String;file:String;image:ImageReadDto;damages:DamageEntryReadDto[];segment:String;convertedTimestamp:String;creatorCompanyId:String;isSharedWithShipper:Boolean;type:String;originalFile:String;height:String;width:String;active:Boolean;shareWithDriver:Boolean;shareWithShipper:Boolean;location:GeoPointReadDto;locationAddress:String;comments:String;createTime:Instant;timestamp:Instant;timezone:String;area:String;description:String;loadId:String;orderId:String;creatorId:String;vehicleId:String;driverOnly:Boolean
models-lib	read-models	read-models/src/main/java/cars/ship/modelslib/readmodels/es/NegotiationReadDto.java	NegotiationReadDto	dto			20	id:String;shipperId:String;carrierId:String;carrierUserManagementId:String;shipperUserManagementId:String;lastOffer:OfferReadDto;lastOfferId:String;orderId:String;cancelReason:String;updateTime:Instant;createTime:Instant;isBookAttempt:boolean;originalPrice:String;status:String;carrierInfo:CompanyInfoReadDto;shipperInfo:CompanyInfoReadDto;offers:OfferReadDto[];negotiationState:NegotiationState;carrierOfferPrice:Double;carrierOfferStatus:String
models-lib	read-models	read-models/src/main/java/cars/ship/modelslib/readmodels/es/CompanyReadDto.java	CompanyReadDto	dto			55	id:String;features:String[];isBroker:boolean;exclusivityEnabled:boolean;inspectionConfiguration:InspectionConfigurationReadDto;billing:CompanyBillingReadDto;slug:String;isShipper:boolean;isCarrier:boolean;isSingleOwnerOperator:boolean;dotNumber:Integer;mcNumber:String;address:String;city:String;state:String;zip:String;logo:String;email:String;phone1:String;phone1Notes:String;phone1Type:String;phone2:String;phone2Notes:String;phone2Type:String;phone3:String;phone3Notes:String;phone3Type:String;accountingEmail:String;accountingPhone1:String;accountingPhone1Notes:String;accountingPhone1Type:String;accountingPhone2:String;accountingPhone2Notes:String;accountingPhone2Type:String;accountingPhone3:String;accountingPhone3Notes:String;accountingPhone3Type:String;accountingAddress:String;accountingCity:String;accountingState:String;accountingZip:String;termsOfService:String;cdUid:String;createTime:Instant;updateTime:Instant;internalLinkFormat:String;invoiceEnabled:boolean;emailNotificationsEnabled:boolean;hideUserList:boolean;invoicePrefix:String;nextInvoiceNumber:Integer;type:String;typeDescription:String;autoVerified:boolean;companyOwnerId:String
models-lib	read-models	read-models/src/main/java/cars/ship/modelslib/readmodels/es/LoadReadDto.java	LoadReadDto	dto			232	id:String;url:String;vehicles:VehicleReadDto[];trips:TripReadDto[];activityLog:ActivityLogReadDto[];attachments:AttachmentReadDto[];distanceImperial:Integer;driverVerificationExpiration:Instant;paymentToCarrier:String;carrierDotNumber:String;paymentHiddenFromDriver:Boolean;forbidVehicleUpdate:Boolean;driverIsActive:Boolean;driverName:String;referral:String;forceDatesEstimation:Boolean;brokerDotNumber:String;shipperDotNumber:String;shipperLogo:String;shipperCity:String;shipperState:String;shipperZip:String;brokerLoadId:String;invoiceNumber:String;canBeClaimed:Boolean;shipperName:String;shipperAddress:String;shipperEmail:String;shipperPhone:String;pricePerMile:Double;inspectionConfiguration:InspectionConfigurationReadDto;locationSharingRequiredByShipper:Boolean;pickupRequestedTimes:String;pickupName:String;pickupContact:String;pickupAddress:String;pickupAddressLocation:GeoPointReadDto;pickupCity:String;pickupState:String;pickupZip:String;pickupPhone1:String;pickupPhone1Notes:String;pickupPhone1Type:String;pickupPhone2:String;pickupPhone2Notes:String;pickupPhone2Type:String;pickupPhone3:String;pickupPhone3Notes:String;pickupPhone3Type:String;pickupDate:Instant;pickupNoDamages:Boolean;pickupNotes:String;pickupCustomerNotPresent:Boolean;pickupEstimateType:String;pickupEstimateDate:LocalDate;pickupEstimateEndType:String;pickupEstimateEndDate:LocalDate;pickupRequestedDateStart:LocalDate;pickupRequestedDateStartType:String;pickupRequestedDateEnd:LocalDate;pickupRequestedDateEndType:String;pickupContractDateStart:LocalDate;pickupContractDateStartType:String;pickupContractDateEnd:LocalDate;pickupContractDateEndType:String;pickupContactIsPersonal:Boolean;pickupEstimateTimeframe:String;pickupEstimateReason:String;pickupEstimateDateStatus:String;pickupEstimateDateStatusTimestamp:Instant;pickupEmail1:String;pickupEmail2:String;pickupEmail3:String;pickupWorkingTimeStart:String;pickupWorkingTimeEnd:String;deliveryRequestedTimes:String;deliveryName:String;deliveryContact:String;deliveryAddress:String;deliveryAddressLocation:GeoPointReadDto;deliveryCity:String;deliveryState:String;deliveryZip:String;deliveryPhone1:String;deliveryPhone1Notes:String;deliveryPhone1Type:String;deliveryPhone2:String;deliveryPhone2Notes:String;deliveryPhone2Type:String;deliveryPhone3:String;deliveryPhone3Notes:String;deliveryPhone3Type:String;deliveryDate:Instant;deliveryNotes:String;deliveryCustomerNotPresent:Boolean;deliveryNoDamages:String;deliveryEstimateType:String;deliveryEstimateDate:LocalDate;deliveryEstimateEndType:String;deliveryEstimateEndDate:LocalDate;deliveryRequestedDateStart:LocalDate;deliveryRequestedDateStartType:String;deliveryRequestedDateEnd:LocalDate;deliveryRequestedDateEndType:String;deliveryContractDateStart:LocalDate;deliveryContractDateStartType:String;deliveryContractDateEnd:LocalDate;deliveryContractDateEndType:String;deliveryContactIsPersonal:Boolean;deliveryEmail1:String;deliveryEmail2:String;deliveryEmail3:String;deliveryWorkingTimeStart:String;deliveryWorkingTimeEnd:String;deliveryEstimateTimeframe:String;deliveryEstimateReason:String;deliveryEstimateDateStatus:String;deliveryEstimateDateStatusTimestamp:Instant;transitTimeEstimatedMin:Integer;transitTimeEstimatedMax:Integer;exclusivityExpirationTime:Instant;postedExternallyTime:Instant;acceptTime:Instant;assignTime:Instant;lastChangeTime:Instant;distance:Integer;lastDispatchGenerateTime:Instant;lastDispatchGenerateUserEmail:String;listedPrice:Double;paymentOnPickup:Double;paymentOnPickupMethod:String;paymentOnDelivery:Double;paymentOnDeliveryMethod:String;totalPaymentToCarrier:Double;payableAmount:Double;receivableAmount:Double;paymentTermBusinessDays:String;paymentTermBegins:String;paymentMethod:String;paymentNotes:String;actualPaymentOnPickupMethod:String;actualPaymentOnDeliveryMethod:String;customerName:String;customerContact:String;customerAddress:String;customerCity:String;customerState:String;customerZip:String;customerContactIsPersonal:Boolean;customerEmail:String;customerEmail2:String;customerEmail3:String;customerPhone1:String;customerPhone1Notes:String;customerPhone1Type:String;customerPhone2:String;customerPhone2Notes:String;customerPhone2Type:String;customerPhone3:String;customerPhone3Notes:String;customerPhone3Type:String;customerWorkingTimeStart:Instant;customerWorkingTimeEnd:Instant;accepted:Boolean;forceDriverAssignment:Boolean;labels:String[];canBeBooked:Boolean;ushipCode:String;demo:Boolean;shipperLoadId:String;externalTripId:String;instructions:String;specificLoadRequirements:String;driverInstructions:String;status:String;firstAvailableDate:LocalDate;enclosedTrailer:Boolean;dispatchDate:LocalDate;hasBilling:Boolean;createTime:Instant;updateTime:Instant;requestedBolAddressPickup:String;requestedBolAddressDelivery:String;seenByDriverTime:Instant;flags:String[];expirationTime:Instant;invoiceTime:Instant;damagesType:String;starRating:Integer;starRatingExpirationTime:Instant;source:String;sourceSyncStatus:String;performance:Boolean;shipperMeta:Object;postedOnCd:Integer;truckNumberRequired:Boolean;truckNumber:String;brokerId:String;shipperId:String;carrierId:String;dispatcherId:String;demoOwnerId:String;activeChangeId:String;activeRevisionId:String;driverId:String;tripId:String;virtualTripId:String;termsAndConditions:String;cancelReason:String;declineReason:String;internalLoadId:String;publicTrackingId:String;carrierName:String;publicTrackingLink:String;pickupWorkingHours:String;deliveryWorkingHours:String;paymentTermCalendarDays:Integer;otherReasonText:String;shipperVipLevel:String;parentOrderId:String;hasSubOrders:boolean;collectPayment:Boolean;geofenceEnabled:Boolean;atgEnabled:Boolean;atgFieldsMasked:Boolean;atgDriverCode:String;deliveryAddressNotCorrect:Boolean;paymentState:String;pickupContactNote:String;deliveryContactNote:String;specificPublicPostingNotes:String;driverIdsInBooking:String[]
models-lib	read-models	read-models/src/main/java/cars/ship/modelslib/readmodels/es/PostingReadDto.java	PostingReadDto	dto			85	id:String;shipperLoadId:String;pickupCity:String;pickupState:String;pickupZip:String;pickupRequestedDateStart:LocalDate;pickupRequestedDateStartType:String;pickupRequestedDateEnd:LocalDate;pickupRequestedDateEndType:String;pickupEstimateTimeframe:String;pickupEstimateReason:String;deliveryCity:String;deliveryState:String;deliveryZip:String;deliveryRequestedDateStart:LocalDate;deliveryRequestedDateStartType:String;deliveryRequestedDateEnd:LocalDate;deliveryRequestedDateEndType:String;deliveryEstimateTimeframe:String;deliveryEstimateReason:String;customerName:String;customerEmail:String;customerEmail2:String;customerEmail3:String;customerPhone1:String;customerPhone1Notes:String;customerPhone1Type:String;customerPhone2:String;customerPhone2Notes:String;customerPhone2Type:String;customerPhone3:String;customerPhone3Notes:String;customerPhone3Type:String;enclosedTrailer:boolean;paymentOnPickup:Double;paymentOnPickupMethod:String;paymentOnDelivery:Double;paymentOnDeliveryMethod:String;totalPaymentToCarrier:Double;paymentTermBusinessDays:Integer;paymentTermBegins:String;paymentMethod:String;distanceImperial:int;distance:Long;pricePerMile:Double;shipperDotNumber:String;shipperName:String;shipperLogo:String;shipperCity:String;shipperState:String;shipperZip:String;shipperAddress:String;shipperEmail:String;shipperPhone:String;shipperUserManagementId:String;shipperId:String;instructions:String;specificLoadRequirements:String;status:String;labels:String[];canBeBooked:boolean;postingReviewActorUserManagementId:String;canBeClaimed:boolean;canBeInstantlyBookedByCarrier:boolean;pickupAddressLocation:GeoPointReadDto;deliveryAddressLocation:GeoPointReadDto;firstAvailableDate:LocalDate;mangledFirstAvailableDate:LocalDate;exclusivityExpirationTime:Instant;premiumOnly:boolean;preferredOnly:boolean;premiumExclusivityExpirationTime:Instant;postedExternallyTime:Instant;hasBilling:boolean;updateTime:Instant;createTime:Instant;trip:TripReadDto;trips:TripReadDto[];vehicles:PostingVehicleReadDto[];vehiclesCount:int;negotiations:NegotiationReadDto[];negotiationsCount:int;isPrivate:boolean;postedToCarriers:String[];paymentTermCalendarDays:Integer
models-lib	read-models	read-models/src/main/java/cars/ship/modelslib/readmodels/es/ActivityLogReadDto.java	ActivityLogReadDto	dto			13	id:String;eventType:String;eventTypeCategory:String;extraObject:ExtraObjectReadDto;timestamp:Instant;carrierId:String;brokerId:String;shipperId:String;actorCompanyId:String;orderId:String;loadId:String;actorId:String;comment:String
models-lib	read-models	read-models/src/main/java/cars/ship/modelslib/readmodels/es/VehicleReadDto.java	VehicleReadDto	dto			57	id:String;attachments:AttachmentReadDto[];type:String;humanType:String;logo:String;m22Damages:Object[];brokerVehicleId:String;created:Boolean;deleting:Boolean;year:Integer;displayName:String;color:String;buyerNumber:String;lotNumber:String;operable:Boolean;shipperVehicleId:String;specificationsData:SpecificationsReadDto;specificationsYear:Integer;status:String;pickupOdometer:String;deliveryOdometer:String;pickupLocation:GeoPointReadDto;pickupLocationAddress:String;vehicleSketch:String;deliveryLocation:GeoPointReadDto;deliveryLocationAddress:String;pickupNight:Boolean;pickupSnow:Boolean;pickupRain:Boolean;pickupDirty:Boolean;pickupFullName:String;deliveryFullName:String;deliveryExceptions:String;deliveryDriverNotes:String;pickupDriverNotes:String;pickupDate:Instant;pickupNoDamages:Boolean;deliveryDate:Instant;deliveryNoDamages:Boolean;seenByDriverTime:Instant;createTime:Instant;updateTime:Instant;pickupPhotosCount:Integer;deliveryPhotosCount:Integer;activeChangeId:String;activeRevisionId:String;monkInspectionReceived:Boolean;monkInspectionSecret:String;monkInspectionUrlTime:Instant;loadId:String;pickupSignatureDeclineReasonId:String;deliverySignatureDeclineReasonId:String;driverId:String;drivetrain:String;parentVehicleId:String;additionalNotes:String;locationId:String
models-lib	read-models	read-models/src/main/java/cars/ship/modelslib/readmodels/es/DamageEntryReadDto.java	DamageEntryReadDto	dto			6	id:String;type:String;segment:String;timestamp:Instant;location:GeoPointReadDto;attachmentId:String
models-lib	read-models	read-models/src/main/java/cars/ship/modelslib/readmodels/es/OfferActivityLogReadDto.java	OfferActivityLogReadDto	dto			4	id:Long;actorUserManagementId:String;status:String;createTime:Instant
models-lib	read-models	read-models/src/main/java/cars/ship/modelslib/readmodels/es/OfferReadDto.java	OfferReadDto	dto			12	id:String;updateTime:Instant;createTime:Instant;expirationTime:Instant;status:String;offer:OfferDetailsReadDto;companyUserManagementId:String;companyId:String;reviewStatus:String;reviewActorUserManagementId:String;reviewTime:Instant;activityLog:OfferActivityLogReadDto[]
models-lib	read-models	read-models/src/main/java/cars/ship/modelslib/readmodels/posting/LocationWithCoordinatesReadDto.java	LocationWithCoordinatesReadDto	dto	LocationReadDto		2	longitude:String;latitude:String
models-lib	read-models	read-models/src/main/java/cars/ship/modelslib/readmodels/posting/AttachmentReadDto.java	AttachmentReadDto	dto			11	id:String;lbExternalId:String;fileUrl:String;loadLegId:String;shippingItemId:String;creatorType:AttachmentCreatorTypeEnum;originalFileName:String;attachmentType:AttachmentTypeEnum;createdAt:Instant;lastModified:Instant;metadata:AttachmentMetadataDto
models-lib	read-models	read-models/src/main/java/cars/ship/modelslib/readmodels/posting/LoadLegStatusStateReadDto.java	LoadLegStatusStateReadDto	dto			3	status:LoadLegStatusEnum;active:boolean;lastModified:LocalDateTime
models-lib	read-models	read-models/src/main/java/cars/ship/modelslib/readmodels/posting/RouteReadDto.java	RouteReadDto	dto			15	id:String;pickupRequestedDateDetail:DateDetailReadDto;pickupEstimatedDateDetail:DateDetailReadDto;pickupContractualDateDetail:DateDetailReadDto;pickupCarrierEtaDateDetail:BasicDateDetailReadDto;pickupActualDate:LocalDate;deliveryRequestedDateDetail:DateDetailReadDto;deliveryEstimatedDateDetail:DateDetailReadDto;deliveryContractualDateDetail:DateDetailReadDto;deliveryCarrierEtaDateDetail:BasicDateDetailReadDto;deliveryActualDate:LocalDate;deliveryLocation:LocationWithCoordinatesReadDto;pickupLocation:LocationWithCoordinatesReadDto;distanceInMiles:BigDecimal;transitTime:String
models-lib	read-models	read-models/src/main/java/cars/ship/modelslib/readmodels/posting/BasicDateDetailReadDto.java	BasicDateDetailReadDto	dto			4	id:String;date:LocalDate;timeframe:String;reason:String
models-lib	read-models	read-models/src/main/java/cars/ship/modelslib/readmodels/posting/LineItemCalculationReadDto.java	LineItemCalculationReadDto	dto			4	type:LineItemTypeEnum;description:String;title:String;price:BigDecimal
models-lib	read-models	read-models/src/main/java/cars/ship/modelslib/readmodels/posting/ContactEsReadDto.java	ContactEsReadDto	dto			9	companyId:String;id:String;secondaryPhone:String;thirdPhone:String;location:LocationReadDto;type:ContactUserTypeEnum;createdAt:Instant;lastModified:Instant;active:boolean
models-lib	read-models	read-models/src/main/java/cars/ship/modelslib/readmodels/posting/ManagedOrderReadDto.java	ManagedOrderReadDto	dto			8	id:String;refId:String;orderId:String;selectedQuoteId:String;selectedQuoteRateType:String;providerId:String;providerName:String;providerLogoUrl:String
models-lib	read-models	read-models/src/main/java/cars/ship/modelslib/readmodels/posting/DriveawayReadDto.java	DriveawayReadDto	dto			4	publicKey:String;expirationTime:Instant;state:DriveawayLoadStateEnum;driver:DriveawayDriverReadDto
models-lib	read-models	read-models/src/main/java/cars/ship/modelslib/readmodels/posting/ContractReadDto.java	ContractReadDto	dto			3	id:String;shipper:ContactReadDto;userAccount:UserAccountReadDto
models-lib	read-models	read-models/src/main/java/cars/ship/modelslib/readmodels/posting/CompanyReadDto.java	CompanyReadDto	dto			10	id:String;userManagementId:String;name:String;email:String;accountingEmail:String;accountingEmails:String;usDotNumber:String;logoUrl:String;primaryPhone:String;location:LocationReadDto
models-lib	read-models	read-models/src/main/java/cars/ship/modelslib/readmodels/posting/LoadReadDto.java	LoadReadDto	dto			9	id:String;dispatchInstructions:String;postDispatchInstructions:String;useEnclosedTrailer:Boolean;useM22InspectionGuide:Boolean;useGpsTracking:Boolean;allowCarrierToEditLoads:boolean;useVrf:boolean;trailerType:TrailerTypeEnum
models-lib	read-models	read-models/src/main/java/cars/ship/modelslib/readmodels/posting/DriveawayDriverReadDto.java	DriveawayDriverReadDto	dto			7	name:String;email:String;companyName:String;phone:String;phoneNotes:String;location:LocationReadDto;externalId:String
models-lib	read-models	read-models/src/main/java/cars/ship/modelslib/readmodels/posting/DateDetailReadDto.java	DateDetailReadDto	dto			6	id:String;estimatedEndDate:LocalDate;estimatedStartDate:LocalDate;restriction:DateRestrictionEnum;timeframe:String;reason:String
models-lib	read-models	read-models/src/main/java/cars/ship/modelslib/readmodels/posting/ContactReadDto.java	ContactReadDto	dto			13	id:String;primaryPhoneNotes:String;secondaryPhone:String;secondaryPhoneNotes:String;thirdPhone:String;thirdPhoneNotes:String;workingHours:String;autoImsClientId:String;location:LocationReadDto;type:ContactUserTypeEnum;notes:String;createdAt:Instant;lastModified:Instant
models-lib	read-models	read-models/src/main/java/cars/ship/modelslib/readmodels/posting/CarrierOfferReadDto.java	CarrierOfferReadDto	dto			7	id:String;priceInCents:long;carrierDot:String;negotiationId:String;status:String;externalId:String;expirationDate:ZonedDateTime
models-lib	read-models	read-models/src/main/java/cars/ship/modelslib/readmodels/posting/UserAccountReadDto.java	UserAccountReadDto	dto			5	id:String;userManagementId:String;phone:String;profilePictureUrl:String;company:CompanyReadDto
models-lib	read-models	read-models/src/main/java/cars/ship/modelslib/readmodels/posting/PublicLinkInfoReadDto.java	PublicLinkInfoReadDto	dto			3	id:String;publicLinkKey:String;publicLink:String
models-lib	read-models	read-models/src/main/java/cars/ship/modelslib/readmodels/posting/VehicleReadDto.java	VehicleReadDto	dto			13	id:String;length:String;height:String;width:String;weight:String;logo:String;year:Integer;galleryUrl:String;operableType:OperableTypeEnum;lbExternalId:String;inventoryUnitId:String;inventoryCreatedAt:Instant;totalRate:Long
models-lib	read-models	read-models/src/main/java/cars/ship/modelslib/readmodels/posting/ContractPricingCalculationReadDto.java	ContractPricingCalculationReadDto	dto			5	basePrice:BigDecimal;totalPrice:BigDecimal;distance:BigDecimal;pricePerMile:BigDecimal;lineItems:LineItemCalculationReadDto[]
models-lib	read-models	read-models/src/main/java/cars/ship/modelslib/readmodels/posting/ContractPricingReadDto.java	ContractPricingReadDto	dto			0	
models-lib	read-models	read-models/src/main/java/cars/ship/modelslib/readmodels/posting/CarrierReadDto.java	CarrierReadDto	dto			14	id:String;email:String;name:String;primaryPhone:String;primaryPhoneNotes:String;secondaryPhone:String;secondaryPhoneNotes:String;thirdPhone:String;thirdPhoneNotes:String;logo:String;usDot:Long;lbExternalId:String;location:LocationReadDto;userManagementId:String
models-lib	read-models	read-models/src/main/java/cars/ship/modelslib/readmodels/posting/ShippingItemBaseReadDto.java	ShippingItemBaseReadDto	dto			12	id:String;vehicle:VehicleReadDto;route:RouteReadDto;pickupContact:ContactReadDto;deliveryContact:ContactReadDto;customer:ContactReadDto;checkedInAt:Instant;routeName:String;shipperExternalId:String;generateCustomerInvoice:Boolean;status:ShippingItemStatusEnum;contractPricing:ContractPricingReadDto
models-lib	read-models	read-models/src/main/java/cars/ship/modelslib/readmodels/posting/LocationReadDto.java	LocationReadDto	dto			1	id:String
models-lib	read-models	read-models/src/main/java/cars/ship/modelslib/readmodels/posting/FullLoadLegReadDto.java	FullLoadLegReadDto	dto			25	id:String;status:LoadLegStatusEnum;createdAt:Instant;lastModified:Instant;externalId:String;type:LoadTypeEnum;load:LoadReadDto;bookingAgent:String;orderInformation:ManagedOrderReadDto;route:RouteReadDto;shippingItems:ShippingItemWithDriverReadDto[];payments:PaymentReadDto[];carrierPayInCents:Long;contract:ContractReadDto;carrierOffers:CarrierOfferReadDto[];pickupContact:ContactReadDto;extRateCalculationId:String;centralDispatchId:String;carrier:CarrierReadDto;driver:DriverReadDto;deliveryContact:ContactReadDto;publicLinkInfo:PublicLinkInfoReadDto;driveaway:DriveawayReadDto;contractPricing:ContractPricingReadDto;externalDestination:ExternalDestinationEnum
models-lib	read-models	read-models/src/main/java/cars/ship/modelslib/readmodels/posting/AccountingLineItemReadDto.java	AccountingLineItemReadDto	dto			6	id:String;chargeName:String;chargeCode:String;chargeAmountCents:long;notes:String;isTotalRate:boolean
models-lib	read-models	read-models/src/main/java/cars/ship/modelslib/readmodels/posting/DriverReadDto.java	DriverReadDto	dto			8	id:String;name:String;email:String;phone:String;additionalPhone:String;userManagementId:String;lbExternalId:String;profilePictureUrl:String
models-lib	read-models	read-models/src/main/java/cars/ship/modelslib/readmodels/posting/ShippingItemWithDriverReadDto.java	ShippingItemWithDriverReadDto	dto			13	id:String;vehicle:VehicleReadDto;route:RouteReadDto;pickupContact:ContactReadDto;deliveryContact:ContactReadDto;driveawayDriver:DriveawayDriverReadDto;status:ShippingItemStatusEnum;routeName:String;shipperExternalId:String;customer:ContactReadDto;checkedInAt:Instant;generateCustomerInvoice:Boolean;contractPricing:ContractPricingReadDto
models-lib	read-models	read-models/src/main/java/cars/ship/modelslib/readmodels/posting/PaymentReadDto.java	PaymentReadDto	dto			8	id:String;carrierPayInCents:long;notes:String;paymentType:PaymentTypeEnum;paymentTransactionType:PaymentTransactionTypeEnum;paymentMethod:PaymentMethodEnum;paymentTermsBeginType:PaymentTermsBeginTypeEnum;paymentTermsType:PaymentTermsTypeEnum
models-lib	read-models	read-models/src/main/java/cars/ship/modelslib/readmodels/locationhistory/LoadLocationLogReadDto.java	LoadLocationLogReadDto	dto			9	id:String;loadId:String;location:GeoPointReadDto;status:String;driverId:String;carrierId:String;shipperId:String;shipperLoadId:String;createdAt:Instant
models-lib	ml-dtos	ml-dtos/src/main/java/cars/ship/ml/rateengine/dtos/out/RateDto.java	RateDto	dto			0	
models-lib	ml-dtos	ml-dtos/src/main/java/cars/ship/ml/rateengine/dtos/out/VehicleDto.java	VehicleDto	dto			0	
models-lib	ml-dtos	ml-dtos/src/main/java/cars/ship/ml/rateengine/dtos/out/ConfidenceDto.java	ConfidenceDto	dto			0	
models-lib	ml-dtos	ml-dtos/src/main/java/cars/ship/ml/rateengine/dtos/out/LocationDto.java	LocationDto	dto			0	
models-lib	ml-dtos	ml-dtos/src/main/java/cars/ship/ml/rateengine/dtos/in/RequestLocationDto.java	RequestLocationDto	dto			0	
models-lib	ml-dtos	ml-dtos/src/main/java/cars/ship/ml/rateengine/dtos/in/RequestVehicleDto.java	RequestVehicleDto	dto			0	
models-lib	ml-dtos	ml-dtos/src/main/java/cars/ship/ml/rateengine/dtos/in/RequestQuoteDto.java	RequestQuoteDto	dto			0	
models-lib	data-models	data-models/src/main/java/cars/ship/modelslib/datamodels/InvoiceRevisionDto.java	InvoiceRevisionDto	dto			25	id:String;url:String;attachmentId:String;attachment:String;invoiceId:String;retryRecipients:String[][];targetEmail:String;useFactoringCompany:Boolean;paymentNotes:String;billToZip:String;billToState:String;billToCity:String;billToAddress:String;billToCompanyName:String;createDate:LocalDate;revisionNumber:Integer;attachmentObject:AttachmentDto;loadObject:LoadDto;emailStatuses:EmailStatusDto[];invoiceNumber:String;targetEmails:String[];customerMessage:String;load:String;invoiceType:String;services:InvoiceServiceDataDto
models-lib	data-models	data-models/src/main/java/cars/ship/modelslib/datamodels/PostingDto.java	PostingDto	dto			11	id:String;bookmark:Object;createTime:Date;updateTime:Date;status:String;order:String;orderId:String;notPublicEvent:Boolean;premiumOnly:boolean;premiumExclusivityExpirationTime:Date;postingReviewActorUserManagementId:String
models-lib	data-models	data-models/src/main/java/cars/ship/modelslib/datamodels/InvoiceServiceDto.java	InvoiceServiceDto	dto			4	quantity:Integer;type:String;rate:Double;name:String
models-lib	data-models	data-models/src/main/java/cars/ship/modelslib/datamodels/InvoiceServiceDataDto.java	InvoiceServiceDataDto	dto			1	data:InvoiceServiceDto[]
models-lib	data-models	data-models/src/main/java/cars/ship/modelslib/datamodels/SpecificationDto.java	SpecificationDto	dto			2	max:Double;min:Double
models-lib	data-models	data-models/src/main/java/cars/ship/modelslib/datamodels/OfferActivityLogDto.java	OfferActivityLogDto	dto			4	id:Long;actorUserManagementId:String;status:String;createTime:Date
models-lib	data-models	data-models/src/main/java/cars/ship/modelslib/datamodels/InspectionConfigurationDto.java	InspectionConfigurationDto	dto			4	level:Integer;roofPhoto:Boolean;odometerPhoto:Boolean;customPhotos:InspectionConfigurationCustomPhotosDto[]
models-lib	data-models	data-models/src/main/java/cars/ship/modelslib/datamodels/LoadLocationSharingStateDto.java	LoadLocationSharingStateDto	dto			0	
models-lib	data-models	data-models/src/main/java/cars/ship/modelslib/datamodels/InspectionConfigurationCustomPhotosDto.java	InspectionConfigurationCustomPhotosDto	dto			4	id:String;area:String;description:String;localPhotoUri:String
models-lib	data-models	data-models/src/main/java/cars/ship/modelslib/datamodels/DateRangeDto.java	DateRangeDto	dto			2	start:LocalDate;end:LocalDate
models-lib	data-models	data-models/src/main/java/cars/ship/modelslib/datamodels/SpecificationsDto.java	SpecificationsDto	dto			4	width:SpecificationDto;height:SpecificationDto;length:SpecificationDto;weight:SpecificationDto
models-lib	data-models	data-models/src/main/java/cars/ship/modelslib/datamodels/TripDto.java	TripDto	dto			3	id:String;companyUserManagementId:String;name:String
models-lib	data-models	data-models/src/main/java/cars/ship/modelslib/datamodels/ExtraObjectDto.java	ExtraObjectDto	dto			11	pk:String;objectType:String;userManagementId:String;recipientsList:String[];initialRecipients:String[];recipient:String;createTime:Instant;status:String;externalId:String;revisionNumber:Integer;shipperLoadId:String
models-lib	data-models	data-models/src/main/java/cars/ship/modelslib/datamodels/CompanyBillingDto.java	CompanyBillingDto	dto			28	company:Integer;nextInvoiceNumber:Integer;invoicePrefix:String;invoiceEnabled:boolean;accountingEmail:String;accountingPhone1:String;accountingPhone1Notes:String;accountingPhone1Type:String;accountingPhone2:String;accountingPhone2Notes:String;accountingPhone2Type:String;accountingPhone3:String;accountingPhone3Notes:String;accountingPhone3Type:String;accountingAddress:String;accountingCity:String;accountingState:String;accountingZip:String;factoringName:String;factoringAddress:String;factoringCity:String;factoringState:String;factoringZip:String;factoringPhone:String;factoringEmail:String;factoringPaymentTermsBusinessDays:String;customerMessage:String;defaultToFactoringCompany:boolean
models-lib	data-models	data-models/src/main/java/cars/ship/modelslib/datamodels/ImageDto.java	ImageDto	dto			2	fullSize:String;thumbnail:String
models-lib	data-models	data-models/src/main/java/cars/ship/modelslib/datamodels/ActivityLogDto.java	ActivityLogDto	dto			25	id:String;eventType:String;eventTypeCategory:String;extraObject:ExtraObjectDto;actorCompany:String;actorCompanyUserManagementId:String;carrier:String;broker:String;shipper:String;timestamp:Date;load:String;actor:String;carrierId:String;carrierUserManagementId:String;brokerId:String;brokerUserManagementId:String;shipperId:String;shipperUserManagementId:String;actorCompanyId:String;order:String;orderId:String;loadId:String;actorId:String;actorUserManagementId:String;comment:String
models-lib	data-models	data-models/src/main/java/cars/ship/modelslib/datamodels/NegotiationDto.java	NegotiationDto	dto			21	id:String;url:String;shipper:String;shipperId:String;carrier:String;carrierId:String;order:String;orderId:String;lastOffer:OfferDto;lastOfferId:String;cancelReason:String;updateTime:Date;createTime:Date;isBookAttempt:boolean;originalPrice:String;status:String;carrierInfo:CompanyInfoDto;shipperInfo:CompanyInfoDto;offers:OfferDto[];carrierUserManagementId:String;shipperUserManagementId:String
models-lib	data-models	data-models/src/main/java/cars/ship/modelslib/datamodels/AttachmentDto.java	AttachmentDto	dto			35	id:String;url:String;file:String;image:ImageDto;damages:DamageEntryDto[];load:String;order:String;creator:String;segment:String;convertedTimestamp:String;creatorCompanyId:String;creatorCompanyUserManagementId:String;isSharedWithShipper:Boolean;type:String;originalFile:String;height:String;width:String;active:Boolean;shareWithDriver:Boolean;shareWithShipper:Boolean;location:AddressLocationDto;locationAddress:String;comments:String;createTime:Date;timestamp:Date;timezone:String;area:String;description:String;vehicle:String;loadId:String;orderId:String;creatorId:String;creatorUserManagementId:String;vehicleId:String;driverOnly:Boolean
models-lib	data-models	data-models/src/main/java/cars/ship/modelslib/datamodels/SocketMessageDto.java	SocketMessageDto	dto			11	action:String;actorPk:String;created:boolean;deleted:boolean;objectType:String;objectPk:String;eventPk:String;parentType:String;parentPk:String;timestamp:Instant;object:T
models-lib	data-models	data-models/src/main/java/cars/ship/modelslib/datamodels/VehicleDto.java	VehicleDto	dto			64	id:String;url:String;attachments:AttachmentDto[];type:String;humanType:String;logo:String;m22Damages:M22DamagesDto[];brokerVehicleId:String;created:Boolean;deleting:Boolean;year:Integer;make:String;model:String;color:String;vin:String;buyerNumber:String;lotNumber:String;operable:Boolean;shipperVehicleId:String;specificationsData:SpecificationsDto;specificationsYear:Integer;status:String;pickupOdometer:String;deliveryOdometer:String;pickupLocation:AddressLocationDto;pickupLocationAddress:String;vehicleSketch:String;deliveryLocation:AddressLocationDto;deliveryLocationAddress:String;pickupNight:Boolean;pickupSnow:Boolean;pickupRain:Boolean;pickupDirty:Boolean;pickupFullName:String;deliveryFullName:String;deliveryExceptions:String;deliveryDriverNotes:String;pickupDriverNotes:String;pickupDate:Date;pickupNoDamages:Boolean;deliveryDate:Date;deliveryNoDamages:Boolean;seenByDriverTime:Date;createTime:Date;updateTime:Date;pickupPhotosCount:Integer;deliveryPhotosCount:Integer;pickupSignatureDeclineReason:String;deliverySignatureDeclineReason:String;driver:String;activeChangeId:String;activeRevisionId:String;monkInspectionReceived:Boolean;monkInspectionSecret:String;monkInspectionUrlTime:Date;loadId:String;pickupSignatureDeclineReasonId:String;deliverySignatureDeclineReasonId:String;driverId:String;driverUserManagementId:String;drivetrain:String;parentVehicleId:String;additionalNotes:String;locationId:String
models-lib	data-models	data-models/src/main/java/cars/ship/modelslib/datamodels/CompanyDto.java	CompanyDto	dto			66	url:String;id:String;features:String[];labels:Object[];mandatoryTac:String;isBroker:boolean;exclusivityEnabled:boolean;inspectionConfiguration:InspectionConfigurationDto;billing:CompanyBillingDto;complianceStatus:String;complianceInstabook:boolean;complianceLinkId:String;complianceNotes:String;slug:String;name:String;isShipper:boolean;isCarrier:boolean;isSingleOwnerOperator:boolean;dotNumber:Integer;mcNumber:String;address:String;city:String;state:String;zip:String;logo:String;email:String;phone1:String;phone1Notes:String;phone1Type:String;phone2:String;phone2Notes:String;phone2Type:String;phone3:String;phone3Notes:String;phone3Type:String;accountingEmail:String;accountingPhone1:String;accountingPhone1Notes:String;accountingPhone1Type:String;accountingPhone2:String;accountingPhone2Notes:String;accountingPhone2Type:String;accountingPhone3:String;accountingPhone3Notes:String;accountingPhone3Type:String;accountingAddress:String;accountingCity:String;accountingState:String;accountingZip:String;termsOfService:String;test:boolean;cdUid:String;createTime:String;updateTime:String;internalLinkFormat:String;invoiceEnabled:boolean;emailNotificationsEnabled:boolean;hideUserList:boolean;invoicePrefix:String;nextInvoiceNumber:Integer;type:String;typeDescription:String;autoVerified:boolean;userManagementId:String;companyOwner:String;companyOwnerId:String
models-lib	data-models	data-models/src/main/java/cars/ship/modelslib/datamodels/LocationRequestDto.java	LocationRequestDto	dto			0	
models-lib	data-models	data-models/src/main/java/cars/ship/modelslib/datamodels/CompanyInfoDto.java	CompanyInfoDto	dto			3	dotNumber:String;name:String;logo:String
models-lib	data-models	data-models/src/main/java/cars/ship/modelslib/datamodels/EmailStatusDto.java	EmailStatusDto	dto			7	initialRecipients:String[];externalId:String;status:String;recipient:String;revision:String;invoice:String;createTime:Instant
models-lib	data-models	data-models/src/main/java/cars/ship/modelslib/datamodels/OfferDto.java	OfferDto	dto			18	id:String;url:String;companyId:String;company:String;orderId:String;negotiationId:String;negotiation:String;updateTime:Date;createTime:Date;expirationTime:Date;status:String;offer:OfferDetailsDto;creatorUserManagementId:String;companyUserManagementId:String;reviewStatus:String;reviewActorUserManagementId:String;reviewTime:Date;activityLog:OfferActivityLogDto[]
models-lib	data-models	data-models/src/main/java/cars/ship/modelslib/datamodels/M22DamagesDto.java	M22DamagesDto	dto			8	id:String;type:String;area:String;vehicleId:String;inspectionType:String;severity:String;url:String;vehicle:String
models-lib	data-models	data-models/src/main/java/cars/ship/modelslib/datamodels/LoadDto.java	LoadDto	dto			255	id:String;url:String;vehicles:VehicleDto[];trips:TripDto[];activityLog:ActivityLogDto[];attachments:AttachmentDto[];distanceImperial:int;driverVerificationExpiration:Date;broker:String;shipper:String;paymentToCarrier:String;carrierDotNumber:String;paymentHiddenFromDriver:Boolean;forbidVehicleUpdate:Boolean;driverIsActive:Boolean;driverName:String;driverPhoneNumber:String;driverEmail:String;referral:String;forceDatesEstimation:Boolean;posting:PostingDto;brokerDotNumber:String;shipperDotNumber:String;shipperLogo:String;shipperCity:String;shipperState:String;shipperZip:String;brokerLoadId:String;termsAndConditions:String;invoiceNumber:String;canBeClaimed:boolean;shipperName:String;shipperAddress:String;shipperEmail:String;shipperPhone:String;pricePerMile:Double;inspectionConfiguration:InspectionConfigurationDto;locationSharingRequiredByShipper:boolean;pickupRequestedTimes:String;pickupName:String;pickupContact:String;pickupAddress:String;pickupAddressLocation:AddressLocationDto;pickupCity:String;pickupState:String;pickupZip:String;pickupPhone1:String;pickupPhone1Notes:String;pickupPhone1Type:String;pickupPhone2:String;pickupPhone2Notes:String;pickupPhone2Type:String;pickupPhone3:String;pickupPhone3Notes:String;pickupPhone3Type:String;pickupDate:Date;pickupNoDamages:boolean;pickupNotes:String;pickupCustomerNotPresent:boolean;pickupEstimateType:String;pickupEstimateDate:Date;pickupEstimateEndType:String;pickupEstimateEndDate:Date;pickupRequestedDateStart:Date;pickupRequestedDateStartType:String;pickupRequestedDateEnd:Date;pickupRequestedDateEndType:String;pickupContractDateStart:Date;pickupContractDateStartType:String;pickupContractDateEnd:Date;pickupContractDateEndType:String;pickupContactIsPersonal:Boolean;pickupEmail1:String;pickupEmail2:String;pickupEmail3:String;pickupWorkingTimeStart:String;pickupWorkingTimeEnd:String;pickupEstimateTimeframe:String;pickupEstimateReason:String;pickupEstimateDateStatus:String;pickupEstimateDateStatusTimestamp:Date;deliveryRequestedTimes:String;deliveryName:String;deliveryContact:String;deliveryAddress:String;deliveryAddressLocation:AddressLocationDto;deliveryCity:String;deliveryState:String;deliveryZip:String;deliveryPhone1:String;deliveryPhone1Notes:String;deliveryPhone1Type:String;deliveryPhone2:String;deliveryPhone2Notes:String;deliveryPhone2Type:String;deliveryPhone3:String;deliveryPhone3Notes:String;deliveryPhone3Type:String;deliveryDate:Date;deliveryNotes:String;deliveryCustomerNotPresent:boolean;deliveryNoDamages:String;deliveryEstimateType:String;deliveryEstimateDate:Date;deliveryEstimateEndType:String;deliveryEstimateEndDate:Date;deliveryRequestedDateStart:Date;deliveryRequestedDateStartType:String;deliveryRequestedDateEnd:Date;deliveryRequestedDateEndType:String;deliveryContractDateStart:Date;deliveryContractDateStartType:String;deliveryContractDateEnd:Date;deliveryContractDateEndType:String;deliveryContactIsPersonal:Boolean;deliveryEmail1:String;deliveryEmail2:String;deliveryEmail3:String;deliveryWorkingTimeStart:String;deliveryWorkingTimeEnd:String;deliveryEstimateTimeframe:String;deliveryEstimateReason:String;deliveryEstimateDateStatus:String;deliveryEstimateDateStatusTimestamp:Date;transitTimeEstimatedMin:Integer;transitTimeEstimatedMax:Integer;exclusivityExpirationTime:Date;postedExternallyTime:Date;acceptTime:Date;assignTime:Date;lastChangeTime:Date;distance:int;lastDispatchGenerateTime:Date;lastDispatchGenerateUserEmail:String;listedPrice:Double;paymentOnPickup:Double;paymentOnPickupMethod:String;paymentOnDelivery:Double;paymentOnDeliveryMethod:String;totalPaymentToCarrier:Double;payables:Double;receivables:Double;paymentTermBusinessDays:String;paymentTermBegins:String;paymentMethod:String;paymentNotes:String;actualPaymentOnPickupMethod:String;actualPaymentOnDeliveryMethod:String;customerName:String;customerContact:String;customerAddress:String;customerCity:String;customerState:String;customerZip:String;customerContactIsPersonal:Boolean;customerEmail:String;customerEmail2:String;customerEmail3:String;customerPhone1:String;customerPhone1Notes:String;customerPhone1Type:String;customerPhone2:String;customerPhone2Notes:String;customerPhone2Type:String;customerPhone3:String;customerPhone3Notes:String;customerPhone3Type:String;customerWorkingTimeStart:Date;customerWorkingTimeEnd:Date;accepted:boolean;forceDriverAssignment:boolean;labels:String[];canBeBooked:boolean;ushipCode:String;demo:boolean;shipperLoadId:String;externalTripId:String;instructions:String;specificLoadRequirements:String;driverInstructions:String;status:String;firstAvailableDate:Date;enclosedTrailer:boolean;dispatchDate:Date;createTime:Date;updateTime:Date;requestedBolAddressPickup:String;requestedBolAddressDelivery:String;seenByDriverTime:Date;flags:String[];resolution:String;expirationTime:Date;invoiceTime:Date;damagesType:String;starRating:Integer;starRatingExpirationTime:Date;source:String;sourceSyncStatus:String;performance:Boolean;shipperMeta:Object;postedOnCd:Integer;truckNumberRequired:Boolean;truckNumber:String;carrier:String;dispatcher:String;demoOwner:String;activeChange:String;activeRevision:String;driver:String;trip:String;brokerId:String;brokerUserManagementId:String;shipperId:String;shipperUserManagementId:String;carrierId:String;carrierUserManagementId:String;dispatcherId:String;dispatcherUserManagementId:String;demoOwnerId:String;demoOwnerUserManagementId:String;activeChangeId:String;activeRevisionId:String;driverId:String;driverUserManagementId:String;tripId:String;virtualTripId:String;virtualTripName:String;cancelReason:String;declineReason:String;internalLoadId:String;publicTrackingId:String;carrierName:String;carrierPhoneNumber:String;carrierEmail:String;publicTrackingLink:String;preferredOnly:boolean;postedToCarriers:String[];pickupWorkingHours:String;deliveryWorkingHours:String;paymentTermCalendarDays:Integer;otherReasonText:String;shipperVipLevel:String;parentOrderId:String;hasSubOrders:boolean;collectPayment:Boolean;geofenceEnabled:Boolean;atgEnabled:Boolean;atgFieldsMasked:Boolean;atgDriverCode:String;deliveryAddressNotCorrect:Boolean;paymentState:String;pickupContactNote:String;deliveryContactNote:String;specificPublicPostingNotes:String;driverIdsInBooking:String[]
models-lib	data-models	data-models/src/main/java/cars/ship/modelslib/datamodels/InvoiceDto.java	InvoiceDto	dto			32	id:String;url:String;attachmentId:String;attachment:String;quickbooksEnabled:Boolean;paymentTermCalendarDays:Integer;paymentTermBusinessDays:Integer;status:String;invoicePrefix:String;customInvoiceId:String;invoiceId:Integer;issueDate:LocalDate;retryRecipients:String[][];targetEmail:String;useFactoringCompany:Boolean;paymentNotes:String;billToZip:String;billToState:String;billToCity:String;billToAddress:String;billToCompanyName:String;createDate:LocalDate;lastRevision:String;attachmentObject:AttachmentDto;loadObject:LoadDto;emailStatuses:EmailStatusDto[];invoiceNumber:String;targetEmails:String[];customerMessage:String;load:String;invoiceType:String;services:InvoiceServiceDataDto
models-lib	data-models	data-models/src/main/java/cars/ship/modelslib/datamodels/MessageDto.java	MessageDto	dto			18	action:String;actorPk:String;actorUserManagementId:String;objectType:String;objectPk:String;objectUserManagementId:String;eventPk:String;parentType:String;parentPk:String;isDemo:Boolean;demoOwnerId:String;shipperLoadId:String;created:boolean;deleted:boolean;timestamp:Date;orderingKey:String;event:EventDto<T>;drivers:String[]
models-lib	data-models	data-models/src/main/java/cars/ship/modelslib/datamodels/OfferDetailsDto.java	OfferDetailsDto	dto			9	price:Double;paymentTermBegins:String;offerValidityHours:String;paymentTermBusinessDays:String;paymentTermCalendarDays:String;pickupDate:Object;deliveryDate:Object;reason:String;reasonDescription:String
models-lib	data-models	data-models/src/main/java/cars/ship/modelslib/datamodels/EventDto.java	EventDto	dto			21	url:String;id:String;objectType:String;objectPk:String;created:boolean;deleted:boolean;newValue:T;oldValue:T;changedFields:String[];timestamp:Date;action:String;ip:String;requestId:String;actor:String;carrier:String;shipper:String;actorId:String;carrierId:String;shipperId:String;carrierUserManagementId:String;shipperUserManagementId:String
models-lib	data-models	data-models/src/main/java/cars/ship/modelslib/datamodels/DamageEntryDto.java	DamageEntryDto	dto			8	id:String;url:String;type:String;segment:String;timestamp:Date;location:AddressLocationDto;attachment:String;attachmentId:String
models-lib	data-models	data-models/src/main/java/cars/ship/modelslib/datamodels/AddressLocationDto.java	AddressLocationDto	dto			2	type:String;coordinates:Double[]
models-lib	data-models	data-models/src/main/java/cars/ship/modelslib/datamodels/CompanyLabelDto.java	CompanyLabelDto	dto			1	labels:Object[]
models-lib	data-models	data-models/src/main/java/cars/ship/modelslib/datamodels/PubsubMessageDto.java	PubsubMessageDto	dto			19	action:String;actorPk:String;actor:String;objectType:String;objectPk:String;url:String;eventPk:String;parentType:String;parentPk:String;created:boolean;deleted:boolean;timestamp:Instant;changedFields:Object[];actorUserManagementId:String;demoOwnerId:String;brokerLoadId:String;demo:boolean;drivers:String[];data:T
negotiations-router	api-dtos	api-dtos/src/main/java/cars/ship/negotiations/dtos/out/AcceptNegotiationDto.java	AcceptNegotiationDto	dto			0	
negotiations-router	api-dtos	api-dtos/src/main/java/cars/ship/negotiations/dtos/out/CTMSCompanyInfoDto.java	CTMSCompanyInfoDto	dto			3	dotNumber:Integer;logo:String;name:String
negotiations-router	api-dtos	api-dtos/src/main/java/cars/ship/negotiations/dtos/out/CTMSOfferDetailsDto.java	CTMSOfferDetailsDto	dto			8	paymentTermCalendarDays:Integer;paymentTermBusinessDays:Integer;paymentTermBegins:String;deliveryDate:DateRangeDto;pickupDate:DateRangeDto;price:String;reason:String;reasonDescription:String
negotiations-router	api-dtos	api-dtos/src/main/java/cars/ship/negotiations/dtos/out/CTMSOfferReadDto.java	CTMSOfferReadDto	dto			8	id:String;negotiationId:String;updateTime:Instant;createTime:Instant;expirationTime:Instant;status:String;companyUserManagementId:String;offer:CTMSOfferDetailsDto
negotiations-router	api-dtos	api-dtos/src/main/java/cars/ship/negotiations/dtos/out/CTMSNegotiationReadDto.java	CTMSNegotiationReadDto	dto			13	id:String;orderId:String;lastOfferId:String;cancelReason:String;updateTime:Instant;createTime:Instant;isBookAttempt:Boolean;originalPrice:String;status:String;carrierUserManagementId:String;shipperUserManagementId:String;lastOffer:CTMSOfferReadDto;offers:CTMSOfferReadDto[]
negotiations-router	api-dtos	api-dtos/src/main/java/cars/ship/negotiations/dtos/in/CreateOfferDto.java	CreateOfferDto	dto			0	
negotiations-router	api-dtos	api-dtos/src/main/java/cars/ship/negotiations/dtos/in/CTMSClaimPostingDto.java	CTMSClaimPostingDto	dto			0	
negotiations-router	api-dtos	api-dtos/src/main/java/cars/ship/negotiations/dtos/in/CTMSDateRangeDto.java	CTMSDateRangeDto	dto			0	
negotiations-router	api-dtos	api-dtos/src/main/java/cars/ship/negotiations/dtos/in/CTMSCancelNegotiationDto.java	CTMSCancelNegotiationDto	dto			0	
negotiations-router	commons	commons/src/main/java/cars/ship/negotiations/commons/exceptions/UpstreamPassThroughException.java	UpstreamPassThroughException	dto	RuntimeException		3	statusCode:int;responseBody:String;contentType:String
notification-backend	notification-app	notification-app/src/main/java/cars/ship/shipperlite/notification/config/AppConfigImpl.java	AppConfigImpl	dto			36	db:Db;pubSub:PubSub;userManagement:UserManagement;redis:RedisConfig;sendGrid:SendGridConfig;sms:SmsConfig;google:GoogleConfig;pushNotification:PushNotificationConfig;callsRetry:CallsRetryConfig;warningLogs:WarningLogsConfig;email:EmailConfig;testingMode:TestingModeConfig;applicationSchema:String;host:String;port:String;key:String;accountKey:String;authToken:String;serviceNumber:String;subscriptions:String[];topics:String[];firebase:FirebaseConfig;credentialsLocation:String;baseUrl:String;usersEndpoint:String;maxUsersPerMessage:int;deleteInactiveTokenHours:int;maxTokenFailures:int;maxRetries:int;minFixedDelayMs:int;maxFixedDelayMs:int;backoffPerRetryDelayMs:int;logWarningOnExecutionTimeMs:int;logWarningOnProcessedAfterPublishTimeMs:int;defaultFrom:String;enabled:boolean
notification-backend	notification-app	notification-app/src/main/java/cars/ship/shipperlite/notification/application/adapters/out/clients/dtos/ChatMessageCreatorDto.java	ChatMessageCreatorDto	dto			7	id:String;externalId:String;companyExternalId:String;name:String;email:String;phoneNumber:String;profilePictureUrl:String
notification-backend	notification-app	notification-app/src/main/java/cars/ship/shipperlite/notification/application/adapters/out/clients/dtos/UserAccountDto.java	UserAccountDto	dto			14	id:String;name:String;owner:Boolean;street:String;city:String;state:String;zipCode:String;email:String;phoneNumber:String;company:CompanyDto;profilePictureUrl:String;active:boolean;roles:UserRoleEnum[];primaryRole:UserRoleEnum
notification-backend	notification-app	notification-app/src/main/java/cars/ship/shipperlite/notification/application/adapters/out/clients/dtos/CompanyDto.java	CompanyDto	dto			19	id:String;name:String;companyType:CompanyTypeEnum;companySubtype:CompanySubtypeEnum;usDotNumber:String;mcNumber:String;street:String;city:String;state:String;zipCode:String;email:String;phoneNumber:String;termsAndConditions:String;allowInstantBooking:Boolean;centralDispatchId:String;logoUrl:String;ownerName:String;useGpsTracking:Boolean;singleOwnerOperator:Boolean
notification-backend	notification-app	notification-app/src/main/java/cars/ship/shipperlite/notification/application/adapters/out/clients/dtos/ChatMessageDto.java	ChatMessageDto	dto			5	id:String;content:String;isRead:String;createdAt:String;creator:ChatMessageCreatorDto
notification-backend	notification-app	notification-app/src/main/java/cars/ship/shipperlite/notification/application/adapters/out/clients/dtos/FirebaseMessageWrapper.java	FirebaseMessageWrapper	dto			0	
notification-backend	notification-app	notification-app/src/main/java/cars/ship/shipperlite/notification/application/adapters/out/clients/socket/dtos/EmitterDto.java	EmitterDto	dto			3	type:int;data:Object[];nsp:String
notification-backend	notification-app	notification-app/src/main/java/cars/ship/shipperlite/notification/application/adapters/out/clients/socket/dtos/ReceiversDto.java	ReceiversDto	dto			2	rooms:String[];flags:HashMap<String, Object>
notification-backend	notification-app	notification-app/src/main/java/cars/ship/shipperlite/notification/application/adapters/in/pubsub/dtos/token/LoadboardEventPubSubDto.java	LoadboardEventPubSubDto	dto			5	action:String;objectType:String;objectPrimaryKey:String;isJustCreated:boolean;parentType:String
notification-backend	notification-app	notification-app/src/main/java/cars/ship/shipperlite/notification/application/adapters/in/pubsub/dtos/token/TokenStatePubSubDto.java	TokenStatePubSubDto	dto			4	objectType:String;objectPrimaryKey:String;isJustCreated:boolean;event:TokenEventPubSubDto
notification-backend	notification-app	notification-app/src/main/java/cars/ship/shipperlite/notification/application/adapters/in/pubsub/dtos/token/TokenEventPubSubDto.java	TokenEventPubSubDto	dto			1	newValue:TokenValuePubSubDto
notification-backend	notification-app	notification-app/src/main/java/cars/ship/shipperlite/notification/application/adapters/in/pubsub/dtos/token/TokenValuePubSubDto.java	TokenValuePubSubDto	dto			6	id:String;userManagementId:String;externalId:String;sendNotification:Boolean;type:String;amountOfFailures:Long
notification-backend	notification-app	notification-app/src/main/java/cars/ship/shipperlite/notification/application/adapters/in/pubsub/dtos/user/UserEventPubSubDto.java	UserEventPubSubDto	dto			1	user:V2UserAccountPubSubDto
notification-backend	notification-app	notification-app/src/main/java/cars/ship/shipperlite/notification/domain/model/TokenInfo.java	TokenInfo	jpa	BaseEntity	TOKEN_INFO	3	userAccount:UserAccount;value:String;failedCounter:int
notification-backend	notification-app	notification-app/src/main/java/cars/ship/shipperlite/notification/domain/model/UserAccount.java	UserAccount	jpa	BaseEntity	USER_ACCOUNT	4	externalId:String;email:String;lastModifiedUserBe:Instant;tokenInfos:TokenInfo[]
notification-backend	notification-app	notification-app/src/main/java/cars/ship/shipperlite/notification/domain/model/vo/FirebaseMessageVo.java	FirebaseMessageVo	dto			6	userExternalId:String;token:String;title:String;body:String;imageUrl:String;data:String[]
notification-backend	notification-app	notification-app/src/main/java/cars/ship/shipperlite/notification/domain/model/vo/WebSocketPayload.java	WebSocketPayload	dto			2	event:String;data:Object
notification-backend	notification-app	notification-app/src/main/java/cars/ship/shipperlite/notification/domain/model/detached/UserAccountDetached.java	UserAccountDetached	dto	BaseEntityDetached		5	externalId:String;externalCompanyId:String;email:String;phoneNumber:String;tokenInfos:TokenInfoDetached[]
notification-backend	notification-app	notification-app/src/main/java/cars/ship/shipperlite/notification/domain/model/detached/TokenInfoDetached.java	TokenInfoDetached	dto	BaseEntityDetached		5	userId:long;userExternalId:String;type:String;value:String;failedCounter:int
notification-backend	notification-app	notification-app/src/main/java/cars/ship/shipperlite/notification/domain/model/sharedkernel/User.java	User	dto			2	userId:String;companyId:String
notification-backend	notification-app	notification-app/src/main/java/cars/ship/shipperlite/notification/domain/ports/out/clients/FirebaseClient.java	FirebaseSentResult	dto			0	
notification-backend	notification-dtos	notification-dtos/src/main/java/cars/ship/notification/dtos/v1/V1NotificationPubSubDto.java	V1NotificationPubSubDto	dto			6	type:String;receivers:String[];event:String;data:Object;text:String;source:String
notification-backend	notification-dtos	notification-dtos/src/main/java/cars/ship/notification/dtos/v1/sms/V1SmsNotificationDataDto.java	V1SmsNotificationDataDto	dto			1	message:String
notification-backend	notification-dtos	notification-dtos/src/main/java/cars/ship/notification/dtos/v1/push/V1ChatMessageCreatorDto.java	V1ChatMessageCreatorDto	dto			7	id:String;externalId:String;companyExternalId:String;name:String;email:String;phoneNumber:String;profilePictureUrl:String
notification-backend	notification-dtos	notification-dtos/src/main/java/cars/ship/notification/dtos/v1/push/V1ChatMessageDto.java	V1ChatMessageDto	dto			5	id:String;content:String;isRead:String;creator:V1ChatMessageCreatorDto;createdAt:String
notification-backend	notification-dtos	notification-dtos/src/main/java/cars/ship/notification/dtos/v1/push/V1PushNotificationDataDto.java	V1PushNotificationDataDto	dto	PropertiesBase		14	title:String;message:String;chatNotificationType:String;objectType:String;action:String;objectPk:String;externalLoadId:String;discussionId:String;actorName:String;actorId:String;companyName:String;companyId:String;chatMessageVo:V1ChatMessageDto;ctmsNotification:boolean
notification-backend	notification-dtos	notification-dtos/src/main/java/cars/ship/notification/dtos/v1/email/V1EmailNotificationDataDto.java	V1EmailNotificationDataDto	dto			11	subject:String;content:String;sender:String;templateId:String;templateData:Object[];timestamp:String;recipientName:String;contentType:String;attachments:V1EmailNotificationAttachmentDto[];customArgs:String[];replyTo:String
notification-backend	notification-dtos	notification-dtos/src/main/java/cars/ship/notification/dtos/v1/email/ASMDto.java	ASMDto	dto			2	groupId:int;groupsToDisplay:int[]
notification-backend	notification-dtos	notification-dtos/src/main/java/cars/ship/notification/dtos/v1/email/V1EmailNotificationAttachmentDto.java	V1EmailNotificationAttachmentDto	dto			3	name:String;fileURL:String;contentType:String
notification-backend	notification-dtos	notification-dtos/src/main/java/cars/ship/notification/dtos/v2/push/V2PushNotificationDataDto.java	V2PushNotificationDataDto	dto			4	title:String;body:String;imageUrl:String;data:String[]
notification-orchestrator	api-dtos	api-dtos/src/main/java/cars/ship/notification/orchestrator/dtos/out/EmailDto.java	EmailDto	dto			0	
notification-orchestrator	api-dtos	api-dtos/src/main/java/cars/ship/notification/orchestrator/dtos/in/pubsub/SendEmailDto.java	SendEmailDto	dto			0	
notification-orchestrator	api-dtos	api-dtos/src/main/java/cars/ship/notification/orchestrator/dtos/in/pubsub/RecipientDto.java	RecipientDto	dto			0	
notification-orchestrator	db-entities	db-entities/src/main/java/cars/ship/notification/orchestrator/entities/EmailEntity.java	EmailEntity	jpa	BaseEntity	emails	5	senderCompany:CompanyEntity;recipientCompany:CompanyEntity;recipientUser:UserEntity;status:EmailStatusEnum;additionalAttributes:String[]
notification-orchestrator	db-entities	db-entities/src/main/java/cars/ship/notification/orchestrator/entities/UserEntity.java	UserEntity	jpa	BaseEntity	users	6	externalUpdateTime:Instant;active:boolean;email:String;name:String;primaryRole:UserRoleEnum;company:CompanyEntity
notification-orchestrator	db-entities	db-entities/src/main/java/cars/ship/notification/orchestrator/entities/CompanyEntity.java	CompanyEntity	jpa	BaseEntity	companies	2	externalUpdateTime:Instant;active:boolean
notification-orchestrator	db-syncer	db-syncer/src/main/java/cars/ship/notification/orchestrator/sync/models/DbUser.java	DbUser	dto			6	id:String;companyId:String;active:boolean;name:String;email:String;primaryRole:UserRoleEnum
notification-orchestrator	db-syncer	db-syncer/src/main/java/cars/ship/notification/orchestrator/sync/models/DbCompany.java	DbCompany	dto			4	id:String;active:boolean;name:String;email:String
notification-orchestrator	db-syncer	db-syncer/src/main/java/cars/ship/notification/orchestrator/sync/models/DbUserRow.java	DbUserRow	dto			6	id:String;companyId:String;active:boolean;name:String;email:String;primaryRole:UserRoleEnum
notification-orchestrator	services	services/src/main/java/cars/ship/notification/orchestrator/services/models/Email.java	Email	dto			0	
notification-orchestrator	services	services/src/main/java/cars/ship/notification/orchestrator/services/models/SendgridEmailEvent.java	SendgridEmailEvent	dto			4	email:String;event:String;messageId:String;timestamp:long
payment-backend	api-dtos	api-dtos/src/main/java/cars/ship/payment/dtos/PaymentMethodStatusDto.java	PaymentMethodStatusDto	dto			0	
payment-backend	api-dtos	api-dtos/src/main/java/cars/ship/payment/dtos/CompanyConfigDto.java	CompanyConfigDto	dto			0	
payment-backend	api-dtos	api-dtos/src/main/java/cars/ship/payment/dtos/CompanyBankAccountRevDto.java	CompanyBankAccountRevDto	dto			0	
payment-backend	api-dtos	api-dtos/src/main/java/cars/ship/payment/dtos/CarrierIntegrationDto.java	CarrierIntegrationDto	dto			0	
payment-backend	api-dtos	api-dtos/src/main/java/cars/ship/payment/dtos/PublicCompanyConfigDto.java	PublicCompanyConfigDto	dto			0	
payment-backend	api-dtos	api-dtos/src/main/java/cars/ship/payment/dtos/TransactionRevDto.java	TransactionRevDto	dto			0	
payment-backend	api-dtos	api-dtos/src/main/java/cars/ship/payment/dtos/CompanyConfigUpdateDto.java	CompanyConfigUpdateDto	dto			0	
payment-backend	api-dtos	api-dtos/src/main/java/cars/ship/payment/dtos/TransactionDto.java	TransactionDto	dto			0	
payment-backend	api-dtos	api-dtos/src/main/java/cars/ship/payment/dtos/PaymentETAsDto.java	PaymentETAsDto	dto			0	
payment-backend	api-dtos	api-dtos/src/main/java/cars/ship/payment/dtos/CompanyBankAccountDto.java	CompanyBankAccountDto	dto			0	
payment-backend	api-dtos	api-dtos/src/main/java/cars/ship/payment/dtos/TransactionUpdateDto.java	TransactionUpdateDto	dto			0	
payment-backend	api-dtos	api-dtos/src/main/java/cars/ship/payment/dtos/CompanyConfigRevDto.java	CompanyConfigRevDto	dto			0	
payment-backend	api-dtos	api-dtos/src/main/java/cars/ship/payment/dtos/CreateTransactionDto.java	CreateTransactionDto	dto			0	
payment-backend	api-dtos	api-dtos/src/main/java/cars/ship/payment/dtos/CreateUpdateBankAccountDto.java	CreateUpdateBankAccountDto	dto			0	
payment-backend	api-dtos	api-dtos/src/main/java/cars/ship/payment/dtos/onetime/OneTimePaymentRequestDto.java	OneTimePaymentRequestDto	dto			0	
payment-backend	api-dtos	api-dtos/src/main/java/cars/ship/payment/dtos/onetime/OneTimePaymentInvoiceLineDto.java	OneTimePaymentInvoiceLineDto	dto			0	
payment-backend	api-dtos	api-dtos/src/main/java/cars/ship/payment/dtos/onetime/OneTimePaymentResponseDto.java	OneTimePaymentResponseDto	dto			0	
payment-backend	api-dtos	api-dtos/src/main/java/cars/ship/payment/dtos/onetime/OneTimePaymentStatusDto.java	OneTimePaymentStatusDto	dto			0	
payment-backend	api-dtos	api-dtos/src/main/java/cars/ship/payment/dtos/pubsub/PubSubTransactionUpdateDto.java	PubSubTransactionUpdateDto	dto	PubsubMessageDto		0	
payment-backend	api-dtos	api-dtos/src/main/java/cars/ship/payment/dtos/pubsub/BankAccountUpdatePubSubDto.java	BankAccountUpdatePubSubDto	dto			0	
payment-backend	api-dtos	api-dtos/src/main/java/cars/ship/payment/dtos/pubsub/PaymentNotificationPubSubDto.java	PaymentNotificationPubSubDto	dto			0	
payment-backend	api-dtos	api-dtos/src/main/java/cars/ship/payment/dtos/pubsub/BankAccountSocketMessageDto.java	BankAccountSocketMessageDto	dto	SocketMessageDto		0	
payment-backend	api-dtos	api-dtos/src/main/java/cars/ship/payment/dtos/roadsync/RoadSyncWebhookDto.java	RoadSyncWebhookDto	dto			0	
payment-backend	api-dtos	api-dtos/src/main/java/cars/ship/payment/dtos/roadsync/RoadSyncPayeeDto.java	RoadSyncPayeeDto	dto			0	
payment-backend	api-dtos	api-dtos/src/main/java/cars/ship/payment/dtos/roadsync/RoadSyncFailureDetailsDto.java	RoadSyncFailureDetailsDto	dto			0	
payment-backend	api-dtos	api-dtos/src/main/java/cars/ship/payment/dtos/roadsync/RoadSyncMetadataDto.java	RoadSyncMetadataDto	dto			0	
payment-backend	db-entities	db-entities/src/main/java/cars/ship/payment/entities/CompanyConfigEntity.java	CompanyConfigEntity	jpa	BaseDbEntity	company_configs	4	companyId:String;referenceId:String;data:Object[];secret:Object[]
payment-backend	db-entities	db-entities/src/main/java/cars/ship/payment/entities/CompanyBankAccountEntity.java	CompanyBankAccountEntity	jpa	BaseDbEntity	company_bank_accounts	9	companyId:String;accountHolderFirstName:String;accountHolderLastName:String;accountNumber:String;routingNumber:String;email:String;name:String;dotNumber:String;message:String
payment-backend	db-entities	db-entities/src/main/java/cars/ship/payment/entities/RoadSyncPayeesEntity.java	RoadSyncPayeesEntity	jpa	BaseDbEntity	roadsync_payees	6	shipperCompanyId:String;companyId:String;externalId:String;name:String;dotNumber:String;availablePaymentTypes:String[]
payment-backend	db-entities	db-entities/src/main/java/cars/ship/payment/entities/TransactionEntity.java	TransactionEntity	jpa	BaseDbEntity	transactions	17	publicId:String;fromCompanyId:String;toCompanyId:String;externalId:String;referenceId:String;paymentMethod:TransactionPaymentMethodEnum;status:TransactionStatusEnum;totalAmountInCents:Long;feeInCents:Long;paymentEta:Instant;initiatedTime:Instant;settlementTime:Instant;scheduledSendTime:Instant;targetAvailabilityDate:LocalDate;lastEventDatetime:Instant;message:String;parent:TransactionEntity
payment-backend	services	services/src/main/java/cars/ship/payment/services/clients/usermanagement/dtos/PaymentInformationVo.java	PaymentInformationVo	dto			7	subscriptionName:String;subscriptionStatus:SubscriptionStatusEnum;lastPaymentResult:LastPaymentResultEnum;companyEmail:String;companyTypeEnum:CompanyTypeEnum;customerId:String;oldPriceId:String
payment-backend	services	services/src/main/java/cars/ship/payment/services/clients/usermanagement/dtos/UserVo.java	UserVo	dto			0	
payment-backend	services	services/src/main/java/cars/ship/payment/services/clients/roadsync/dtos/RoadSyncFundingSourceRequest.java	RoadSyncFundingSourceRequest	dto			0	
payment-backend	services	services/src/main/java/cars/ship/payment/services/clients/roadsync/dtos/RoadSyncPayeeResponse.java	RoadSyncPayeeResponse	dto			0	
payment-backend	services	services/src/main/java/cars/ship/payment/services/clients/roadsync/dtos/RoadSyncFundingSourceResponse.java	RoadSyncFundingSourceResponse	dto			0	
payment-backend	services	services/src/main/java/cars/ship/payment/services/clients/roadsync/dtos/RoadSyncImportPayeeResponse.java	RoadSyncImportPayeeResponse	dto			0	
payment-backend	services	services/src/main/java/cars/ship/payment/services/clients/roadsync/dtos/RoadSyncPayeeCandidateResponse.java	RoadSyncPayeeCandidateResponse	dto			0	
payment-backend	services	services/src/main/java/cars/ship/payment/services/clients/roadsync/dtos/RoadSyncEtaResponse.java	RoadSyncEtaResponse	dto			0	
payment-backend	services	services/src/main/java/cars/ship/payment/services/clients/roadsync/dtos/RoadSyncTransactionResponse.java	RoadSyncTransactionResponse	dto			0	
payment-backend	services	services/src/main/java/cars/ship/payment/services/clients/roadsync/dtos/RoadSyncImportPayeeRequest.java	RoadSyncImportPayeeRequest	dto			0	
payment-backend	services	services/src/main/java/cars/ship/payment/services/clients/roadsync/dtos/RoadSyncUpdatePayeeRequest.java	RoadSyncUpdatePayeeRequest	dto			0	
payment-backend	services	services/src/main/java/cars/ship/payment/services/clients/roadsync/dtos/RoadSyncCreatePayeeRequest.java	RoadSyncCreatePayeeRequest	dto			0	
payment-backend	services	services/src/main/java/cars/ship/payment/services/clients/roadsync/dtos/RoadSyncFundingSourcesResponse.java	RoadSyncFundingSourcesResponse	dto			0	
payment-backend	services	services/src/main/java/cars/ship/payment/services/clients/roadsync/dtos/RoadSyncTransactionRequest.java	RoadSyncTransactionRequest	dto			0	
payment-backend	services	services/src/main/java/cars/ship/payment/services/clients/stripe/dtos/V3UpdateStripeSubscription.java	V3UpdateStripeSubscription	dto			0	
payment-backend	services	services/src/main/java/cars/ship/payment/services/clients/stripe/dtos/OneTimePaymentSatusVo.java	OneTimePaymentSatusVo	dto			0	
payment-backend	services	services/src/main/java/cars/ship/payment/services/clients/stripe/dtos/V3CreateStripeCustomer.java	V3CreateStripeCustomer	dto			0	
payment-backend	services	services/src/main/java/cars/ship/payment/services/clients/stripe/dtos/V3StripePriceVo.java	V3StripePriceVo	dto			0	
payment-backend	services	services/src/main/java/cars/ship/payment/services/clients/stripe/dtos/V3StripeSubscriptionVo.java	V3StripeSubscriptionVo	dto			0	
payment-backend	services	services/src/main/java/cars/ship/payment/services/clients/stripe/dtos/OneTimePaymentVo.java	OneTimePaymentVo	dto			0	
payment-backend	services	services/src/main/java/cars/ship/payment/services/clients/stripe/dtos/V3StripeCustomerVo.java	V3StripeCustomerVo	dto			0	
payment-backend	services	services/src/main/java/cars/ship/payment/services/clients/stripe/dtos/V3CreateStripeSubscription.java	V3CreateStripeSubscription	dto			0	
payment-backend	services	services/src/main/java/cars/ship/payment/services/clients/stripe/dtos/V3ChangeStripeSubscriptionItem.java	V3ChangeStripeSubscriptionItem	dto			0	
payment-backend	services	services/src/main/java/cars/ship/payment/services/clients/stripe/dtos/V3StripeCustomerSyncVo.java	V3StripeCustomerSyncVo	dto			0	
payment-backend	services	services/src/main/java/cars/ship/payment/services/clients/stripe/dtos/OneTimePaymentCheckoutVo.java	OneTimePaymentCheckoutVo	dto			0	
payment-backend	services	services/src/main/java/cars/ship/payment/services/clients/stripe/dtos/OneTimePaymentInvoiceLineVo.java	OneTimePaymentInvoiceLineVo	dto			0	
payment-backend	services	services/src/main/java/cars/ship/payment/services/clients/stripe/dtos/SubscriptionVo.java	SubscriptionVo	dto			11	subscriptionId:String;productId:String;priceId:String;subscriptionItemId:String;nextPaymentDueTo:Instant;status:SubscriptionStatusEnum;quantity:Long;trialExpiryDate:Instant;currentPeriodStart:Instant;currentPeriodEnd:Instant;cancelAtPeriodEnd:Boolean
payment-backend	services	services/src/main/java/cars/ship/payment/services/clients/stripe/dtos/V3StripeProductVo.java	V3StripeProductVo	dto			0	
payment-backend	services	services/src/main/java/cars/ship/payment/services/clients/stripe/dtos/V3UpdateStripeSubscriptionItem.java	V3UpdateStripeSubscriptionItem	dto			0	
payment-backend	services	services/src/main/java/cars/ship/payment/services/clients/stripe/dtos/V3StripeSubscriptionItemVo.java	V3StripeSubscriptionItemVo	dto			0	
payment-backend	services	services/src/main/java/cars/ship/payment/services/config/RoadSyncConfig.java	RoadSyncConfig	dto			0	
payment-backend	services	services/src/main/java/cars/ship/payment/services/utils/RoadSyncCredentials.java	RoadSyncCredentials	dto			5	apiKey:String;brokerId:String;apiKeyObj:Object;apiKey:String;brokerId:String
posting-backend	posting-app	posting-app/src/main/java/cars/ship/shipperlite/posting/application/adapters/out/clients/dto/centraldispatch/CentralDispatchStopDto.java	CentralDispatchStopDto	dto			0	
posting-backend	posting-app	posting-app/src/main/java/cars/ship/shipperlite/posting/application/adapters/out/clients/dto/centraldispatch/CentralDispatchLocationDto.java	CentralDispatchLocationDto	dto			0	
posting-backend	posting-app	posting-app/src/main/java/cars/ship/shipperlite/posting/application/adapters/out/clients/dto/centraldispatch/CentralDispatchLoadAndHeadersDto.java	CentralDispatchLoadAndHeadersDto	dto			0	
posting-backend	posting-app	posting-app/src/main/java/cars/ship/shipperlite/posting/application/adapters/out/clients/dto/centraldispatch/CentralDispatchMarketPlaceDto.java	CentralDispatchMarketPlaceDto	dto			0	
posting-backend	posting-app	posting-app/src/main/java/cars/ship/shipperlite/posting/application/adapters/out/clients/dto/centraldispatch/CentralDispatchVehicleDto.java	CentralDispatchVehicleDto	dto			0	
posting-backend	posting-app	posting-app/src/main/java/cars/ship/shipperlite/posting/application/adapters/out/clients/dto/centraldispatch/CentralDispatchV1VehicleDto.java	CentralDispatchV1VehicleDto	dto			0	
posting-backend	posting-app	posting-app/src/main/java/cars/ship/shipperlite/posting/application/adapters/out/clients/dto/centraldispatch/CentralDispatchV1LoadDto.java	CentralDispatchV1LoadDto	dto			0	
posting-backend	posting-app	posting-app/src/main/java/cars/ship/shipperlite/posting/application/adapters/out/clients/dto/centraldispatch/CentralDispatchLoadDto.java	CentralDispatchLoadDto	dto			0	
posting-backend	posting-app	posting-app/src/main/java/cars/ship/shipperlite/posting/application/adapters/out/clients/dto/centraldispatch/CentralDispatchPaymentDetailsDto.java	CentralDispatchPaymentDetailsDto	dto			0	
posting-backend	posting-app	posting-app/src/main/java/cars/ship/shipperlite/posting/application/adapters/out/clients/dto/centraldispatch/CentralDispatchPaymentDto.java	CentralDispatchPaymentDto	dto			0	
posting-backend	posting-app	posting-app/src/main/java/cars/ship/shipperlite/posting/application/adapters/out/clients/dto/loadboard/PostingDto.java	PostingDto	dto	LoadDto		17	pickupStartRequestedDate:LocalDate;pickupStartRequestedDateRestriction:LoadBoardStartDateRestrictionTypeEnum;pickupEndRequestedDate:LocalDate;pickupEndRequestedDateRestriction:LoadBoardEndDateRestrictionTypeEnum;deliveryStartRequestedDate:LocalDate;deliveryStartRequestedDateRestriction:LoadBoardStartDateRestrictionTypeEnum;deliveryEndRequestedDate:LocalDate;deliveryEndRequestedDateRestriction:LoadBoardEndDateRestrictionTypeEnum;dto:PostingDto;dateFields:DateFields;startDate:LocalDate;endDate:LocalDate;dateRestriction:DateRestrictionEnum;dateFields:DateFields;startDate:LocalDate;endDate:LocalDate;dateRestriction:DateRestrictionEnum
posting-backend	posting-app	posting-app/src/main/java/cars/ship/shipperlite/posting/application/adapters/out/clients/dto/loadboard/UserAccountLoadboardDto.java	UserAccountLoadboardDto	dto			10	confirmedEmail:String;unconfirmedEmail:String;confirmedPhone:String;additionalPhoneNumber:String;userManagementId:String;unconfirmedPhone:String;name:String;id:String;profilePictureUrl:String;isOwner:boolean
posting-backend	posting-app	posting-app/src/main/java/cars/ship/shipperlite/posting/application/adapters/out/clients/dto/loadboard/LoadboardVehicleDto.java	LoadboardVehicleDto	dto			2	vehicle:Vehicle;dto:LoadboardVehicleDto
posting-backend	posting-app	posting-app/src/main/java/cars/ship/shipperlite/posting/application/adapters/out/clients/dto/loadboard/AttachmentDto.java	AttachmentDto	dto			12	id:Long;fileUrl:String;fileName:String;bytes:byte[];loadUrl:String;vehicleUrl:String;type:String;shareWithDriver:boolean;dto:AttachmentDto;builder:MultipartBodyBuilder;fileName:String;contentDispositionHeader:String
posting-backend	posting-app	posting-app/src/main/java/cars/ship/shipperlite/posting/application/adapters/out/clients/dto/loadboard/CompanyLoadboardDto.java	CompanyLoadboardDto	dto			20	id:String;name:String;city:String;state:String;zip:String;street:String;email:String;accountingEmail:String;logo:String;primaryPhone:String;primaryPhoneNotes:String;primaryPhoneType:String;secondaryPhone:String;secondaryPhoneNotes:String;secondaryPhoneType:String;thirdPhone:String;thirdPhoneNotes:String;thirdPhoneType:String;usDot:Long;userManagementId:String
posting-backend	posting-app	posting-app/src/main/java/cars/ship/shipperlite/posting/application/adapters/out/clients/dto/loadboard/PostConfigDto.java	PostConfigDto	dto			0	
posting-backend	posting-app	posting-app/src/main/java/cars/ship/shipperlite/posting/application/adapters/out/clients/dto/loadboard/CreateAttachmentResponseDto.java	CreateAttachmentResponseDto	dto			0	
posting-backend	posting-app	posting-app/src/main/java/cars/ship/shipperlite/posting/application/adapters/out/clients/dto/loadboard/PostLoadResponseDto.java	PostLoadResponseDto	dto			0	
posting-backend	posting-app	posting-app/src/main/java/cars/ship/shipperlite/posting/application/adapters/out/clients/dto/loadboard/LoadDto.java	LoadDto	dto			116	vehicles:LoadboardVehicleDto[];termsAndConditions:String;useGpsTracking:Boolean;pickupWorkingHours:String;pickupCompanyName:String;pickupContactName:String;pickupStreetAndNumber:String;pickupCity:String;pickupState:String;pickupZipCode:String;pickupPrimaryPhone:String;pickupPrimaryPhoneNotes:String;pickupPrimaryPhoneType:LoadBoardPhoneTypeEnum;pickupSecondaryPhone:String;pickupSecondaryPhoneNotes:String;pickupSecondaryPhoneType:LoadBoardPhoneTypeEnum;pickupThirdPhone:String;pickupThirdPhoneNotes:String;pickupThirdPhoneType:LoadBoardPhoneTypeEnum;pickupNoDamages:boolean;pickupNotes:String;pickupContractStartDate:LocalDate;pickupContractStartDateRestriction:LoadBoardStartDateRestrictionTypeEnum;pickupContractEndDate:LocalDate;pickupContractEndDateRestriction:LoadBoardEndDateRestrictionTypeEnum;deliveryWorkingHours:String;deliveryCompanyName:String;deliveryContactName:String;deliveryStreetAndNumber:String;deliveryCity:String;deliveryState:String;deliveryZipCode:String;deliveryPrimaryPhone:String;deliveryPrimaryPhoneNotes:String;deliveryPrimaryPhoneType:LoadBoardPhoneTypeEnum;deliverySecondaryPhone:String;deliverySecondaryPhoneNotes:String;deliverySecondaryPhoneType:LoadBoardPhoneTypeEnum;deliveryThirdPhone:String;deliveryThirdPhoneNotes:String;deliveryThirdPhoneType:LoadBoardPhoneTypeEnum;deliveryNotes:String;deliveryContractStartDate:LocalDate;deliveryContractStartDateRestriction:LoadBoardStartDateRestrictionTypeEnum;deliveryContractEndDate:LocalDate;deliveryContractEndDateRestriction:LoadBoardEndDateRestrictionTypeEnum;paymentOnPickup:BigDecimal;paymentOnPickupMethodType:LoadBoardPaymentOnPickupOrDeliveryMethodEnum;paymentOnDelivery:BigDecimal;paymentOnDeliveryMethodType:LoadBoardPaymentOnPickupOrDeliveryMethodEnum;totalPayment:BigDecimal;paymentTermsBusinessDays:Integer;paymentTermsCalendarDays:Integer;paymentTermsBeginsType:LoadBoardPaymentTermsBeginTypeEnum;paymentMethod:LoadBoardPaymentBillingMethodEnum;paymentNotes:String;customerCompanyName:String;customerEmail:String;customerSecondaryEmail:String;customerThirdEmail:String;customerContactName:String;customerStreetAndNumber:String;customerCity:String;customerState:String;customerZipCode:String;customerPrimaryPhone:String;customerPrimaryPhoneNotes:String;customerPrimaryPhoneType:LoadBoardPhoneTypeEnum;customerSecondaryPhone:String;customerSecondaryPhoneNotes:String;customerSecondaryPhoneType:LoadBoardPhoneTypeEnum;customerThirdPhone:String;customerThirdPhoneNotes:String;customerThirdPhoneType:LoadBoardPhoneTypeEnum;shipperLoadId:String;id:String;dispatchInstructions:String;postDispatchInstructions:String;useEnclosedTrailer:boolean;notAllowCarrierToEditLoads:boolean;canBeBooked:Boolean;forceDriverAssignment:Boolean;damagesType:LoadBoardDamagesTypeEnum;ushipCode:String;pickupSignatureNotRequired:boolean;deliverySignatureNotRequired:boolean;firstAvailableDate:LocalDate;source:String;useOnlyPreferredCarriers:boolean;useAtgDriverCode:Boolean;atgDriverCode:String;labels:String[];createTime:Instant;updateTime:Instant;dto:LoadDto;customer:Company;emails:String[];customerLocation:Location;activePayments:Payment[];firstPayment:Payment;days:int;secondPayment:Payment;days:int;dateFields:DateFields;startDate:LocalDate;endDate:LocalDate;dateRestriction:DateRestrictionEnum;dateFields:DateFields;startDate:LocalDate;endDate:LocalDate;dateRestriction:DateRestrictionEnum;anyActiveItem:ShippingItem;pickupContact:Contact;deliveryContact:Contact;atgDriverCode:String;labels:String[]
posting-backend	posting-app	posting-app/src/main/java/cars/ship/shipperlite/posting/application/adapters/out/clients/dto/loadboard/CarrierOfferDto.java	CarrierOfferDto	dto			1	offer:String
posting-backend	posting-app	posting-app/src/main/java/cars/ship/shipperlite/posting/application/adapters/out/clients/dto/loadboard/CarrierInfoDto.java	CarrierInfoDto	dto			4	carrierDot:String;carrier:String;expirationTime:Instant;carrierInfo:CarrierInfoDto
posting-backend	posting-app	posting-app/src/main/java/cars/ship/shipperlite/posting/application/adapters/out/clients/dto/loadboard/util/DateFields.java	DateFields	dto			0	
posting-backend	posting-app	posting-app/src/main/java/cars/ship/shipperlite/posting/application/adapters/out/clients/dto/common/LoadboardSetupDto.java	LoadboardSetupDto	dto			3	companyId:Long;headers:String[][];isSuccess:boolean
posting-backend	posting-app	posting-app/src/main/java/cars/ship/shipperlite/posting/application/adapters/out/clients/dto/quotemanager/CancelOrderDto.java	CancelOrderDto	dto			4	providerId:String;orderRefId:String;reason:String;companyId:String
posting-backend	posting-app	posting-app/src/main/java/cars/ship/shipperlite/posting/application/adapters/out/clients/dto/driveaway/ExternalDriveawayDriverDto.java	ExternalDriveawayDriverDto	dto	DriveawayDriverDto		5	id:String;city:String;state:String;zip:String;address:String
posting-backend	posting-app	posting-app/src/main/java/cars/ship/shipperlite/posting/application/adapters/out/aspect/LoadLegStateAspect.java	LoadLegStateAspect	dto			21	appConfig:AppConfig;driveawayService:DriveawayService;utilityOperations:LoadLegUtilityOperations;genericUtilityOperations:GenericUtilityOperations;loadLegMsgPubSubConverter:LoadLegMsgPubSubConverter;loadLegRepository:LoadLegRepository;dataMigrationDone:AtomicBoolean;emitEvents:SocketEventTypesEnum[];action:PubSubActionTypeEnum;key:String;publicLinkInfo:PublicLinkInfo;publicLink:String;driveaway:Driveaway;loadLegStatus:LoadLegStatusEnum;load:Load;shippingItems:ShippingItem[];loadLegId:Long;loadLeg:LoadLeg;action:PubSubActionTypeEnum;dtos:Pair<LoadLegMsgPubSubDto, V1LoadLegMsgPubSubDto>;hashedId:String
posting-backend	posting-app	posting-app/src/main/java/cars/ship/shipperlite/posting/application/adapters/in/web/rest/facade/ManagedOrderFacadeImpl.java	ManagedOrderFacadeImpl	dto			29	managedOrdersService:ManagedOrdersOperations;authenticationSourceService:AuthenticationSourceService;orderInfoConverter:OrderInfoConverter;orderResponseConverter:OrderResponseConverter;standaloneLoadLegConverter:StandaloneLoadLegConverter;managedOrderConverter:ManagedOrderConverter;mediaProxyTransformer:MediaProxyTransformer;standaloneLoadLegOperations:StandaloneLoadLegOperations;genericUtilityService:GenericUtilityService;idHashingService:IdHashingService;appConfig:AppConfig;integratorsTtl:Duration;loadLeg:LoadLeg;newLeg:LoadLeg;user:SecurityUser;loadLeg:LoadLeg;user:UserAccount;loadLegs:LoadLeg[];loadLeg:LoadLeg;update:ManagedOrderUpdate;user:SecurityUser;dehashedIds:Long[];loadLegs:LoadLeg[];dehashedIds:Long[];dehashedId:Long;vehicles:OrderVehicleInfoDto[];vin:String;make:String;model:String
posting-backend	posting-app	posting-app/src/main/java/cars/ship/shipperlite/posting/application/adapters/in/web/rest/facade/converter/MediaProxyReplacer.java	MediaProxyReplacer	dto			6	url:String;url:String;url:String;url:String;url:String;url:String
posting-backend	posting-app	posting-app/src/main/java/cars/ship/shipperlite/posting/application/adapters/in/web/rest/facade/converter/MediaProxyTransformer.java	MediaProxyTransformer	dto			49	mediaProxyClient:MediaProxyClient;mediaProxyApiTtl:Duration;companyId:String;mediaProxyUrls:MediaProxyUrls;urlsMap:String[];mediaProxyReplacer:MediaProxyReplacer;mediaProxyUrls:MediaProxyUrls;urlsMap:String[];mediaProxyReplacer:MediaProxyReplacer;companyId:String;mediaProxyUrls:MediaProxyUrls;urlsMap:String[];mediaProxyReplacer:MediaProxyReplacer;mediaProxyUrls:MediaProxyUrls;urlsMap:String[];mediaProxyReplacer:MediaProxyReplacer;mediaProxyUrls:MediaProxyUrls;urlsMap:String[];mediaProxyReplacer:MediaProxyReplacer;companyId:String;mediaProxyUrls:MediaProxyUrls;urlsMap:String[];mediaProxyReplacer:MediaProxyReplacer;companyId:String;mediaProxyUrls:MediaProxyUrls;urlsMap:String[];mediaProxyReplacer:MediaProxyReplacer;companyId:String;mediaProxyUrls:MediaProxyUrls;urlsMap:String[];mediaProxyReplacer:MediaProxyReplacer;companyId:String;mediaProxyUrls:MediaProxyUrls;urlsMap:String[];mediaProxyReplacer:MediaProxyReplacer;companyId:String;mediaProxyUrls:MediaProxyUrls;urlsMap:String[];mediaProxyReplacer:MediaProxyReplacer;mediaProxyUrls:MediaProxyUrls;urlsMap:String[];mediaProxyReplacer:MediaProxyReplacer;companyId:String;mediaProxyUrls:MediaProxyUrls;urlsMap:String[];mediaProxyReplacer:MediaProxyReplacer;mediaProxyUrls:MediaProxyUrls;urlsMap:String[];mediaProxyReplacer:MediaProxyReplacer
posting-backend	posting-app	posting-app/src/main/java/cars/ship/shipperlite/posting/application/adapters/in/web/rest/controller/deprecated/pagination/V1PagingCriteria.java	V1PagingCriteria	dto			2	page:Integer;size:Integer
posting-backend	posting-app	posting-app/src/main/java/cars/ship/shipperlite/posting/application/adapters/in/web/rest/controller/deprecated/pagination/V1SearchFilter.java	V1SearchFilter	dto			3	field:String;value:String;operator:V1FilterOperatorEnum
posting-backend	posting-app	posting-app/src/main/java/cars/ship/shipperlite/posting/application/adapters/in/web/rest/controller/deprecated/pagination/V1SortCriteria.java	V1SortCriteria	dto			3	sortingFields:String[];orders:Order[];order:Order
posting-backend	posting-app	posting-app/src/main/java/cars/ship/shipperlite/posting/application/adapters/in/web/rest/common/EntityId.java	EntityId	dto			0	
posting-backend	posting-app	posting-app/src/main/java/cars/ship/shipperlite/posting/application/adapters/in/web/rest/validation/uploading/DomainsValidatorImpl.java	DomainsValidatorImpl	dto			2	supportedDomains:String;domains:String[]
posting-backend	posting-app	posting-app/src/main/java/cars/ship/shipperlite/posting/application/adapters/in/pubsub/dto/AttachmentPubSubDto.java	AttachmentPubSubDto	dto			7	id:String;loadLegId:String;vehicleId:String;fileUrl:String;type:String;isSharedWithShipper:boolean;isForDriverOnly:boolean
posting-backend	posting-app	posting-app/src/main/java/cars/ship/shipperlite/posting/application/adapters/in/pubsub/dto/LoadLegEventPubSubDto.java	LoadLegEventPubSubDto	dto			1	newValue:LoadLegPubSubDto
posting-backend	posting-app	posting-app/src/main/java/cars/ship/shipperlite/posting/application/adapters/in/pubsub/dto/OfferPubSubDto.java	OfferPubSubDto	dto			6	id:String;carrierOffer:OfferDetailsPubSubDto;status:String;expirationDate:ZonedDateTime;negotiationId:String;companyId:String
posting-backend	posting-app	posting-app/src/main/java/cars/ship/shipperlite/posting/application/adapters/in/pubsub/dto/LoadLegPubSubDto.java	LoadLegPubSubDto	dto			42	loadLegId:String;status:String;carrierDot:Long;carrierUmId:String;driverUmId:String;ctmsShipperLoadId:String;paymentOnPickupInUSD:String;paymentOnDeliveryInUSD:String;totalPaymentInUSD:String;paymentTermBusinessDays:String;paymentTermCalendarDays:String;paymentTermBegins:String;vehicles:LoadboardVehiclePubSubDto[];pickupStartDate:LocalDate;pickupEndDate:LocalDate;deliveryStartDate:LocalDate;deliveryEndDate:LocalDate;pickupEstimatedDate:LocalDate;pickupEstimateTimeframe:String;pickupEstimateReason:String;pickupContractStartDate:LocalDate;pickupContractEndDate:LocalDate;deliveryEstimatedDate:LocalDate;deliveryEstimateTimeframe:String;deliveryEstimateReason:String;deliveryContractStartDate:LocalDate;pickupActualDate:LocalDate;deliveryActualDate:LocalDate;pickupRequestedStartDateRestriction:LoadBoardStartDateRestrictionTypeEnum;pickupRequestedEndDateRestriction:LoadBoardEndDateRestrictionTypeEnum;deliveryRequestedStartDateRestriction:LoadBoardStartDateRestrictionTypeEnum;deliveryRequestedEndDateRestriction:LoadBoardEndDateRestrictionTypeEnum;pickupEstimatedDateRestriction:LoadBoardStartDateRestrictionTypeEnum;pickupContractStartDateRestriction:LoadBoardStartDateRestrictionTypeEnum;pickupContractEndDateRestriction:LoadBoardEndDateRestrictionTypeEnum;deliveryEstimatedDateRestriction:LoadBoardStartDateRestrictionTypeEnum;deliveryContractStartDateRestriction:LoadBoardStartDateRestrictionTypeEnum;deliveryContractEndDateRestriction:LoadBoardEndDateRestrictionTypeEnum;deliveryContractEndDate:LocalDate;cancelReason:String;declineReason:String;otherReasonText:String
posting-backend	posting-app	posting-app/src/main/java/cars/ship/shipperlite/posting/application/adapters/in/pubsub/dto/V3PubSubObjectDto.java	V3PubSubObjectDto	dto	PubSubMessageDto		0	
posting-backend	posting-app	posting-app/src/main/java/cars/ship/shipperlite/posting/application/adapters/in/pubsub/dto/UserEventPubSubDto.java	UserEventPubSubDto	dto			1	user:V2UserAccountPubSubDto
posting-backend	posting-app	posting-app/src/main/java/cars/ship/shipperlite/posting/application/adapters/in/pubsub/dto/VehicleRevisionPubSubDto.java	VehicleRevisionPubSubDto	dto			2	vehicle:VehiclePubSubDto;idDetails:VehicleIdDetailsPubSubDto
posting-backend	posting-app	posting-app/src/main/java/cars/ship/shipperlite/posting/application/adapters/in/pubsub/dto/VehicleLoadboardStateValuesPubSubDto.java	VehicleLoadboardStateValuesPubSubDto	dto			3	objectType:String;objectPrimaryKey:String;event:VehicleChangeEventValuesPubSubDto
posting-backend	posting-app	posting-app/src/main/java/cars/ship/shipperlite/posting/application/adapters/in/pubsub/dto/VehicleLoadboardStatePubSubDto.java	VehicleLoadboardStatePubSubDto	dto			3	objectType:String;objectPrimaryKey:String;event:VehicleChangeEventPubSubDto
posting-backend	posting-app	posting-app/src/main/java/cars/ship/shipperlite/posting/application/adapters/in/pubsub/dto/AttachmentMetadataCtmsPubSubDto.java	AttachmentMetadataCtmsPubSubDto	dto			0	
posting-backend	posting-app	posting-app/src/main/java/cars/ship/shipperlite/posting/application/adapters/in/pubsub/dto/VehicleLoadboardStatusChangePubSubDto.java	VehicleLoadboardStatusChangePubSubDto	dto			3	objectType:String;objectPrimaryKey:String;event:VehicleValuePubSubDto
posting-backend	posting-app	posting-app/src/main/java/cars/ship/shipperlite/posting/application/adapters/in/pubsub/dto/M22DamagePubSubDto.java	M22DamagePubSubDto	dto			7	id:String;type:String;area:String;vehicleId:String;inspectionType:String;severity:String;url:String
posting-backend	posting-app	posting-app/src/main/java/cars/ship/shipperlite/posting/application/adapters/in/pubsub/dto/VehiclePubSubDto.java	VehiclePubSubDto	dto			18	vehicleId:String;shipperliteVehicleId:String;loadLegId:String;bodyType:String;color:String;buyerNumber:String;lotNumber:String;stockNumber:String;operable:Boolean;vin:String;year:Integer;make:String;model:String;galleryUrl:String;status:String;pickupActualDate:LocalDate;deliveryActualDate:LocalDate;m22Damages:M22DamagePubSubDto[]
posting-backend	posting-app	posting-app/src/main/java/cars/ship/shipperlite/posting/application/adapters/in/pubsub/dto/VehicleIdDetailsPubSubDto.java	VehicleIdDetailsPubSubDto	dto			1	vehicleId:String
posting-backend	posting-app	posting-app/src/main/java/cars/ship/shipperlite/posting/application/adapters/in/pubsub/dto/CompanyEventPubSubDto.java	CompanyEventPubSubDto	dto			1	company:V2CompanyPubSubDto
posting-backend	posting-app	posting-app/src/main/java/cars/ship/shipperlite/posting/application/adapters/in/pubsub/dto/VehicleRevisionValuesPubSubDto.java	VehicleRevisionValuesPubSubDto	dto			1	updatedValues:Object[]
posting-backend	posting-app	posting-app/src/main/java/cars/ship/shipperlite/posting/application/adapters/in/pubsub/dto/NegotiationPubSubDto.java	NegotiationPubSubDto	dto			6	id:String;loadLegId:String;carrierId:String;status:String;offers:OfferPubSubDto[];currentOffer:OfferPubSubDto
posting-backend	posting-app	posting-app/src/main/java/cars/ship/shipperlite/posting/application/adapters/in/pubsub/dto/GatepassInformation.java	GatepassInformation	dto			2	vehicleId:Long;attachmentId:Long
posting-backend	posting-app	posting-app/src/main/java/cars/ship/shipperlite/posting/application/adapters/in/pubsub/dto/VehicleValuePubSubDto.java	VehicleValuePubSubDto	dto			1	newValue:VehiclePubSubDto
posting-backend	posting-app	posting-app/src/main/java/cars/ship/shipperlite/posting/application/adapters/in/pubsub/dto/LoadLegLoadboardStatePubSubDto.java	LoadLegLoadboardStatePubSubDto	dto			3	objectType:String;objectPrimaryKey:String;event:LoadLegEventPubSubDto
posting-backend	posting-app	posting-app/src/main/java/cars/ship/shipperlite/posting/application/adapters/in/pubsub/dto/LoadBoardStateInfoPubSubDto.java	LoadBoardStateInfoPubSubDto	dto			5	action:String;objectType:String;objectPrimaryKey:String;isJustCreated:boolean;parentType:String
posting-backend	posting-app	posting-app/src/main/java/cars/ship/shipperlite/posting/application/adapters/in/pubsub/dto/OfferDetailsPubSubDto.java	OfferDetailsPubSubDto	dto			5	priceInUSD:BigDecimal;pickupDate:DateDetailsPubSubDto;deliveryDate:DateDetailsPubSubDto;paymentTermBusinessDays:String;paymentTermBegins:String
posting-backend	posting-app	posting-app/src/main/java/cars/ship/shipperlite/posting/application/adapters/in/pubsub/dto/VehicleChangeEventValuesPubSubDto.java	VehicleChangeEventValuesPubSubDto	dto			1	newValue:VehicleRevisionValuesPubSubDto
posting-backend	posting-app	posting-app/src/main/java/cars/ship/shipperlite/posting/application/adapters/in/pubsub/dto/NegotiationEventPubSubDto.java	NegotiationEventPubSubDto	dto			1	newValue:NegotiationPubSubDto
posting-backend	posting-app	posting-app/src/main/java/cars/ship/shipperlite/posting/application/adapters/in/pubsub/dto/AttachmentEventPubSubDto.java	AttachmentEventPubSubDto	dto			3	newValue:AttachmentPubSubDto;metadata:AttachmentMetadataCtmsPubSubDto;isDeleted:boolean
posting-backend	posting-app	posting-app/src/main/java/cars/ship/shipperlite/posting/application/adapters/in/pubsub/dto/LoadboardVehiclePubSubDto.java	LoadboardVehiclePubSubDto	dto			0	
posting-backend	posting-app	posting-app/src/main/java/cars/ship/shipperlite/posting/application/adapters/in/pubsub/dto/QuoteManagerUpdateEventPubSubDto.java	QuoteManagerUpdateEventPubSubDto	dto			11	loadId:String;providerId:Long;providerName:String;providerLogoUrl:String;providerServiceAccountName:String;orderId:String;orderRefId:String;selectedQuoteId:String;selectedQuoteRateType:String;mustBeDisabled:boolean;currentUserEmail:String
posting-backend	posting-app	posting-app/src/main/java/cars/ship/shipperlite/posting/application/adapters/in/pubsub/dto/AttachmentLoadboardStatePubSubDto.java	AttachmentLoadboardStatePubSubDto	dto			3	objectType:String;isJustCreated:boolean;event:AttachmentEventPubSubDto
posting-backend	posting-app	posting-app/src/main/java/cars/ship/shipperlite/posting/application/adapters/in/pubsub/dto/DateDetailsPubSubDto.java	DateDetailsPubSubDto	dto			2	start:LocalDate;end:LocalDate
posting-backend	posting-app	posting-app/src/main/java/cars/ship/shipperlite/posting/application/adapters/in/pubsub/dto/NegotiationLoadboardStatePubSubDto.java	NegotiationLoadboardStatePubSubDto	dto			4	objectType:String;objectPrimaryKey:String;isJustCreated:boolean;event:NegotiationEventPubSubDto
posting-backend	posting-app	posting-app/src/main/java/cars/ship/shipperlite/posting/application/adapters/in/pubsub/dto/VehicleChangeEventPubSubDto.java	VehicleChangeEventPubSubDto	dto			1	newValue:VehicleRevisionPubSubDto
posting-backend	posting-app	posting-app/src/main/java/cars/ship/shipperlite/posting/application/adapters/in/pubsub/dto/location/LocationPubSubDto.java	LocationPubSubDto	dto			2	coordinates:LocationCoordinatesPubSubDto;timestamp:ZonedDateTime
posting-backend	posting-app	posting-app/src/main/java/cars/ship/shipperlite/posting/application/adapters/in/pubsub/dto/location/LocationCoordinatesPubSubDto.java	LocationCoordinatesPubSubDto	dto			2	latitude:BigDecimal;longitude:BigDecimal
posting-backend	posting-app	posting-app/src/main/java/cars/ship/shipperlite/posting/application/adapters/in/pubsub/dto/location/LocationStatePubSubDto.java	LocationStatePubSubDto	dto			8	action:String;actorPk:String;created:Boolean;deleted:Boolean;event:LocationEventPubSubDto;eventPk:String;objectPk:String;objectType:String
posting-backend	posting-app	posting-app/src/main/java/cars/ship/shipperlite/posting/application/adapters/in/pubsub/dto/location/LocationEventPubSubDto.java	LocationEventPubSubDto	dto			8	action:String;actorPk:String;created:Boolean;deleted:Boolean;eventPk:String;eventData:LocationPubSubDto;objectPk:String;objectType:String
posting-backend	posting-app	posting-app/src/main/java/cars/ship/shipperlite/posting/domain/temporal/reporting/workflows/impl/CreateReportWorkflowImpl.java	CreateReportWorkflowImpl	dto			10	fieldsFilterConverter:FieldsFilterConverter;activityOptions:Builder;log:Logger;checkLinkedCompaniesActivity:CheckLinkedCompaniesActivity;createReportActivity:CreateReportActivity;broadcastReportResultActivity:BroadcastReportResultActivity;sendReportEmailActivity:SendReportEmailActivity;createReportingLogActivity:CreateReportingLogActivity;user:User;res:CreateReportOutDto
posting-backend	posting-app	posting-app/src/main/java/cars/ship/shipperlite/posting/domain/temporal/reporting/dtos/CreateReportInDto.java	CreateReportInDto	dto			0	
posting-backend	posting-app	posting-app/src/main/java/cars/ship/shipperlite/posting/domain/temporal/reporting/dtos/CreateReportOutDto.java	CreateReportOutDto	dto			0	
posting-backend	posting-app	posting-app/src/main/java/cars/ship/shipperlite/posting/domain/temporal/reporting/dtos/SendReportEmailInDto.java	SendReportEmailInDto	dto			0	
posting-backend	posting-app	posting-app/src/main/java/cars/ship/shipperlite/posting/domain/temporal/reporting/dtos/CreateReportingLogInDto.java	CreateReportingLogInDto	dto			0	
posting-backend	posting-app	posting-app/src/main/java/cars/ship/shipperlite/posting/domain/temporal/reporting/dtos/BroadcastReportResultInDto.java	BroadcastReportResultInDto	dto			0	
posting-backend	posting-app	posting-app/src/main/java/cars/ship/shipperlite/posting/domain/model/DriveawayDriver.java	DriveawayDriver	jpa	BaseEntity	driveaway_driver	7	name:String;companyName:String;email:String;phone:String;phoneNotes:String;location:Location;enforceTermsAndConditions:boolean
posting-backend	posting-app	posting-app/src/main/java/cars/ship/shipperlite/posting/domain/model/PaymentDetailsEntity.java	PaymentDetailsEntity	jpa	BaseEntity	payment_details	7	contractPricingPublicId:String;contractPricingVersion:Long;contractPricingType:ContractPricingTypeEnum;contractPricingCalculatedRateInCents:Long;contractPricingCalculationDetails:ContractPricingPaymentEmbedded;rateEngineCalculationId:String;carrierPayInCents:long
posting-backend	posting-app	posting-app/src/main/java/cars/ship/shipperlite/posting/domain/model/OutboxMessage.java	OutboxMessage	jpa	BaseEntity	outbox_message	4	payload:String;processStatus:OutboxProcessStatusEnum;retries:int;errorDetails:String
posting-backend	posting-app	posting-app/src/main/java/cars/ship/shipperlite/posting/domain/model/Load.java	Load	jpa	BaseEntity	load	13	dispatchInstructions:String;postDispatchInstructions:String;useM22InspectionGuide:Boolean;useVrf:Boolean;useGpsTracking:Boolean;trailerType:TrailerTypeEnum;allowCarrierToEditLoads:Boolean;isInstaBookable:Boolean;forceDriverAssignment:Boolean;dontAlertDriveawayDriver:boolean;shippingItems:ShippingItem[];atgDriverCode:String;aiContext:String
posting-backend	posting-app	posting-app/src/main/java/cars/ship/shipperlite/posting/domain/model/ManagedOrder.java	ManagedOrder	jpa	BaseEntity	managed_order	0	
posting-backend	posting-app	posting-app/src/main/java/cars/ship/shipperlite/posting/domain/model/ReportingLog.java	ReportingLog	jpa	BaseEntity	reporting_log	2	creator:UserAccount;company:Company
posting-backend	posting-app	posting-app/src/main/java/cars/ship/shipperlite/posting/domain/model/DefaultContactsExclusions.java	DefaultContactsExclusions	jpa		default_contacts_exclusions	4	company:Company;companyId:long;defaultContact:Contact;defaultContactId:long
posting-backend	posting-app	posting-app/src/main/java/cars/ship/shipperlite/posting/domain/model/Contact.java	Contact	jpa	BaseEntity	contact	23	publicId:String;companyName:String;email:String;name:String;primaryPhone:String;primaryPhoneNotes:String;secondaryPhone:String;secondaryPhoneNotes:String;thirdPhone:String;thirdPhoneNotes:String;workingHours:String;autoImsClientId:String;location:Location;userType:ContactUserTypeEnum;systemType:ContactSystemTypeEnum;notes:String;searchableContent:String;company:Company;companyId:Long;defaultContactsExclusions:DefaultContactsExclusions[];allEmails:String;userPrimaryPhone:String;sb:StringBuilder
posting-backend	posting-app	posting-app/src/main/java/cars/ship/shipperlite/posting/domain/model/Payment.java	Payment	jpa	BaseEntity	payment	9	carrierPayInCents:long;notes:String;loadLeg:LoadLeg;paymentType:PaymentTypeEnum;paymentTransactionType:PaymentTransactionTypeEnum;paymentMethod:PaymentMethodEnum;paymentTermsBeginType:PaymentTermsBeginTypeEnum;paymentTermsType:PaymentTermsTypeEnum;payment:Payment
posting-backend	posting-app	posting-app/src/main/java/cars/ship/shipperlite/posting/domain/model/CompanySettingsEntity.java	CompanySettingsEntity	jpa	BaseEntity	company_settings	16	useGpsTracking:boolean;useSignatures:boolean;useVrf:boolean;allowCarrierToEditLoads:boolean;useCustomerContractPricing:boolean;useCarrierContractPricing:boolean;generateCustomerInvoice:boolean;allowDriveawayDriverEdits:boolean;allowChaseDriverEdits:boolean;paymentInformation:PaymentInformationEmbedded[];usePaymentInformation:boolean;companyId:String;forceCpayInput:boolean;forceTotalRateInput:boolean;useAtgDriverCode:boolean;sendAtgPinEmail:boolean
posting-backend	posting-app	posting-app/src/main/java/cars/ship/shipperlite/posting/domain/model/LoadLegPostingJob.java	LoadLegPostingJob	jpa	BaseEntity	load_leg_posting_job	5	loadLeg:LoadLeg;jobType:JobTypeEnum;jobStatus:JobStatusEnum;errorMessage:String;jobId:String
posting-backend	posting-app	posting-app/src/main/java/cars/ship/shipperlite/posting/domain/model/Driver.java	Driver	jpa	BaseEntity	driver	3	lbExternalId:String;userAccount:UserAccount;userManagementId:String
posting-backend	posting-app	posting-app/src/main/java/cars/ship/shipperlite/posting/domain/model/Route.java	Route	jpa	BaseEntity	route	10	dispatchDate:LocalDate;pickupRequestedDateDetail:DateDetail;pickupContractualDateDetail:DateDetail;pickupCarrierEtaDateDetail:DateDetail;deliveryRequestedDateDetail:DateDetail;deliveryContractualDateDetail:DateDetail;deliveryCarrierEtaDateDetail:DateDetail;deliveryLocation:Location;pickupLocation:Location;direction:MileageBandDirectionEnum
posting-backend	posting-app	posting-app/src/main/java/cars/ship/shipperlite/posting/domain/model/Driveaway.java	Driveaway	jpa	BaseEntity	driveaway	5	publicKey:String;state:DriveawayLoadStateEnum;expirationTime:Instant;driver:DriveawayDriver;type:DriveawayTypeEnum
posting-backend	posting-app	posting-app/src/main/java/cars/ship/shipperlite/posting/domain/model/SupportedAccountingLineItemEntity.java	SupportedAccountingLineItemEntity	jpa	BaseEntity	supported_accounting_line_items	6	isTotalRate:boolean;chargeName:String;chargeCode:String;company:Company;searchableContent:String;sb:StringBuilder
posting-backend	posting-app	posting-app/src/main/java/cars/ship/shipperlite/posting/domain/model/CarrierOffer.java	CarrierOffer	jpa	BaseEntity	carrier_offer	5	priceInCents:long;loadLeg:LoadLeg;lbNegotiationId:String;lbStatus:String;lbExternalId:String
posting-backend	posting-app	posting-app/src/main/java/cars/ship/shipperlite/posting/domain/model/DateDetail.java	DateDetail	jpa	BaseEntity	date_detail	5	estimatedEndDate:LocalDate;estimatedStartDate:LocalDate;restriction:DateRestrictionEnum;timeframe:String;reason:String
posting-backend	posting-app	posting-app/src/main/java/cars/ship/shipperlite/posting/domain/model/ShippingItem.java	ShippingItem	jpa	BaseEntity	shipping_item	21	deliveryContact:Contact;pickupContact:Contact;customer:Contact;load:Load;route:Route;driveawayDriver:DriveawayDriver;checkedInAt:Instant;status:ShippingItemStatusEnum;vehicle:Vehicle;attachments:Attachment[];routeOrder:int;carrierPayInCents:long;contractPricingCalculationDetails:ContractPricingPaymentEmbedded;contractPricingPublicId:String;contractPricingVersion:Long;contractPricingType:ContractPricingTypeEnum;contractPricingCalculatedRateInCents:Long;shipperExternalId:String;generateCustomerInvoice:Boolean;allowDriverEdits:Boolean;m22Damages:M22DamageEmbedded[]
posting-backend	posting-app	posting-app/src/main/java/cars/ship/shipperlite/posting/domain/model/CentralDispatchCredentialsEntity.java	CentralDispatchCredentialsEntity	jpa	BaseEntity	central_dispatch_credentials	6	company:Company;companyId:long;clientId:String;clientSecret:String;marketplace:String;sendCtmsLoadboardLink:boolean
posting-backend	posting-app	posting-app/src/main/java/cars/ship/shipperlite/posting/domain/model/ActivityLog.java	ActivityLog	jpa	BaseEntity	activity_log	8	loadCreator:UserAccount;actorName:String;actorUser:UserAccount;actorType:ActorTypeEnum;loadLegId:long;loadLeg:LoadLeg;loadType:LoadTypeEnum;status:LoadLegStatusEnum
posting-backend	posting-app	posting-app/src/main/java/cars/ship/shipperlite/posting/domain/model/PublicLinkInfo.java	PublicLinkInfo	jpa	BaseEntity	public_link_info	3	publicLinkKey:String;publicLink:String;ctmsLoadboardLink:String
posting-backend	posting-app	posting-app/src/main/java/cars/ship/shipperlite/posting/domain/model/StatusHistoryEntity.java	StatusHistoryEntity	jpa	BaseEntity	status_histories	3	entityName:String;entityId:long;status:String
posting-backend	posting-app	posting-app/src/main/java/cars/ship/shipperlite/posting/domain/model/OutboxMessageGroup.java	OutboxMessageGroup	dto			0	
posting-backend	posting-app	posting-app/src/main/java/cars/ship/shipperlite/posting/domain/model/AtgDriverCodeViewLog.java	AtgDriverCodeViewLog	jpa	BaseEntity	atg_driver_code_view_log	2	loadLegId:Long;actorUserId:String
posting-backend	posting-app	posting-app/src/main/java/cars/ship/shipperlite/posting/domain/model/Location.java	Location	jpa	BaseEntity	location	7	street:String;city:String;state:String;zipCode:String;longitude:String;latitude:String;locationId:String
posting-backend	posting-app	posting-app/src/main/java/cars/ship/shipperlite/posting/domain/model/Attachment.java	Attachment	jpa	BaseEntity	attachment	13	creatorType:AttachmentCreatorTypeEnum;fileUrl:String;lbExternalId:String;companyId:String;shippingItem:ShippingItem;shippingItemId:Long;loadLeg:LoadLeg;loadLegId:Long;originalFileName:String;shareWith:ShareWithTypeEnum;status:UploadStatusEnum;type:AttachmentTypeEnum;metadata:AttachmentsMetadataEmbedded
posting-backend	posting-app	posting-app/src/main/java/cars/ship/shipperlite/posting/domain/model/AccountingLineItemEntity.java	AccountingLineItemEntity	jpa	BaseEntity	accounting_line_items	7	isTotalRate:boolean;chargeName:String;chargeAmountCents:long;chargeCode:String;costCents:long;notes:String;vehicle:Vehicle
posting-backend	posting-app	posting-app/src/main/java/cars/ship/shipperlite/posting/domain/model/LoadLeg.java	LoadLeg	jpa	BaseEntity	load_leg	43	centralDispatchId:String;centralDispatchLatestAction:CentralDispatchActionEnum;centralDispatchClientId:String;status:LoadLegStatusEnum;pickupSignatureRequired:Boolean;deliverySignatureRequired:Boolean;labels:String[];carrierOffers:CarrierOffer[];driver:Driver;carrier:Carrier;driveaway:Driveaway;load:Load;payments:Payment[];attachments:Attachment[];publicLinkInfo:PublicLinkInfo;order:ManagedOrder;paymentDetails:PaymentDetailsEntity;userAccount:UserAccount;type:LoadTypeEnum;companyId:long;company:Company;sortPickupDate:LocalDate;sortDeliveryDate:LocalDate;externalDestination:ExternalDestinationEnum;lbPostingVersion:LBPostingVersion;customer:Contact;lload:Load;minMaxPickupDates:Pair<LocalDate, LocalDate>;minPickupDate:LocalDate;maxPickupDate:LocalDate;minMaxDeliveryDates:Pair<LocalDate, LocalDate>;minDeliveryDate:LocalDate;maxDeliveryDate:LocalDate;minDate:AtomicReference<LocalDate>;maxDate:AtomicReference<LocalDate>;route:Route;actualDate:LocalDate;minDate:AtomicReference<LocalDate>;maxDate:AtomicReference<LocalDate>;route:Route;actualDate:LocalDate;startDate:LocalDate;endDate:LocalDate
posting-backend	posting-app	posting-app/src/main/java/cars/ship/shipperlite/posting/domain/model/Company.java	Company	jpa	BaseEntity	company	8	externalId:String;externalParentCompanyId:String;usDotNumber:String;email:String;accountingEmails:String;lastModifiedUserBe:Instant;location:Location;subscriptionStatus:SubscriptionStatusEnum
posting-backend	posting-app	posting-app/src/main/java/cars/ship/shipperlite/posting/domain/model/Vehicle.java	Vehicle	jpa	BaseEntity	vehicle	23	totalRate:Long;bodyType:String;driveType:String;buyerNumber:String;color:String;lotNumber:String;stockNumber:String;make:String;model:String;length:String;height:String;width:String;weight:String;vin:String;year:Integer;lbExternalId:String;centralDispatchId:String;customInformation:String;operableType:OperableTypeEnum;inventoryUnitId:String;searchableContent:String;accountingLineItems:AccountingLineItemEntity[];sb:StringBuilder
posting-backend	posting-app	posting-app/src/main/java/cars/ship/shipperlite/posting/domain/model/Carrier.java	Carrier	jpa	BaseEntity	carrier	3	company:Company;userManagementId:String;loadLegs:LoadLeg[]
posting-backend	posting-app	posting-app/src/main/java/cars/ship/shipperlite/posting/domain/model/ReportingTemplate.java	ReportingTemplate	jpa	BaseEntity	reporting_template	7	filters:ReportFilterDto;sort:V1SortDto;fields:FieldDto[];scheduleConfig:ReportSchedulingEmbedded;recipients:String[];creator:UserAccount;company:Company
posting-backend	posting-app	posting-app/src/main/java/cars/ship/shipperlite/posting/domain/model/UserAccount.java	UserAccount	jpa	BaseEntity	user_account	7	externalId:String;email:String;lastModifiedUserBe:Instant;company:Company;mainUserId:String;mainUserEmail:String;mainCompanyId:String
posting-backend	posting-app	posting-app/src/main/java/cars/ship/shipperlite/posting/domain/model/vo/FileContent.java	FileContent	dto			3	bytes:byte[];originalFileName:String;extension:String
posting-backend	posting-app	posting-app/src/main/java/cars/ship/shipperlite/posting/domain/model/vo/ContactInformationVo.java	ContactInformationVo	dto			0	
posting-backend	posting-app	posting-app/src/main/java/cars/ship/shipperlite/posting/domain/model/vo/PostingJob.java	PostingJob	dto			0	
posting-backend	posting-app	posting-app/src/main/java/cars/ship/shipperlite/posting/domain/model/vo/DeleteAttachmentPayload.java	DeleteAttachmentPayload	dto			0	
posting-backend	posting-app	posting-app/src/main/java/cars/ship/shipperlite/posting/domain/model/vo/OutboxPayload.java	OutboxPayload	dto			0	
posting-backend	posting-app	posting-app/src/main/java/cars/ship/shipperlite/posting/domain/model/vo/PickupDeliveryLocationVo.java	PickupDeliveryLocationVo	dto			2	pickup:LocationVo;delivery:LocationVo
posting-backend	posting-app	posting-app/src/main/java/cars/ship/shipperlite/posting/domain/model/vo/ReportingUpdateMessageVo.java	ReportingUpdateMessageVo	dto	BaseMessageVo		5	workflowId:String;userId:String;processingResult:String;errorMessage:String;url:String
posting-backend	posting-app	posting-app/src/main/java/cars/ship/shipperlite/posting/domain/model/vo/InventoryUnitsLoadWrapper.java	InventoryUnitsLoadWrapper	dto			0	
posting-backend	posting-app	posting-app/src/main/java/cars/ship/shipperlite/posting/domain/model/vo/PaymentVo.java	PaymentVo	dto			0	
posting-backend	posting-app	posting-app/src/main/java/cars/ship/shipperlite/posting/domain/model/vo/LocationVo.java	LocationVo	dto			4	city:String;state:String;street:String;zipCode:String
posting-backend	posting-app	posting-app/src/main/java/cars/ship/shipperlite/posting/domain/model/vo/SearchFilter.java	SearchFilter	dto			67	statuses:LoadLegStatusEnum[];shippingItemStatuses:ShippingItemStatusEnum[];externalDestinations:ExternalDestinationEnum[];carrierIds:Long[];bookingAgentIds:Long[];vehicleId:Long;vehicleLbExternalId:String;isBookingAgentIncluded:boolean;isCarrierIncluded:boolean;customers:ContactInformationVo[];companyIds:String[];internalCompanyIds:Long[];isCustomerIncluded:boolean;shipperLoadId:String;shipperExternalId:String;externalLoadId:String;managedOrderRefId:String;shipperLoadIds:String[];driveawayDriverIds:String[];loadLegId:Long;excludedLoadLegIds:Long[];vin:String;vinExactMatch:boolean;makeAndModel:String;inventoryUnitId:String;vehicleSearch:String;locationId:String;pickupZipCode:String;pickupCity:String;pickupState:String;deliveryZipCode:String;customerFreeTextField:String;carrierFreeTextField:String;companyName:String;bookingAgentFreeTextField:String;deliveryCity:String;deliveryState:String;creationStartDate:LocalDate;creationEndDate:LocalDate;pickupRequestedStartDate:LocalDate;pickupRequestedEndDate:LocalDate;pickupEstimatedStartDate:LocalDate;pickupEstimatedEndDate:LocalDate;pickupActualStartDate:LocalDate;pickupActualEndDate:LocalDate;dispatchStartDate:LocalDate;dispatchEndDate:LocalDate;deliveryRequestedStartDate:LocalDate;deliveryRequestedEndDate:LocalDate;deliveryEstimatedStartDate:LocalDate;deliveryEstimatedEndDate:LocalDate;deliveryActualStartDate:LocalDate;deliveryActualEndDate:LocalDate;includeOnlyCustomInfoVehicles:boolean;loadsPosted:boolean;loadsNeedAttention:boolean;pickedUpToday:boolean;scheduledToBePickedUpToday:boolean;deliveredToday:boolean;scheduledToBeDeliveredToday:boolean;delayedPickups:boolean;delayedDeliveries:boolean;ordersIncluded:boolean;driveawayLoadsIncluded:boolean;chaseDriverLoadsIncluded:boolean;standardLoadsIncluded:boolean;active:boolean
posting-backend	posting-app	posting-app/src/main/java/cars/ship/shipperlite/posting/domain/model/vo/ArchiveCompanyLoadLegsVo.java	ArchiveCompanyLoadLegsVo	dto			0	
posting-backend	posting-app	posting-app/src/main/java/cars/ship/shipperlite/posting/domain/model/vo/LoadLegConfigVo.java	LoadLegConfigVo	dto			0	
posting-backend	posting-app	posting-app/src/main/java/cars/ship/shipperlite/posting/domain/model/vo/LoadboardVehicle.java	LoadboardVehicle	dto			2	id:String;shipperliteShippingItemId:Long
posting-backend	posting-app	posting-app/src/main/java/cars/ship/shipperlite/posting/domain/model/vo/BaseMessageVo.java	BaseMessageVo	dto			2	companyId:String;action:SocketEventTypesEnum
posting-backend	posting-app	posting-app/src/main/java/cars/ship/shipperlite/posting/domain/model/vo/DashboardFilter.java	DashboardFilter	dto			6	loadsPosted:boolean;loadsNeedAttention:boolean;pickedUpToday:boolean;deliveredToday:boolean;delayedPickups:boolean;delayedDeliveries:boolean
posting-backend	posting-app	posting-app/src/main/java/cars/ship/shipperlite/posting/domain/model/vo/InventorySearchFilter.java	InventorySearchFilter	dto			7	search:String;address:PickupDeliveryLocationVo;maxAllowedItems:int;allowedStatuses:String[];companyId:long;loadId:Long;direction:String
posting-backend	posting-app	posting-app/src/main/java/cars/ship/shipperlite/posting/domain/model/vo/ContactSearchFilter.java	ContactSearchFilter	dto			10	term:String;name:String;companyName:String;onlyCustomersAreRequired:boolean;isExactMatch:boolean;phoneNumber:String;publicId:String;externalCompanyId:String;linkedCompanyIds:String[];allowedSystemTypes:ContactSystemTypeEnum[]
posting-backend	posting-app	posting-app/src/main/java/cars/ship/shipperlite/posting/domain/model/vo/Rate.java	Rate	dto			6	referenceId:String;distance:String;carrierPayInCents:long;autoTypeSurchargeInCents:long;enclosedSurchargeInCents:long;reverseRouteCarrierPayInCents:long
posting-backend	posting-app	posting-app/src/main/java/cars/ship/shipperlite/posting/domain/model/vo/LiveUpdateData.java	LiveUpdateData	dto	BaseLoadLegUpdateMessageVO		2	userId:String;nextLoadStatus:LoadLegStatusEnum
posting-backend	posting-app	posting-app/src/main/java/cars/ship/shipperlite/posting/domain/model/vo/PublicLinkMessageVO.java	PublicLinkMessageVO	dto	BaseLoadLegUpdateMessageVO		1	publicLinkUrl:String
posting-backend	posting-app	posting-app/src/main/java/cars/ship/shipperlite/posting/domain/model/vo/RateInformation.java	RateInformation	dto			2	route:Route;vehicles:Vehicle[]
posting-backend	posting-app	posting-app/src/main/java/cars/ship/shipperlite/posting/domain/model/vo/AcceptOffer.java	AcceptOffer	dto			0	
posting-backend	posting-app	posting-app/src/main/java/cars/ship/shipperlite/posting/domain/model/vo/DateDetailVo.java	DateDetailVo	dto			0	
posting-backend	posting-app	posting-app/src/main/java/cars/ship/shipperlite/posting/domain/model/vo/ManagedOrderUpdate.java	ManagedOrderUpdate	dto			8	status:LoadLegStatusEnum;externalId:String;carrierExternalId:String;driverExternalId:String;companyId:String;vehicles:ManagedOrderVehicleUpdate[];attachments:Attachment[];atgDriverCode:String
posting-backend	posting-app	posting-app/src/main/java/cars/ship/shipperlite/posting/domain/model/vo/ReportCsvVo.java	ReportCsvVo	dto			108	year:String;make:String;model:String;vin:String;checkedInAt:String;totalRate:String;customInformation:String;operableType:String;buyer:String;lot:String;stock:String;vehicleStatus:String;inventoryCreatedAt:String;gatepass:String;customerContractPricing:String;vehicleAttachments:String;loadId:String;status:String;loadAttachments:String;invoiceNumbers:String;invoiceTotalAmounts:String;invoiceDates:String;bookingAgent:String;bookingAgentCompanyName:String;bookingAgentPhone:String;bookingAgentEmail:String;dispatchInstructions:String;creationDate:String;dispatchDate:String;pickupRequestedDate:String;pickupContractualDate:String;pickupCarrierEta:String;pickupCarrierEtaReason:String;pickupActualDate:String;deliveryRequestedDate:String;deliveryContractualDate:String;deliveryCarrierEta:String;deliveryCarrierEtaReason:String;deliveryActualDate:String;distance:String;m22:String;locationSharing:String;enclosedTrailer:String;inbound:String;aiContext:String;carrierName:String;carrierDot:String;carrierContractPricing:String;carrierPay:String;amount:String;paymentType:String;paymentTerms:String;paymentTermsBegin:String;puName:String;puCompanyName:String;puEmail:String;puStreetAddress:String;puCity:String;puState:String;puZip:String;puLocationId:String;puContactPrimaryPhone:String;puContactSecondaryPhone:String;puContactThirdPhone:String;puSignatureRequired:String;dlvName:String;dlvCompanyName:String;dlvEmail:String;dlvStreetAddress:String;dlvCity:String;dlvState:String;dlvZip:String;dlvLocationId:String;dlvContactPrimaryPhone:String;dlvContactSecondaryPhone:String;dlvContactThirdPhone:String;dlvSignatureRequired:String;cstName:String;cstCompanyName:String;cstEmail:String;cstStreetAddress:String;cstCity:String;cstState:String;cstZip:String;cstLocationId:String;cstAutoImsClientId:String;cstContactPrimaryPhone:String;cstContactSecondaryPhone:String;cstContactThirdPhone:String;loadType:String;driveawayDriverContactName:String;driveawayDriverCompanyName:String;driveawayDriverAddress:String;driveawayDriverCity:String;driveawayDriverState:String;driveawayDriverZip:String;driveawayDriverEmail:String;driveawayDriverMobilePhone:String;chaseDriverContactName:String;chaseDriverCompanyName:String;chaseDriverAddress:String;chaseDriverCity:String;chaseDriverState:String;chaseDriverZip:String;chaseDriverEmail:String;chaseDriverMobilePhone:String;dynamicColumnsDisplayValues:String[];dynamicColumns:Object[]
posting-backend	posting-app	posting-app/src/main/java/cars/ship/shipperlite/posting/domain/model/vo/LoadLegUpdateVo.java	LoadLegUpdateVo	dto			0	
posting-backend	posting-app	posting-app/src/main/java/cars/ship/shipperlite/posting/domain/model/vo/LoadboardLoad.java	LoadboardLoad	dto			3	id:String;vehicles:LoadboardVehicle[];lbPostingVersion:LBPostingVersion
posting-backend	posting-app	posting-app/src/main/java/cars/ship/shipperlite/posting/domain/model/vo/ShippingItemAutoImsOutboxPayload.java	ShippingItemAutoImsOutboxPayload	dto			2	shippingItem:ShippingItem;publicLink:String
posting-backend	posting-app	posting-app/src/main/java/cars/ship/shipperlite/posting/domain/model/vo/CoordinatesVO.java	CoordinatesVO	dto			2	longitude:String;latitude:String
posting-backend	posting-app	posting-app/src/main/java/cars/ship/shipperlite/posting/domain/model/vo/VehicleInformation.java	VehicleInformation	dto			11	year:Integer;make:String;model:String;vehicleType:String;driveType:String;imageUrl:String;length:String;height:String;width:String;weight:String;vin:String
posting-backend	posting-app	posting-app/src/main/java/cars/ship/shipperlite/posting/domain/model/vo/ReportVo.java	ReportVo	dto			0	
posting-backend	posting-app	posting-app/src/main/java/cars/ship/shipperlite/posting/domain/model/vo/DispatchSheetData.java	DispatchSheetData	dto			47	driverCompanyName:String;loadId:String;signedDateTime:ZonedDateTime;shipperCompanyName:String;shipperAddress:String;shipperPhone:String;shipperEmail:String;carrierCompanyName:String;carrierAddress:String;carrierPhone:String;carrierEmail:String;firstAvailableDate:LocalDate;dispatchDate:LocalDate;totalCarrierPayInCents:long;payments:PaymentData[];originContactName:String;originCompanyName:String;originAddress:String;originPhone:String;originWorkingHours:String;destinationContactName:String;destinationCompanyName:String;destinationAddress:String;destinationPhone:String;destinationWorkingHours:String;vehicles:VehicleData[];dispatchInstructions:String;postDispatchInstructions:String;termsAndConditions:String;carrierPayInCents:long;paymentTransactionType:String;paymentType:String;paymentTerms:String;paymentTermsBegin:String;paymentMethod:String;notes:String;vin:String;year:String;make:String;model:String;bodyType:String;color:String;operableType:String;lotNumber:String;stockNumber:String;buyerNumber:String;customInformation:String
posting-backend	posting-app	posting-app/src/main/java/cars/ship/shipperlite/posting/domain/model/vo/ManagedOrderVehicleUpdate.java	ManagedOrderVehicleUpdate	dto			0	
posting-backend	posting-app	posting-app/src/main/java/cars/ship/shipperlite/posting/domain/model/vo/quote/OrderUpdateVo.java	OrderUpdateVo	dto			10	loadId:long;providerName:String;providerId:String;providerLogoUrl:String;providerServiceAccountName:String;orderId:String;orderRefId:String;selectedQuoteId:String;selectedQuoteRateType:String;currentUserEmail:String
posting-backend	posting-app	posting-app/src/main/java/cars/ship/shipperlite/posting/domain/model/id/DefaultContactsExclusionsId.java	DefaultContactsExclusionsId	embedded			2	companyId:Long;defaultContactId:Long
posting-backend	posting-app	posting-app/src/main/java/cars/ship/shipperlite/posting/domain/model/sharedkernel/User.java	User	dto			0	
posting-backend	posting-app	posting-app/src/main/java/cars/ship/shipperlite/posting/domain/model/embedded/PaymentInformationEmbedded.java	PaymentInformationEmbedded	dto			0	
posting-backend	posting-app	posting-app/src/main/java/cars/ship/shipperlite/posting/domain/model/embedded/UndispatchMetadataEmbedded.java	UndispatchMetadataEmbedded	dto			0	
posting-backend	posting-app	posting-app/src/main/java/cars/ship/shipperlite/posting/domain/model/embedded/ContractPricingPaymentEmbedded.java	ContractPricingPaymentEmbedded	dto			0	
posting-backend	posting-app	posting-app/src/main/java/cars/ship/shipperlite/posting/domain/model/embedded/LineItemEmbedded.java	LineItemEmbedded	dto			0	
posting-backend	posting-app	posting-app/src/main/java/cars/ship/shipperlite/posting/domain/model/embedded/M22DamageEmbedded.java	M22DamageEmbedded	dto			0	
posting-backend	posting-app	posting-app/src/main/java/cars/ship/shipperlite/posting/domain/model/embedded/AttachmentsMetadataEmbedded.java	AttachmentsMetadataEmbedded	dto			0	
posting-backend	posting-app	posting-app/src/main/java/cars/ship/shipperlite/posting/domain/model/embedded/ReportSchedulingEmbedded.java	ReportSchedulingEmbedded	dto			0	
posting-backend	posting-app	posting-app/src/main/java/cars/ship/shipperlite/posting/domain/service/ReportingServiceImpl.java	ReportingServiceImpl	dto			48	userManagementClient:UserManagementClient;standaloneLoadLegOperations:StandaloneLoadLegOperations;attachmentClient:AttachmentClient;csvMappingService:CsvMappingService;notificationClient:NotificationClient;reportConverter:ReportConverter;webSocketNotificationService:WebSocketNotificationService;transactionalExecution:TransactionalExecution;appConfig:AppConfig;createReportWorkflowClient:CreateReportWorkflowClient;mediaProxyTransformer:MediaProxyTransformer;emailLinkTtl:Duration;rows:ReportCsvVo[];columns:String[];out:ByteArrayOutputStream;formatter:DateTimeFormatter;fileContent:FileContent;url:String;now:LocalDateTime;data:V1EmailNotificationDataDto;formatter:DateTimeFormatter;params:Object[];emailNotificationAttachment:V1EmailNotificationAttachmentDto;loads:Page<LoadLeg>;reportCsvVos:ReportCsvVo[];reportingUpdateMessageVo:ReportingUpdateMessageVo;reportContent:FileContent;reportableFields:String[];companyIds:String[];shouldAddCompanyId:boolean;userLinkedCompanies:String[];containedLinkedCompanies:String[];linkedCompaniesIds:String[];res:CreateReportOutDto;createReportIn:CreateReportInDto;res:CreateReportOutDto;schedule:ReportSchedulingDto;seen:Boolean[];columns:String[];columnNameRow:ReportCsvVo;declaredFields:Field[];firstRow:ReportCsvVo;dynamicColumns:String[];dynamicFieldsToColumnsPrefixed:String[][];field:Field;code:String;dynamicColumnsPrefixed:String[];field:Field
posting-backend	posting-app	posting-app/src/main/java/cars/ship/shipperlite/posting/domain/service/CompanyCreatedEvent.java	CompanyCreatedEvent	dto			0	
posting-backend	posting-dtos	posting-dtos/src/main/java/cars/ship/posting/dtos/DriveawayLoadLegDto.java	DriveawayLoadLegDto	dto	LoadLegExpandedBaseDto		4	load:LoadBaseDto;driveaway:DriveawayDto;shippingItems:ShippingItemBaseDto[];extRateCalculationId:String
posting-backend	posting-dtos	posting-dtos/src/main/java/cars/ship/posting/dtos/ReportDto.java	ReportDto	dto			4	sort:V1SortDto;fields:FieldDto[];recipients:String[];templateName:String
posting-backend	posting-dtos	posting-dtos/src/main/java/cars/ship/posting/dtos/FullLoadLegDto.java	FullLoadLegDto	dto	LoadLegExpandedBaseDto		17	externalId:String;load:LoadDto;driveaway:DriveawayDto;shippingItems:ShippingItemWithDriverDto[];contractPricing:ContractPricingDto;orderInformation:ManagedOrderDto;extRateCalculationId:String;centralDispatchId:String;postToCentralDispatch:Boolean;centralDispatchAction:CentralDispatchActionEnum;carrier:CarrierDto;driver:DriverDto;carrierOffers:CarrierOfferDto[];pickupSignatureRequired:boolean;deliverySignatureRequired:boolean;externalDestination:ExternalDestinationEnum;undispatchReason:UndispatchReasonDto
posting-backend	posting-dtos	posting-dtos/src/main/java/cars/ship/posting/dtos/UndispatchPayloadDto.java	UndispatchPayloadDto	dto			2	isRepost:Boolean;action:UndispatchActionsEnum
posting-backend	posting-dtos	posting-dtos/src/main/java/cars/ship/posting/dtos/CarrierDto.java	CarrierDto	dto			14	id:String;email:String;name:String;primaryPhone:String;primaryPhoneNotes:String;secondaryPhone:String;secondaryPhoneNotes:String;thirdPhone:String;thirdPhoneNotes:String;logo:String;usDot:Long;lbExternalId:String;location:LocationDto;userManagementId:String
posting-backend	posting-dtos	posting-dtos/src/main/java/cars/ship/posting/dtos/ContactSearchFilterDto.java	ContactSearchFilterDto	dto			2	search:String;onlyCustomersAreRequired:boolean
posting-backend	posting-dtos	posting-dtos/src/main/java/cars/ship/posting/dtos/DashboardLoadLegDto.java	DashboardLoadLegDto	dto	LoadLegBaseDto		3	load:LoadDto;externalId:String;shippingItems:ShippingItemBaseDto[]
posting-backend	posting-dtos	posting-dtos/src/main/java/cars/ship/posting/dtos/PickupDeliveryLocationDto.java	PickupDeliveryLocationDto	dto			2	pickup:LocationDto;delivery:LocationDto
posting-backend	posting-dtos	posting-dtos/src/main/java/cars/ship/posting/dtos/DriverDto.java	DriverDto	dto			8	id:String;name:String;email:String;phone:String;additionalPhone:String;lbExternalId:String;profilePictureUrl:String;userManagementId:String
posting-backend	posting-dtos	posting-dtos/src/main/java/cars/ship/posting/dtos/FullLoadLegPagedDto.java	FullLoadLegPagedDto	dto	PageDto		0	
posting-backend	posting-dtos	posting-dtos/src/main/java/cars/ship/posting/dtos/M22DamageDto.java	M22DamageDto	dto			7	id:String;type:String;area:String;vehicleId:String;inspectionType:String;severity:String;url:String
posting-backend	posting-dtos	posting-dtos/src/main/java/cars/ship/posting/dtos/ReportingLogDto.java	ReportingLogDto	dto			5	id:String;name:String;user:UserAccountDto;recipients:String[];fileUrl:String
posting-backend	posting-dtos	posting-dtos/src/main/java/cars/ship/posting/dtos/LoadLegGroupCountWrapperDto.java	LoadLegGroupCountWrapperDto	dto			1	statusGroups:LoadLegGroupInformationDto[]
posting-backend	posting-dtos	posting-dtos/src/main/java/cars/ship/posting/dtos/CompanySettingsDto.java	CompanySettingsDto	dto			16	useGpsTracking:Boolean;useCustomerContractPricing:Boolean;useCarrierContractPricing:Boolean;useSignatures:Boolean;useVrf:Boolean;carrierExpirationHours:Integer;allowCarrierToEditLoads:Boolean;allowDriveawayDriverEdits:Boolean;allowChaseDriverDriverEdits:Boolean;usePaymentInformation:Boolean;paymentInformation:PaymentInformationDto[];generateCustomerInvoice:Boolean;forceCpayInput:Boolean;forceTotalRateInput:Boolean;useAtgDriverCode:Boolean;sendAtgPinEmail:Boolean
posting-backend	posting-dtos	posting-dtos/src/main/java/cars/ship/posting/dtos/AccountingLineItemDto.java	AccountingLineItemDto	dto			6	id:String;chargeName:String;chargeCode:String;chargeAmountCents:long;costCents:long;notes:String
posting-backend	posting-dtos	posting-dtos/src/main/java/cars/ship/posting/dtos/ContactSummaryDto.java	ContactSummaryDto	dto			4	id:String;companyName:String;name:String;phone:String
posting-backend	posting-dtos	posting-dtos/src/main/java/cars/ship/posting/dtos/ContactDto.java	ContactDto	dto			18	id:String;companyName:String;email:String;name:String;primaryPhone:String;primaryPhoneNotes:String;secondaryPhone:String;secondaryPhoneNotes:String;thirdPhone:String;thirdPhoneNotes:String;workingHours:String;location:LocationDto;type:ContactUserTypeEnum;notes:String;createdAt:Instant;lastModified:Instant;autoImsClientId:String;active:Boolean
posting-backend	posting-dtos	posting-dtos/src/main/java/cars/ship/posting/dtos/PaymentInformationDto.java	PaymentInformationDto	dto			0	
posting-backend	posting-dtos	posting-dtos/src/main/java/cars/ship/posting/dtos/DateRangeDto.java	DateRangeDto	dto			2	startDate:LocalDate;endDate:LocalDate
posting-backend	posting-dtos	posting-dtos/src/main/java/cars/ship/posting/dtos/InventoryLoadPagedDto.java	InventoryLoadPagedDto	dto	PageDto		0	
posting-backend	posting-dtos	posting-dtos/src/main/java/cars/ship/posting/dtos/ReAssignDriveawayDriverPayloadDto.java	ReAssignDriveawayDriverPayloadDto	dto			1	newDriveawayDriverId:String
posting-backend	posting-dtos	posting-dtos/src/main/java/cars/ship/posting/dtos/StandaloneLoadLegSearchDto.java	StandaloneLoadLegSearchDto	dto			31	status:String;idOrShipperLoadId:String;externalLoadId:String;loadTypes:String;externalDestinations:String;statusGroups:String;itemStatuses:String;vin:String;makeAndModel:String;vehicleSearch:String;locationId:String;includeOnlyCustomInfoVehicles:boolean;pickupZipCode:String;pickupCity:String;pickupState:String;deliveryZipCode:String;deliveryCity:String;deliveryState:String;companyName:String;customerFreeTextField:String;carrierFreeTextField:String;bookingAgentFreeTextField:String;driveawayDriverIds:String;isBookingAgentIncluded:boolean;bookingAgentIds:String[];pickupStartDate:LocalDate;pickupEndDate:LocalDate;deliveryStartDate:LocalDate;deliveryEndDate:LocalDate;creationStartDate:LocalDate;creationEndDate:LocalDate
posting-backend	posting-dtos	posting-dtos/src/main/java/cars/ship/posting/dtos/ActivityLogDto.java	ActivityLogDto	dto			10	id:String;externalLoadId:String;shipperLoadId:String;loadLegId:String;status:LoadLegStatusEnum;actorName:String;actorType:ActorTypeEnum;actorId:String;createdAt:Instant;type:LoadTypeEnum
posting-backend	posting-dtos	posting-dtos/src/main/java/cars/ship/posting/dtos/SupportedAccountingLineItemsPagedDto.java	SupportedAccountingLineItemsPagedDto	dto	PageDto		0	
posting-backend	posting-dtos	posting-dtos/src/main/java/cars/ship/posting/dtos/LoadBaseDto.java	LoadBaseDto	dto			6	id:String;dispatchInstructions:String;postDispatchInstructions:String;useVrf:Boolean;dontAlertDriveawayDriver:boolean;aiContext:String
posting-backend	posting-dtos	posting-dtos/src/main/java/cars/ship/posting/dtos/ManagedOrderDto.java	ManagedOrderDto	dto			8	id:String;refId:String;orderId:String;selectedQuoteId:String;selectedQuoteRateType:String;providerId:String;providerName:String;providerLogoUrl:String
posting-backend	posting-dtos	posting-dtos/src/main/java/cars/ship/posting/dtos/AttachmentDto.java	AttachmentDto	dto	BaseAttachmentDto		5	id:String;lbExternalId:String;createdAt:Instant;lastModified:Instant;metadata:AttachmentMetadataDto
posting-backend	posting-dtos	posting-dtos/src/main/java/cars/ship/posting/dtos/RateDto.java	RateDto	dto			6	rateId:String;distanceInMiles:String;carrierPayInCents:long;autoTypeSurchargeInCents:long;enclosedSurchargeInCents:long;reverseRouteCarrierPayInCents:long
posting-backend	posting-dtos	posting-dtos/src/main/java/cars/ship/posting/dtos/ActivityLogPagedDto.java	ActivityLogPagedDto	dto	PageDto		0	
posting-backend	posting-dtos	posting-dtos/src/main/java/cars/ship/posting/dtos/DriveawayDirectDispatchDto.java	DriveawayDirectDispatchDto	dto			2	loadLeg:DriveawayLoadLegDto;driveawayDriverId:String
posting-backend	posting-dtos	posting-dtos/src/main/java/cars/ship/posting/dtos/PaymentDto.java	PaymentDto	dto			8	id:String;carrierPayInCents:long;notes:String;paymentType:PaymentTypeEnum;paymentTransactionType:PaymentTransactionTypeEnum;paymentMethod:PaymentMethodEnum;paymentTermsBeginType:PaymentTermsBeginTypeEnum;paymentTermsType:PaymentTermsTypeEnum
posting-backend	posting-dtos	posting-dtos/src/main/java/cars/ship/posting/dtos/DispatchPayloadDto.java	DispatchPayloadDto	dto			4	carrierDot:String;carrierUmId:String;usingContractPricing:Boolean;contractPricingType:ContractPricingTypeEnum
posting-backend	posting-dtos	posting-dtos/src/main/java/cars/ship/posting/dtos/ArchivePayloadDto.java	ArchivePayloadDto	dto			1	restoreInventoryUnits:boolean
posting-backend	posting-dtos	posting-dtos/src/main/java/cars/ship/posting/dtos/UserAccountDto.java	UserAccountDto	dto			7	id:String;userManagementId:String;name:String;phone:String;email:String;profilePictureUrl:String;company:CompanyDto
posting-backend	posting-dtos	posting-dtos/src/main/java/cars/ship/posting/dtos/ContractDto.java	ContractDto	dto			3	id:String;shipper:ContactDto;userAccount:UserAccountDto
posting-backend	posting-dtos	posting-dtos/src/main/java/cars/ship/posting/dtos/InventoryItemVehicleDto.java	InventoryItemVehicleDto	dto			2	carrierPayInCents:long;id:String
posting-backend	posting-dtos	posting-dtos/src/main/java/cars/ship/posting/dtos/VehicleDto.java	VehicleDto	dto	CommonVehicleDto		13	id:String;length:String;height:String;width:String;weight:String;logo:String;totalRate:Long;galleryUrl:String;operableType:OperableTypeEnum;lbExternalId:String;driveType:String;customInformation:String;accountingLineItems:AccountingLineItemDto[]
posting-backend	posting-dtos	posting-dtos/src/main/java/cars/ship/posting/dtos/ShippingItemBaseDto.java	ShippingItemBaseDto	dto			17	id:String;vehicle:VehicleDto;route:RouteDto;pickupContact:ContactDto;deliveryContact:ContactDto;customer:ContactDto;attachments:AttachmentDto[];routeName:String;routeOrder:int;carrierPayInCents:long;checkedInAt:Instant;contractPricing:ContractPricingDto;shipperExternalId:String;generateCustomerInvoice:Boolean;allowDriverEdits:Boolean;status:ShippingItemStatusEnum;m22Damages:M22DamageDto[]
posting-backend	posting-dtos	posting-dtos/src/main/java/cars/ship/posting/dtos/LocationWithCoordinatesDto.java	LocationWithCoordinatesDto	dto	LocationDto		2	longitude:String;latitude:String
posting-backend	posting-dtos	posting-dtos/src/main/java/cars/ship/posting/dtos/CompanyDto.java	CompanyDto	dto			10	id:String;userManagementId:String;name:String;email:String;accountingEmail:String;accountingEmails:String;usDotNumber:String;logoUrl:String;primaryPhone:String;location:LocationDto
posting-backend	posting-dtos	posting-dtos/src/main/java/cars/ship/posting/dtos/PublicLinkInfoDto.java	PublicLinkInfoDto	dto			3	id:String;publicLinkKey:String;publicLink:String
posting-backend	posting-dtos	posting-dtos/src/main/java/cars/ship/posting/dtos/ReportFilterDto.java	ReportFilterDto	dto			13	creationDateRange:DateRangeDto;pickupDateRange:DateRangeDto;deliveryDateRange:DateRangeDto;dispatchDateRange:DateRangeDto;statuses:LoadLegStatusEnum[];carrierIds:String[];isCarrierIncluded:Boolean;isCustomerIncluded:Boolean;isBookingAgentIncluded:Boolean;customers:ContactSummaryDto[];bookingAgentIds:String[];loadTypes:LoadTypeEnum[];companyIds:String[]
posting-backend	posting-dtos	posting-dtos/src/main/java/cars/ship/posting/dtos/CommonVehicleDto.java	CommonVehicleDto	dto			11	bodyType:String;buyerNumber:String;color:String;lotNumber:String;stockNumber:String;vin:String;year:Integer;make:String;model:String;inventoryUnitId:String;inventoryCreatedAt:Instant
posting-backend	posting-dtos	posting-dtos/src/main/java/cars/ship/posting/dtos/LoadDto.java	LoadDto	dto	LoadBaseDto		8	useEnclosedTrailer:Boolean;trailerType:TrailerTypeEnum;useM22InspectionGuide:Boolean;useGpsTracking:Boolean;allowCarrierToEditLoads:Boolean;isInstaBookable:Boolean;forceDriverAssignment:Boolean;useAtgDriverCode:Boolean
posting-backend	posting-dtos	posting-dtos/src/main/java/cars/ship/posting/dtos/ManagedOrderVehicleUpdateDto.java	ManagedOrderVehicleUpdateDto	dto			0	
posting-backend	posting-dtos	posting-dtos/src/main/java/cars/ship/posting/dtos/ReportSchedulingDto.java	ReportSchedulingDto	dto			0	
posting-backend	posting-dtos	posting-dtos/src/main/java/cars/ship/posting/dtos/CarrierOfferDto.java	CarrierOfferDto	dto			7	id:String;priceInCents:long;carrierDot:String;negotiationId:String;status:String;externalId:String;expirationDate:ZonedDateTime
posting-backend	posting-dtos	posting-dtos/src/main/java/cars/ship/posting/dtos/PostPayloadDto.java	PostPayloadDto	dto			2	place:ExternalDestinationEnum;postToCentralDispatch:boolean
posting-backend	posting-dtos	posting-dtos/src/main/java/cars/ship/posting/dtos/LoadLegBaseDetailsDto.java	LoadLegBaseDetailsDto	dto			0	
posting-backend	posting-dtos	posting-dtos/src/main/java/cars/ship/posting/dtos/RouteDto.java	RouteDto	dto			17	id:String;pickupRequestedDateDetail:DateDetailDto;pickupEstimatedDateDetail:DateDetailDto;pickupContractualDateDetail:DateDetailDto;pickupCarrierEtaDateDetail:BasicDateDetailDto;pickupActualDate:LocalDate;deliveryRequestedDateDetail:DateDetailDto;deliveryEstimatedDateDetail:DateDetailDto;deliveryContractualDateDetail:DateDetailDto;deliveryCarrierEtaDateDetail:BasicDateDetailDto;deliveryActualDate:LocalDate;qualificationDate:LocalDate;deliveryLocation:LocationWithCoordinatesDto;pickupLocation:LocationWithCoordinatesDto;distanceInMiles:BigDecimal;transitTime:String;direction:MileageBandDirectionEnum
posting-backend	posting-dtos	posting-dtos/src/main/java/cars/ship/posting/dtos/BaseAttachmentDto.java	BaseAttachmentDto	dto			7	fileUrl:String;shareWith:ShareWithTypeEnum;attachmentType:AttachmentTypeEnum;creatorType:AttachmentCreatorTypeEnum;originalFileName:String;loadLegId:String;shippingItemId:String
posting-backend	posting-dtos	posting-dtos/src/main/java/cars/ship/posting/dtos/MergeInventoryUnitsDto.java	MergeInventoryUnitsDto	dto			2	vehicles:InventoryItemVehicleDto[];usingContractPricing:boolean
posting-backend	posting-dtos	posting-dtos/src/main/java/cars/ship/posting/dtos/ProviderPropertiesUpdateDto.java	ProviderPropertiesUpdateDto	dto			0	
posting-backend	posting-dtos	posting-dtos/src/main/java/cars/ship/posting/dtos/CoordinatesDto.java	CoordinatesDto	dto			0	
posting-backend	posting-dtos	posting-dtos/src/main/java/cars/ship/posting/dtos/DropdownsDto.java	DropdownsDto	dto			9	paymentTypes:DropdownItemDto[];paymentMethods:DropdownItemDto[];paymentTransactionTypes:DropdownItemDto[];paymentTermsTypes:DropdownItemDto[];paymentTermsBeginTypes:DropdownItemDto[];dateRestrictions:DropdownItemDto[];operableTypes:DropdownItemDto[];trailerTypes:DropdownItemDto[];vehicleBodyTypes:DropdownItemDto[]
posting-backend	posting-dtos	posting-dtos/src/main/java/cars/ship/posting/dtos/ContactSearchFilterByNameDto.java	ContactSearchFilterByNameDto	dto			3	name:String;companyName:String;onlyCustomersAreRequired:boolean
posting-backend	posting-dtos	posting-dtos/src/main/java/cars/ship/posting/dtos/ShippingItemWithDriverDto.java	ShippingItemWithDriverDto	dto	ShippingItemBaseDto		1	driveawayDriver:DriveawayDriverDto
posting-backend	posting-dtos	posting-dtos/src/main/java/cars/ship/posting/dtos/DriveawayDto.java	DriveawayDto	dto			4	expirationTime:Instant;state:DriveawayLoadStateEnum;driver:DriveawayDriverDto;publicKey:String
posting-backend	posting-dtos	posting-dtos/src/main/java/cars/ship/posting/dtos/ReportingLogPagedDto.java	ReportingLogPagedDto	dto	PageDto		0	
posting-backend	posting-dtos	posting-dtos/src/main/java/cars/ship/posting/dtos/LoadLegInventorySearchDto.java	LoadLegInventorySearchDto	dto			10	search:String;pickupZipCode:String;pickupCity:String;pickupState:String;pickupStreet:String;deliveryZipCode:String;deliveryCity:String;deliveryState:String;deliveryStreet:String;unitDirection:MileageBandDirectionEnum
posting-backend	posting-dtos	posting-dtos/src/main/java/cars/ship/posting/dtos/DriveawayLoadOperationDto.java	DriveawayLoadOperationDto	dto			1	type:DriveawayOperationTypeEnum
posting-backend	posting-dtos	posting-dtos/src/main/java/cars/ship/posting/dtos/CarrierDirectDispatchDto.java	CarrierDirectDispatchDto	dto			3	loadLeg:StandardLoadLegDto;carrierDot:String;carrierUmId:String
posting-backend	posting-dtos	posting-dtos/src/main/java/cars/ship/posting/dtos/DropdownItemDto.java	DropdownItemDto	dto			3	id:String;name:String;description:String
posting-backend	posting-dtos	posting-dtos/src/main/java/cars/ship/posting/dtos/ConvertDraftLoadDto.java	ConvertDraftLoadDto	dto			0	
posting-backend	posting-dtos	posting-dtos/src/main/java/cars/ship/posting/dtos/RateInformationDto.java	RateInformationDto	dto			3	route:RateInformationRouteDto;vehicles:VehicleDto[];useEnclosedTrailer:boolean
posting-backend	posting-dtos	posting-dtos/src/main/java/cars/ship/posting/dtos/StandardLoadLegDto.java	StandardLoadLegDto	dto	LoadLegExpandedBaseDto		14	externalId:String;load:LoadDto;carrier:CarrierDto;contractPricing:ContractPricingDto;driver:DriverDto;shippingItems:ShippingItemBaseDto[];carrierOffers:CarrierOfferDto[];pickupSignatureRequired:Boolean;deliverySignatureRequired:Boolean;extRateCalculationId:String;centralDispatchId:String;postToCentralDispatch:Boolean;centralDispatchAction:CentralDispatchActionEnum;externalDestination:ExternalDestinationEnum
posting-backend	posting-dtos	posting-dtos/src/main/java/cars/ship/posting/dtos/LoadLegExpandedBaseDto.java	LoadLegExpandedBaseDto	dto	LoadLegBaseDto		3	contract:ContractDto;attachments:AttachmentDto[];publicLinkInfo:PublicLinkInfoDto
posting-backend	posting-dtos	posting-dtos/src/main/java/cars/ship/posting/dtos/ChaseDriverLoadLegDto.java	ChaseDriverLoadLegDto	dto	LoadLegExpandedBaseDto		4	load:LoadBaseDto;driveaway:DriveawayDto;extRateCalculationId:String;shippingItems:ShippingItemWithDriverDto[]
posting-backend	posting-dtos	posting-dtos/src/main/java/cars/ship/posting/dtos/ManagedOrderUpdateDto.java	ManagedOrderUpdateDto	dto			0	
posting-backend	posting-dtos	posting-dtos/src/main/java/cars/ship/posting/dtos/ShippingItemBulkStatusUpdateDto.java	ShippingItemBulkStatusUpdateDto	dto			0	
posting-backend	posting-dtos	posting-dtos/src/main/java/cars/ship/posting/dtos/LocationDto.java	LocationDto	dto			6	id:String;street:String;city:String;state:String;zipCode:String;locationId:String
posting-backend	posting-dtos	posting-dtos/src/main/java/cars/ship/posting/dtos/InventoryLoadDto.java	InventoryLoadDto	dto			9	id:String;shipperLoadId:String;numberOfVehicles:Integer;useEnclosedTrailer:boolean;carrierDot:Long;pickupDate:DateDetailDto;pickupLocation:LocationDto;deliveryLocation:LocationDto;status:LoadLegStatusEnum
posting-backend	posting-dtos	posting-dtos/src/main/java/cars/ship/posting/dtos/UserAccountPagedDto.java	UserAccountPagedDto	dto	PageDto		0	
posting-backend	posting-dtos	posting-dtos/src/main/java/cars/ship/posting/dtos/AcceptOfferPayloadDto.java	AcceptOfferPayloadDto	dto			1	carrierOfferId:String
posting-backend	posting-dtos	posting-dtos/src/main/java/cars/ship/posting/dtos/DashboardLoadStatusInformationDto.java	DashboardLoadStatusInformationDto	dto			8	loadsPosted:Long;loadsNeedAttention:Long;pickedUpToday:Long;scheduledToBePickedUpToday:Long;deliveredToday:Long;scheduledToBeDeliveredToday:Long;delayedPickups:Long;delayedDeliveries:Long
posting-backend	posting-dtos	posting-dtos/src/main/java/cars/ship/posting/dtos/DateDetailDto.java	DateDetailDto	dto			6	id:String;estimatedEndDate:LocalDate;estimatedStartDate:LocalDate;restriction:DateRestrictionEnum;timeframe:String;reason:String
posting-backend	posting-dtos	posting-dtos/src/main/java/cars/ship/posting/dtos/CentralDispatchCredentialsDto.java	CentralDispatchCredentialsDto	dto			0	
posting-backend	posting-dtos	posting-dtos/src/main/java/cars/ship/posting/dtos/UserDto.java	UserDto	dto			4	id:String;user:String;userEmail:String;company:String
posting-backend	posting-dtos	posting-dtos/src/main/java/cars/ship/posting/dtos/ContactsPagedDto.java	ContactsPagedDto	dto	PageDto		0	
posting-backend	posting-dtos	posting-dtos/src/main/java/cars/ship/posting/dtos/ManagedOrderLoadLegDto.java	ManagedOrderLoadLegDto	dto	LoadLegExpandedBaseDto		6	externalId:String;load:LoadDto;shippingItems:ShippingItemBaseDto[];orderInformation:ManagedOrderDto;carrier:CarrierDto;driver:DriverDto
posting-backend	posting-dtos	posting-dtos/src/main/java/cars/ship/posting/dtos/DriveawayItemOperationDto.java	DriveawayItemOperationDto	dto			1	type:DriveawayItemOperationTypeEnum
posting-backend	posting-dtos	posting-dtos/src/main/java/cars/ship/posting/dtos/RateInformationRouteDto.java	RateInformationRouteDto	dto			3	pickupDateDetail:DateDetailDto;deliveryLocation:LocationWithCoordinatesDto;pickupLocation:LocationWithCoordinatesDto
posting-backend	posting-dtos	posting-dtos/src/main/java/cars/ship/posting/dtos/AccountingLineItemsSearchDto.java	AccountingLineItemsSearchDto	dto			2	search:String;isTotalRate:boolean
posting-backend	posting-dtos	posting-dtos/src/main/java/cars/ship/posting/dtos/LoadLegGroupInformationDto.java	LoadLegGroupInformationDto	dto			3	group:LoadLegStatusGroupEnum;statuses:LoadLegStatusEnum[];count:long
posting-backend	posting-dtos	posting-dtos/src/main/java/cars/ship/posting/dtos/ContactsSummaryPagedDto.java	ContactsSummaryPagedDto	dto	PageDto		0	
posting-backend	posting-dtos	posting-dtos/src/main/java/cars/ship/posting/dtos/PossibleDuplicatesDto.java	PossibleDuplicatesDto	dto			1	shipperLoadId:String
posting-backend	posting-dtos	posting-dtos/src/main/java/cars/ship/posting/dtos/SupportedAccountingLineItemDto.java	SupportedAccountingLineItemDto	dto			4	id:String;isTotalRate:boolean;chargeName:String;chargeCode:String
posting-backend	posting-dtos	posting-dtos/src/main/java/cars/ship/posting/dtos/BasicDateDetailDto.java	BasicDateDetailDto	dto			4	id:String;date:LocalDate;timeframe:String;reason:String
posting-backend	posting-dtos	posting-dtos/src/main/java/cars/ship/posting/dtos/OperationDto.java	OperationDto	dto			2	type:OperationTypeEnum;payload:OperationPayloadDto
posting-backend	posting-dtos	posting-dtos/src/main/java/cars/ship/posting/dtos/DashboardLoadStatusFilterDto.java	DashboardLoadStatusFilterDto	dto			8	loadsPosted:boolean;loadsNeedAttention:boolean;pickedUpToday:boolean;scheduledToBePickedUpToday:boolean;deliveredToday:boolean;scheduledToBeDeliveredToday:boolean;delayedPickups:boolean;delayedDeliveries:boolean
posting-backend	posting-dtos	posting-dtos/src/main/java/cars/ship/posting/dtos/DashboardLoadLegPagedDto.java	DashboardLoadLegPagedDto	dto	PageDto		0	
posting-backend	posting-dtos	posting-dtos/src/main/java/cars/ship/posting/dtos/CarrierPagedDto.java	CarrierPagedDto	dto	PageDto		0	
posting-backend	posting-dtos	posting-dtos/src/main/java/cars/ship/posting/dtos/DriveawayDriverDto.java	DriveawayDriverDto	dto			8	name:String;companyName:String;email:String;location:LocationDto;phone:String;phoneNotes:String;externalId:String;enforceTermsAndConditions:boolean
posting-backend	posting-dtos	posting-dtos/src/main/java/cars/ship/posting/dtos/AttachmentMetadataDto.java	AttachmentMetadataDto	dto			0	
posting-backend	posting-dtos	posting-dtos/src/main/java/cars/ship/posting/dtos/VehicleInformationDto.java	VehicleInformationDto	dto			11	year:Integer;make:String;model:String;vehicleType:String;driveType:String;imageUrl:String;length:String;height:String;width:String;weight:String;vin:String
posting-backend	posting-dtos	posting-dtos/src/main/java/cars/ship/posting/dtos/ReportingTemplateDto.java	ReportingTemplateDto	dto	ReportDto		1	id:String
posting-backend	posting-dtos	posting-dtos/src/main/java/cars/ship/posting/dtos/UndispatchReasonDto.java	UndispatchReasonDto	dto			0	
posting-backend	posting-dtos	posting-dtos/src/main/java/cars/ship/posting/dtos/CsvContactDto.java	CsvContactDto	dto			18	name:String;companyName:String;email:String;primaryPhone:String;primaryPhoneNotes:String;secondaryPhone:String;secondaryPhoneNotes:String;thirdPhone:String;thirdPhoneNotes:String;workingHours:String;type:String;notes:String;street:String;city:String;state:String;zipCode:String;autoImsClientId:String;locationId:String
posting-backend	posting-dtos	posting-dtos/src/main/java/cars/ship/posting/dtos/AtgDriverCodeDto.java	AtgDriverCodeDto	dto			1	atgDriverCode:String
posting-backend	posting-dtos	posting-dtos/src/main/java/cars/ship/posting/dtos/contractpricing/ContractPricingCalculationDto.java	ContractPricingCalculationDto	dto			0	
posting-backend	posting-dtos	posting-dtos/src/main/java/cars/ship/posting/dtos/contractpricing/ContractPricingDto.java	ContractPricingDto	dto			0	
posting-backend	posting-dtos	posting-dtos/src/main/java/cars/ship/posting/dtos/contractpricing/LineItemCalculationDto.java	LineItemCalculationDto	dto			0	
posting-backend	posting-dtos	posting-dtos/src/main/java/cars/ship/posting/dtos/loadbuilding/ContactDetailsDto.java	ContactDetailsDto	dto			16	name:String;companyName:String;email:String;phone:String;primaryPhoneNotes:String;secondaryPhone:String;secondaryPhoneNotes:String;thirdPhone:String;thirdPhoneNotes:String;workingHours:String;address:String;city:String;state:String;zip:String;locationId:String;autoImsClientId:String
posting-backend	posting-dtos	posting-dtos/src/main/java/cars/ship/posting/dtos/loadbuilding/LoadBuildingResponseData.java	LoadBuildingResponseData	dto			1	shipperLoadId:String
posting-backend	posting-dtos	posting-dtos/src/main/java/cars/ship/posting/dtos/loadbuilding/LoadBuilderUnitDto.java	LoadBuilderUnitDto	dto	CommonVehicleDto		7	carrierPayInCents:long;rate:long;gatePass:String;userId:String;dispatchInstructions:String;operableType:OperableTypeEnum;customer:ContactDetailsDto
posting-backend	posting-dtos	posting-dtos/src/main/java/cars/ship/posting/dtos/loadbuilding/LoadBuilderDto.java	LoadBuilderDto	dto			11	shipperLoadId:String;pickupDateRange:DateRangeDto;pickupContact:ContactDetailsDto;deliveryContact:ContactDetailsDto;deliveryDateRange:DateRangeDto;useEnclosedTrailer:boolean;direction:MileageBandDirectionEnum;carrierUmId:String;units:LoadBuilderUnitDto[];currentUserId:String;useAtgDriverCode:Boolean
posting-backend	posting-dtos	posting-dtos/src/main/java/cars/ship/posting/dtos/update/loadleg/ContactUpdateDto.java	ContactUpdateDto	dto			14	id:String;companyName:String;email:String;name:String;primaryPhone:String;primaryPhoneNotes:String;secondaryPhone:String;secondaryPhoneNotes:String;thirdPhone:String;thirdPhoneNotes:String;workingHours:String;location:LocationUpdateDto;autoImsClientId:String;notes:String
posting-backend	posting-dtos	posting-dtos/src/main/java/cars/ship/posting/dtos/update/loadleg/RouteUpdateDto.java	RouteUpdateDto	dto			9	id:String;pickupRequestedDateDetail:DateDetailUpdateDto;pickupContractualDateDetail:DateDetailUpdateDto;pickupActualDate:LocalDate;deliveryRequestedDateDetail:DateDetailUpdateDto;deliveryContractualDateDetail:DateDetailUpdateDto;deliveryActualDate:LocalDate;deliveryLocation:LocationUpdateDto;pickupLocation:LocationUpdateDto
posting-backend	posting-dtos	posting-dtos/src/main/java/cars/ship/posting/dtos/update/loadleg/LocationUpdateDto.java	LocationUpdateDto	dto			6	id:String;street:String;city:String;state:String;zipCode:String;locationId:String
posting-backend	posting-dtos	posting-dtos/src/main/java/cars/ship/posting/dtos/update/loadleg/LoadLegUpdateBaseDto.java	LoadLegUpdateBaseDto	dto			13	id:String;status:LoadLegStatusEnum;shippingItems:ShippingItemBaseUpdateDto[];payments:PaymentUpdateDto[];contract:ContractUpdateDto;load:LoadUpdateDto;shippingItemFields:String[];finalI:int;paymentFields:String[];finalI:int;loadFields:String[];contractFields:String[];carrierPayInCents:Long
posting-backend	posting-dtos	posting-dtos/src/main/java/cars/ship/posting/dtos/update/loadleg/AccountingLineItemUpdateDto.java	AccountingLineItemUpdateDto	dto			6	id:String;chargeName:String;chargeCode:String;chargeAmountCents:Long;costCents:Long;notes:String
posting-backend	posting-dtos	posting-dtos/src/main/java/cars/ship/posting/dtos/update/loadleg/VehicleUpdateDto.java	VehicleUpdateDto	dto			20	id:String;bodyType:String;buyerNumber:String;color:String;lotNumber:String;stockNumber:String;vin:String;year:Integer;make:String;model:String;length:String;height:String;width:String;weight:String;totalRate:Long;galleryUrl:String;driveType:String;operableType:OperableTypeEnum;customInformation:String;accountingLineItems:AccountingLineItemUpdateDto[]
posting-backend	posting-dtos	posting-dtos/src/main/java/cars/ship/posting/dtos/update/loadleg/ContractUpdateDto.java	ContractUpdateDto	dto			2	shipper:ContactUpdateDto;shipperFields:String[]
posting-backend	posting-dtos	posting-dtos/src/main/java/cars/ship/posting/dtos/update/loadleg/PaymentUpdateDto.java	PaymentUpdateDto	dto			8	id:String;carrierPayInCents:Long;notes:String;paymentType:PaymentTypeEnum;paymentTransactionType:PaymentTransactionTypeEnum;paymentMethod:PaymentMethodEnum;paymentTermsBeginType:PaymentTermsBeginTypeEnum;paymentTermsType:PaymentTermsTypeEnum
posting-backend	posting-dtos	posting-dtos/src/main/java/cars/ship/posting/dtos/update/loadleg/ShippingItemBaseUpdateDto.java	ShippingItemBaseUpdateDto	dto			6	id:String;vehicle:VehicleUpdateDto;route:RouteUpdateDto;pickupContact:ContactUpdateDto;deliveryContact:ContactUpdateDto;checkedInAt:Instant
posting-backend	posting-dtos	posting-dtos/src/main/java/cars/ship/posting/dtos/update/loadleg/DateDetailUpdateDto.java	DateDetailUpdateDto	dto			4	id:String;estimatedEndDate:LocalDate;estimatedStartDate:LocalDate;restriction:DateRestrictionEnum
posting-backend	posting-dtos	posting-dtos/src/main/java/cars/ship/posting/dtos/update/loadleg/LoadUpdateDto.java	LoadUpdateDto	dto			4	trailerType:TrailerTypeEnum;useM22InspectionGuide:Boolean;dispatchInstructions:String;postDispatchInstructions:String
posting-backend	posting-dtos	posting-dtos/src/main/java/cars/ship/posting/dtos/update/shippingItem/VehiclePatchDto.java	VehiclePatchDto	dto			8	vin:String;year:Integer;make:String;model:String;customInformation:String;driveType:String;bodyType:String;operableType:OperableTypeEnum
posting-backend	posting-dtos	posting-dtos/src/main/java/cars/ship/posting/dtos/update/shippingItem/ShippingItemPatchDto.java	ShippingItemPatchDto	dto			2	checkedInAt:Instant;vehiclePatch:VehiclePatchDto
posting-backend	posting-dtos	posting-dtos/src/main/java/cars/ship/posting/dtos/mlbot/MlBotFileDto.java	MlBotFileDto	dto			2	id:String;url:String
posting-backend	posting-dtos	posting-dtos/src/main/java/cars/ship/posting/dtos/mlbot/MlBotLocationDto.java	MlBotLocationDto	dto			5	street:String;city:String;state:String;zip:String;details:String
posting-backend	posting-dtos	posting-dtos/src/main/java/cars/ship/posting/dtos/mlbot/MlBotDateDetailsDto.java	MlBotDateDetailsDto	dto			3	windowStart:String;windowEnd:String;restriction:String
posting-backend	posting-dtos	posting-dtos/src/main/java/cars/ship/posting/dtos/mlbot/MlBotContactDto.java	MlBotContactDto	dto			7	name:String;phones:String[];email:String;companyName:String;workingHours:String;notes:String;locationId:String
posting-backend	posting-dtos	posting-dtos/src/main/java/cars/ship/posting/dtos/mlbot/MlBotExtractionDto.java	MlBotExtractionDto	dto			3	attachmentId:String;documentIdx:Integer;fields:MlBotFieldsDto
posting-backend	posting-dtos	posting-dtos/src/main/java/cars/ship/posting/dtos/mlbot/MlBotRecipientsDto.java	MlBotRecipientsDto	dto			2	sender:String;receivers:String[]
posting-backend	posting-dtos	posting-dtos/src/main/java/cars/ship/posting/dtos/mlbot/MlBotPickupDeliveryDto.java	MlBotPickupDeliveryDto	dto			3	dateDetails:MlBotDateDetailsDto;location:MlBotLocationDto;contact:MlBotContactDto
posting-backend	posting-dtos	posting-dtos/src/main/java/cars/ship/posting/dtos/mlbot/MlBotVehicleDto.java	MlBotVehicleDto	dto			11	vin:String;make:String;model:String;year:Integer;bodyType:String;driveType:String;color:String;location:String;identifier:String;buyerId:String;isUnknown:Boolean
posting-backend	posting-dtos	posting-dtos/src/main/java/cars/ship/posting/dtos/mlbot/MlBotRawDto.java	MlBotRawDto	dto			2	body:MlBotRawBodyDto;attachments:MlBotFileDto[]
posting-backend	posting-dtos	posting-dtos/src/main/java/cars/ship/posting/dtos/mlbot/MlBotRawBodyDto.java	MlBotRawBodyDto	dto			2	subject:String;content:String
posting-backend	posting-dtos	posting-dtos/src/main/java/cars/ship/posting/dtos/mlbot/MlBotMessageDataDto.java	MlBotMessageDataDto	dto			4	source:String;recipients:MlBotRecipientsDto;raw:MlBotRawDto;extraction:MlBotExtractionDto[]
posting-backend	posting-dtos	posting-dtos/src/main/java/cars/ship/posting/dtos/mlbot/MlBotFieldsDto.java	MlBotFieldsDto	dto			11	carrierPay:Double;instructions:String;useGpsTracking:Boolean;requiresVehicleReleaseForm:Boolean;canUpdate:Boolean;needInvoice:Boolean;useM22InspectionGuide:Boolean;trailerType:String;pickup:MlBotPickupDeliveryDto;delivery:MlBotPickupDeliveryDto;vehicles:MlBotVehicleDto[]
posting-backend	posting-dtos	posting-dtos/src/main/java/cars/ship/posting/dtos/mlbot/MlBotMessagePubSubDto.java	MlBotMessagePubSubDto	dto			3	messageId:String;type:String;data:MlBotMessageDataDto
posting-backend	posting-dtos	posting-dtos/src/main/java/cars/ship/posting/dtos/common/FieldDto.java	FieldDto	dto			4	value:String;label:String;isSelected:Boolean;fields:FieldDto[]
posting-backend	posting-dtos	posting-dtos/src/main/java/cars/ship/posting/dtos/common/PongDto.java	PongDto	dto			1	pingReceivedAt:Instant
posting-backend	posting-dtos	posting-dtos/src/main/java/cars/ship/posting/dtos/pubsub/PubSubActionDataDto.java	PubSubActionDataDto	dto			0	
posting-backend	posting-dtos	posting-dtos/src/main/java/cars/ship/posting/dtos/pubsub/LoadLegMsgPubSubDto.java	LoadLegMsgPubSubDto	dto			9	shipperCompanyId:String;action:PubSubActionTypeEnum;actionData:PubSubActionDataDto;targetId:String;loadLeg:FullLoadLegDto;timestamp:Instant;statuses:LoadLegStatusPubSubDto[];changedFields:String[];actor:UserAccountDto
posting-backend	posting-dtos	posting-dtos/src/main/java/cars/ship/posting/dtos/pubsub/ContactMsgPubSubDto.java	ContactMsgPubSubDto	dto			6	shipperCompanyId:String;action:PubSubActionTypeEnum;targetId:String;contact:ContactDto;timestamp:Instant;actor:UserAccountDto
posting-backend	posting-dtos	posting-dtos/src/main/java/cars/ship/posting/dtos/pubsub/LoadLegStatusPubSubDto.java	LoadLegStatusPubSubDto	dto			3	status:LoadLegStatusEnum;active:boolean;lastModified:Instant
posting-backend	posting-dtos	posting-dtos/src/main/java/cars/ship/posting/dtos/pubsub/v1/V1CarrierOfferPubSubDto.java	V1CarrierOfferPubSubDto	dto			7	id:String;priceInCents:long;carrierDot:String;negotiationId:String;status:String;externalId:String;expirationDate:ZonedDateTime
posting-backend	posting-dtos	posting-dtos/src/main/java/cars/ship/posting/dtos/pubsub/v1/V1UserAccountPubSubDto.java	V1UserAccountPubSubDto	dto			3	name:String;email:String;companyName:String
posting-backend	posting-dtos	posting-dtos/src/main/java/cars/ship/posting/dtos/pubsub/v1/V1ContractPubSubDto.java	V1ContractPubSubDto	dto			3	id:String;shipper:V1ContactPubSubDto;userAccount:V1UserAccountPubSubDto
posting-backend	posting-dtos	posting-dtos/src/main/java/cars/ship/posting/dtos/pubsub/v1/V1DateDetailPubSubDto.java	V1DateDetailPubSubDto	dto			6	id:String;estimatedEndDate:LocalDate;estimatedStartDate:LocalDate;restriction:DateRestrictionEnum;timeframe:String;reason:String
posting-backend	posting-dtos	posting-dtos/src/main/java/cars/ship/posting/dtos/pubsub/v1/V1LoadLegMsgPubSubDto.java	V1LoadLegMsgPubSubDto	dto			7	action:PubSubActionTypeEnum;objectType:String;objectId:String;version:int;timestamp:Instant;event:V1LoadLegEventDto;shipperCompanyId:String
posting-backend	posting-dtos	posting-dtos/src/main/java/cars/ship/posting/dtos/pubsub/v1/V1ShippingItemPubSubDto.java	V1ShippingItemPubSubDto	dto			3	id:String;vehicle:V1VehiclePubSubDto;attachments:V1AttachmentPubSubDto[]
posting-backend	posting-dtos	posting-dtos/src/main/java/cars/ship/posting/dtos/pubsub/v1/V1AttachmentPubSubDto.java	V1AttachmentPubSubDto	dto			9	id:String;lbExternalId:String;fileUrl:String;loadLegId:String;shippingItemId:String;creatorType:AttachmentCreatorTypeEnum;originalFileName:String;type:AttachmentTypeEnum;creationDate:LocalDateTime
posting-backend	posting-dtos	posting-dtos/src/main/java/cars/ship/posting/dtos/pubsub/v1/V1LocationWithCoordinatesPubSubDto.java	V1LocationWithCoordinatesPubSubDto	dto	V1LocationPubSubDto		2	longitude:String;latitude:String
posting-backend	posting-dtos	posting-dtos/src/main/java/cars/ship/posting/dtos/pubsub/v1/V1DriveawayPubSubDto.java	V1DriveawayPubSubDto	dto			5	publicKey:String;expirationTime:Instant;state:DriveawayLoadStateEnum;driver:V1DriveawayDriverPubSubDto;type:DriveawayTypeEnum
posting-backend	posting-dtos	posting-dtos/src/main/java/cars/ship/posting/dtos/pubsub/v1/V1AccountingLineItemPubSubDto.java	V1AccountingLineItemPubSubDto	dto			6	id:String;chargeName:String;chargeAmountCents:long;chargeCode:String;costCents:long;notes:String
posting-backend	posting-dtos	posting-dtos/src/main/java/cars/ship/posting/dtos/pubsub/v1/V1CarrierPubSubDto.java	V1CarrierPubSubDto	dto			14	id:String;email:String;name:String;primaryPhone:String;primaryPhoneNotes:String;secondaryPhone:String;secondaryPhoneNotes:String;thirdPhone:String;thirdPhoneNotes:String;logo:String;usDot:Long;lbExternalId:String;location:V1LocationPubSubDto;userManagementId:String
posting-backend	posting-dtos	posting-dtos/src/main/java/cars/ship/posting/dtos/pubsub/v1/V1LoadLegStatusPubSubDto.java	V1LoadLegStatusPubSubDto	dto			3	status:LoadLegStatusEnum;active:boolean;lastModified:LocalDateTime
posting-backend	posting-dtos	posting-dtos/src/main/java/cars/ship/posting/dtos/pubsub/v1/V1PublicLinkInfoPubSubDto.java	V1PublicLinkInfoPubSubDto	dto			3	id:String;publicLinkKey:String;publicLink:String
posting-backend	posting-dtos	posting-dtos/src/main/java/cars/ship/posting/dtos/pubsub/v1/V1LoadPubSubDto.java	V1LoadPubSubDto	dto			8	id:String;dispatchInstructions:String;useEnclosedTrailer:Boolean;trailerType:TrailerTypeEnum;useM22InspectionGuide:Boolean;useGpsTracking:Boolean;allowCarrierToEditLoads:boolean;useVrf:boolean
posting-backend	posting-dtos	posting-dtos/src/main/java/cars/ship/posting/dtos/pubsub/v1/V1ContactPubSubDto.java	V1ContactPubSubDto	dto			12	id:String;companyName:String;email:String;name:String;primaryPhone:String;primaryPhoneNotes:String;secondaryPhone:String;secondaryPhoneNotes:String;thirdPhone:String;thirdPhoneNotes:String;workingHours:String;location:V1LocationPubSubDto
posting-backend	posting-dtos	posting-dtos/src/main/java/cars/ship/posting/dtos/pubsub/v1/V1DriverPubSubDto.java	V1DriverPubSubDto	dto			6	id:String;name:String;email:String;phone:String;lbExternalId:String;profilePictureUrl:String
posting-backend	posting-dtos	posting-dtos/src/main/java/cars/ship/posting/dtos/pubsub/v1/V1LoadLegEventDto.java	V1LoadLegEventDto	dto			1	value:V1LoadLegSyncPubSubDto
posting-backend	posting-dtos	posting-dtos/src/main/java/cars/ship/posting/dtos/pubsub/v1/V1LoadLegPubSubDto.java	V1LoadLegPubSubDto	dto			24	id:String;status:LoadLegStatusEnum;shipperLoadId:String;externalId:String;centralDispatchId:String;type:LoadTypeEnum;load:V1LoadPubSubDto;route:V1RoutePubSubDto;shippingItems:V1ShippingItemPubSubDto[];payments:V1PaymentPubSubDto[];carrierPayInCents:long;contract:V1ContractPubSubDto;attachments:V1AttachmentPubSubDto[];carrierOffers:V1CarrierOfferPubSubDto[];pickupContact:V1ContactPubSubDto;extRateCalculationId:String;carrier:V1CarrierPubSubDto;driver:V1DriverPubSubDto;pickupSignatureRequired:boolean;deliverySignatureRequired:boolean;deliveryContact:V1ContactPubSubDto;publicLinkInfo:V1PublicLinkInfoPubSubDto;driveaway:V1DriveawayPubSubDto;externalDestination:ExternalDestinationEnum
posting-backend	posting-dtos	posting-dtos/src/main/java/cars/ship/posting/dtos/pubsub/v1/V1PaymentPubSubDto.java	V1PaymentPubSubDto	dto			8	id:String;carrierPayInCents:long;notes:String;paymentType:PaymentTypeEnum;paymentTransactionType:PaymentTransactionTypeEnum;paymentMethod:PaymentMethodEnum;paymentTermsBeginType:PaymentTermsBeginTypeEnum;paymentTermsType:PaymentTermsTypeEnum
posting-backend	posting-dtos	posting-dtos/src/main/java/cars/ship/posting/dtos/pubsub/v1/V1DriveawayDriverPubSubDto.java	V1DriveawayDriverPubSubDto	dto			4	name:String;email:String;companyName:String;phone:String
posting-backend	posting-dtos	posting-dtos/src/main/java/cars/ship/posting/dtos/pubsub/v1/V1VehiclePubSubDto.java	V1VehiclePubSubDto	dto			22	id:String;totalRate:Long;bodyType:String;buyerNumber:String;color:String;lotNumber:String;stockNumber:String;make:String;model:String;length:String;height:String;width:String;weight:String;logo:String;vin:String;year:Integer;operableType:OperableTypeEnum;lbExternalId:String;customInformation:String;inventoryUnitId:String;inventoryCreatedAt:Instant;accountingLineItems:V1AccountingLineItemPubSubDto[]
posting-backend	posting-dtos	posting-dtos/src/main/java/cars/ship/posting/dtos/pubsub/v1/V1LoadLegSyncPubSubDto.java	V1LoadLegSyncPubSubDto	dto			7	loadLegDto:V1LoadLegPubSubDto;createdAt:LocalDateTime;lastModified:LocalDateTime;assignmentDate:LocalDateTime;loadLegStatuses:V1LoadLegStatusPubSubDto[];loadLegChangedFields:String[];actorEmail:String
posting-backend	posting-dtos	posting-dtos/src/main/java/cars/ship/posting/dtos/pubsub/v1/V1RoutePubSubDto.java	V1RoutePubSubDto	dto			9	id:String;pickupDateDetail:V1DateDetailPubSubDto;pickupActualDate:LocalDate;deliveryDateDetail:V1DateDetailPubSubDto;deliveryActualDate:LocalDate;deliveryLocation:V1LocationWithCoordinatesPubSubDto;pickupLocation:V1LocationWithCoordinatesPubSubDto;distanceInMiles:BigDecimal;transitTime:String
posting-backend	posting-dtos	posting-dtos/src/main/java/cars/ship/posting/dtos/pubsub/v1/V1LocationPubSubDto.java	V1LocationPubSubDto	dto			5	id:String;city:String;state:String;street:String;zipCode:String
posting-backend	posting-dtos	posting-dtos/src/main/java/cars/ship/posting/dtos/orders/AdditionalVehicleInfoDto.java	AdditionalVehicleInfoDto	dto			7	vehicleId:String;attachmentId:String;lotNumber:String;stockNumber:String;buyerNumber:String;totalRate:Long;fileUrl:String
posting-backend	posting-dtos	posting-dtos/src/main/java/cars/ship/posting/dtos/orders/OrderContactLocationDto.java	OrderContactLocationDto	dto			5	street:String;city:String;state:String;zipCode:String;locationId:String
posting-backend	posting-dtos	posting-dtos/src/main/java/cars/ship/posting/dtos/orders/OrderContactDto.java	OrderContactDto	dto			14	firstName:String;lastName:String;phoneNumber:String;primaryPhoneNotes:String;secondaryPhone:String;secondaryPhoneNotes:String;thirdPhone:String;thirdPhoneNotes:String;workingHours:String;companyName:String;email:String;mobileNumber:String;workNumber:String;location:OrderContactLocationDto
posting-backend	posting-dtos	posting-dtos/src/main/java/cars/ship/posting/dtos/orders/OrderVehicleInfoDto.java	OrderVehicleInfoDto	dto			12	id:String;vin:String;year:Integer;make:String;model:String;bodyType:String;operableType:OperableTypeEnum;inventoryUnitId:String;inventoryCreatedAt:Instant;shipperExternalId:String;dually:Boolean;lifted:Boolean
posting-backend	posting-dtos	posting-dtos/src/main/java/cars/ship/posting/dtos/orders/OrderInfoDto.java	OrderInfoDto	dto			14	shipperLoadId:String;shipperExternalId:String;pickupDate:LocalDate;transitTime:String;pickupWindow:int;trailerType:TrailerTypeEnum;vehicles:OrderVehicleInfoDto[];additionalVehicleInfos:AdditionalVehicleInfoDto[];currentUserEmail:String;priceInCents:Long;customer:OrderContactDto;pickup:OrderContactDto;delivery:OrderContactDto;dispatchInstructions:String
posting-backend	posting-dtos	posting-dtos/src/main/java/cars/ship/posting/dtos/orders/OrderResponseDto.java	OrderResponseDto	dto			3	id:String;customer:ContactDto;shippingItems:ShippingItemBaseDto[]
posting-backend	posting-dtos	posting-dtos/src/main/java/cars/ship/posting/dtos/deprecated/v1/V1StandaloneLoadLegBaseDto.java	V1StandaloneLoadLegBaseDto	dto			12	id:String;status:LoadLegStatusEnum;bookingAgent:String;shipperLoadId:String;externalId:String;load:LoadDto;route:V1RouteDto;shippingItems:V1ShippingItemDto[];payments:V1PaymentDto[];carrierPayInCents:long;orderInformation:ManagedOrderDto;createdAt:Instant
posting-backend	posting-dtos	posting-dtos/src/main/java/cars/ship/posting/dtos/deprecated/v1/V1PaymentTermsBeginTypeDto.java	V1PaymentTermsBeginTypeDto	dto			1	id:String
posting-backend	posting-dtos	posting-dtos/src/main/java/cars/ship/posting/dtos/deprecated/v1/V1DirectDispatchDto.java	V1DirectDispatchDto	dto			3	loadLeg:V1StandaloneLoadLegDto;carrierDot:String;carrierUmId:String
posting-backend	posting-dtos	posting-dtos/src/main/java/cars/ship/posting/dtos/deprecated/v1/V1StandaloneLoadLegDto.java	V1StandaloneLoadLegDto	dto	V1StandaloneLoadLegBaseDto		7	contract:ContractDto;pickupContact:ContactDto;extRateCalculationId:String;pickupSignatureRequired:Boolean;deliverySignatureRequired:Boolean;deliveryContact:ContactDto;publicLinkInfo:PublicLinkInfoDto
posting-backend	posting-dtos	posting-dtos/src/main/java/cars/ship/posting/dtos/deprecated/v1/V1PaymentDto.java	V1PaymentDto	dto			5	id:String;carrierPayInCents:long;notes:String;paymentType:V1PaymentTypeDto;paymentTransactionType:V1PaymentTransactionTypeDto
posting-backend	posting-dtos	posting-dtos/src/main/java/cars/ship/posting/dtos/deprecated/v1/V1PaymentTermsTypeDto.java	V1PaymentTermsTypeDto	dto			1	id:String
posting-backend	posting-dtos	posting-dtos/src/main/java/cars/ship/posting/dtos/deprecated/v1/V1PaymentTypeDto.java	V1PaymentTypeDto	dto			1	id:String
posting-backend	posting-dtos	posting-dtos/src/main/java/cars/ship/posting/dtos/deprecated/v1/V1VehicleDto.java	V1VehicleDto	dto	CommonVehicleDto		8	id:String;length:String;height:String;width:String;weight:String;logo:String;operationalType:V1OperationalTypeDto;lbExternalId:String
posting-backend	posting-dtos	posting-dtos/src/main/java/cars/ship/posting/dtos/deprecated/v1/V1OperationalTypeDto.java	V1OperationalTypeDto	dto			1	id:String
posting-backend	posting-dtos	posting-dtos/src/main/java/cars/ship/posting/dtos/deprecated/v1/V1StandaloneLoadLegBasePagedDto.java	V1StandaloneLoadLegBasePagedDto	dto	V1PagedResponseDto		0	
posting-backend	posting-dtos	posting-dtos/src/main/java/cars/ship/posting/dtos/deprecated/v1/V1RateInformationDto.java	V1RateInformationDto	dto			3	route:V1RouteDto;vehicles:V1VehicleDto[];useEnclosedTrailer:boolean
posting-backend	posting-dtos	posting-dtos/src/main/java/cars/ship/posting/dtos/deprecated/v1/V1DateRestrictionDto.java	V1DateRestrictionDto	dto			1	id:String
posting-backend	posting-dtos	posting-dtos/src/main/java/cars/ship/posting/dtos/deprecated/v1/V1DateDetailDto.java	V1DateDetailDto	dto			4	id:String;estimatedEndDate:LocalDate;estimatedStartDate:LocalDate;restriction:V1DateRestrictionDto
posting-backend	posting-dtos	posting-dtos/src/main/java/cars/ship/posting/dtos/deprecated/v1/V1PaymentTransactionTypeDto.java	V1PaymentTransactionTypeDto	dto			1	id:String
posting-backend	posting-dtos	posting-dtos/src/main/java/cars/ship/posting/dtos/deprecated/v1/V1RouteDto.java	V1RouteDto	dto			7	id:String;pickupDateDetail:V1DateDetailDto;deliveryDateDetail:V1DateDetailDto;deliveryLocation:LocationWithCoordinatesDto;pickupLocation:LocationWithCoordinatesDto;distanceInMiles:BigDecimal;transitTime:String
posting-backend	posting-dtos	posting-dtos/src/main/java/cars/ship/posting/dtos/deprecated/v1/V1PaymentMethodDto.java	V1PaymentMethodDto	dto			1	id:String
posting-backend	posting-dtos	posting-dtos/src/main/java/cars/ship/posting/dtos/deprecated/v1/V1ShippingItemDto.java	V1ShippingItemDto	dto			3	id:String;vehicle:V1VehicleDto;attachments:AttachmentDto[]
posting-backend	posting-dtos	posting-dtos/src/main/java/cars/ship/posting/dtos/deprecated/v2/V2LoadLegStatusCountDto.java	V2LoadLegStatusCountDto	dto			2	status:LoadLegStatusGroupEnum;count:long
posting-backend	posting-dtos	posting-dtos/src/main/java/cars/ship/posting/dtos/deprecated/v2/V2CarrierDirectDispatchDto.java	V2CarrierDirectDispatchDto	dto			3	loadLeg:V2StandaloneLoadLegDto;carrierDot:String;carrierUmId:String
posting-backend	posting-dtos	posting-dtos/src/main/java/cars/ship/posting/dtos/deprecated/v2/V2ActivityLogPagedDto.java	V2ActivityLogPagedDto	dto	V1PagedResponseDto		0	
posting-backend	posting-dtos	posting-dtos/src/main/java/cars/ship/posting/dtos/deprecated/v2/V2CarriePagedDto.java	V2CarriePagedDto	dto	V1PagedResponseDto		0	
posting-backend	posting-dtos	posting-dtos/src/main/java/cars/ship/posting/dtos/deprecated/v2/V2StandaloneLoadLegBaseDto.java	V2StandaloneLoadLegBaseDto	dto			14	id:String;status:LoadLegStatusEnum;bookingAgent:String;shipperLoadId:String;externalId:String;load:LoadDto;route:V2RouteDto;driveaway:DriveawayDto;contractPricing:ContractPricingCalculationDto;shippingItems:V3ShippingItemDto[];payments:PaymentDto[];carrierPayInCents:long;orderInformation:ManagedOrderDto;createdAt:Instant
posting-backend	posting-dtos	posting-dtos/src/main/java/cars/ship/posting/dtos/deprecated/v2/V2LoadLegStatusCountWrapperDto.java	V2LoadLegStatusCountWrapperDto	dto			1	statusCounts:V2LoadLegStatusCountDto[]
posting-backend	posting-dtos	posting-dtos/src/main/java/cars/ship/posting/dtos/deprecated/v2/V2RouteDto.java	V2RouteDto	dto			7	id:String;pickupDateDetail:DateDetailDto;deliveryDateDetail:DateDetailDto;deliveryLocation:LocationWithCoordinatesDto;pickupLocation:LocationWithCoordinatesDto;distanceInMiles:BigDecimal;transitTime:String
posting-backend	posting-dtos	posting-dtos/src/main/java/cars/ship/posting/dtos/deprecated/v2/V2DriveawayDirectDispatchDto.java	V2DriveawayDirectDispatchDto	dto			2	loadLeg:V2StandaloneLoadLegDto;driveawayDriverId:String
posting-backend	posting-dtos	posting-dtos/src/main/java/cars/ship/posting/dtos/deprecated/v2/V2StandaloneLoadLegPagedDto.java	V2StandaloneLoadLegPagedDto	dto	V1PagedResponseDto		0	
posting-backend	posting-dtos	posting-dtos/src/main/java/cars/ship/posting/dtos/deprecated/v2/V2ContactsPagedDto.java	V2ContactsPagedDto	dto	V1PagedResponseDto		0	
posting-backend	posting-dtos	posting-dtos/src/main/java/cars/ship/posting/dtos/deprecated/v2/V2InventoryLoadPagedDto.java	V2InventoryLoadPagedDto	dto	V1PagedResponseDto		0	
posting-backend	posting-dtos	posting-dtos/src/main/java/cars/ship/posting/dtos/deprecated/v2/V2StandaloneLoadLegBasePagedDto.java	V2StandaloneLoadLegBasePagedDto	dto	PageDto		0	
posting-backend	posting-dtos	posting-dtos/src/main/java/cars/ship/posting/dtos/deprecated/v2/V2StandaloneLoadLegDto.java	V2StandaloneLoadLegDto	dto	V2StandaloneLoadLegBaseDto		11	contract:ContractDto;attachments:AttachmentDto[];carrierOffers:CarrierOfferDto[];pickupContact:ContactDto;extRateCalculationId:String;carrier:CarrierDto;driver:DriverDto;pickupSignatureRequired:Boolean;deliverySignatureRequired:Boolean;deliveryContact:ContactDto;publicLinkInfo:PublicLinkInfoDto
posting-backend	posting-dtos	posting-dtos/src/main/java/cars/ship/posting/dtos/deprecated/common/V1SortDto.java	V1SortDto	dto			2	sortBy:SortByEnum;direction:String
posting-backend	posting-dtos	posting-dtos/src/main/java/cars/ship/posting/dtos/deprecated/common/V1PagedResponseDto.java	V1PagedResponseDto	dto			5	page:V1PageDto;sorting:V1SortDto;totalResults:Long;totalPages:Long;results:D[]
posting-backend	posting-dtos	posting-dtos/src/main/java/cars/ship/posting/dtos/deprecated/v4/V4DeliveryInvoiceDto.java	V4DeliveryInvoiceDto	dto			2	url:String;data:V4InvoiceDataDto
posting-backend	posting-dtos	posting-dtos/src/main/java/cars/ship/posting/dtos/deprecated/v4/V4ManagedOrderVehicleUpdateDto.java	V4ManagedOrderVehicleUpdateDto	dto			0	
posting-backend	posting-dtos	posting-dtos/src/main/java/cars/ship/posting/dtos/deprecated/v4/V4ManagedOrderUpdateDto.java	V4ManagedOrderUpdateDto	dto			10	status:LoadLegStatusEnum;orderId:String;deliveryInvoice:V4DeliveryInvoiceDto;pickupEstimatedDate:LocalDate;pickupEstimatedTimeframe:String;pickupEstimatedReason:String;deliveryEstimatedDate:LocalDate;deliveryEstimatedTimeframe:String;deliveryEstimatedReason:String;vehicles:V4ManagedOrderVehicleUpdateDto[]
posting-backend	posting-dtos	posting-dtos/src/main/java/cars/ship/posting/dtos/deprecated/v4/V4InvoiceDataDto.java	V4InvoiceDataDto	dto			2	invoiceNumber:String;total:String
posting-backend	posting-dtos	posting-dtos/src/main/java/cars/ship/posting/dtos/deprecated/v3/V3ContactSearchFilterDto.java	V3ContactSearchFilterDto	dto			1	term:String
posting-backend	posting-dtos	posting-dtos/src/main/java/cars/ship/posting/dtos/deprecated/v3/V3ActivityLogPagedDto.java	V3ActivityLogPagedDto	dto	PageDto		0	
posting-backend	posting-dtos	posting-dtos/src/main/java/cars/ship/posting/dtos/deprecated/v3/V3DashboardLoadLegPagedDto.java	V3DashboardLoadLegPagedDto	dto	PageDto		0	
posting-backend	posting-dtos	posting-dtos/src/main/java/cars/ship/posting/dtos/deprecated/v3/V3ReportTemplateFilterDto.java	V3ReportTemplateFilterDto	dto			77	statuses:LoadLegStatusEnum[];companyIds:String[];customerIds:String[];carrierIds:String[];bookingAgentIds:String[];loadTypes:LoadTypeEnum[];loadId:boolean;status:boolean;bookingAgent:boolean;shipperLoadId:boolean;creationDate:boolean;dispatchDate:boolean;deliveryRequestedDate:boolean;deliveryEstimatedDate:boolean;deliveryActualDateToggle:boolean;useEnclosedTrailer:boolean;useM22InspectionGuide:boolean;distance:boolean;useGpsTracking:boolean;vin:boolean;checkedInAt:boolean;customInformation:boolean;makeAndModelAndYear:boolean;operableType:boolean;buyerNumber:boolean;lotNumber:boolean;stockNumber:boolean;hasGatePass:boolean;pickupZipCode:boolean;pickupCity:boolean;pickupState:boolean;pickupStreet:boolean;pickupContactPhones:boolean;pickupContactName:boolean;pickupCompanyName:boolean;isPickupSignatureRequired:boolean;pickupRequestedDate:boolean;pickupEstimatedDate:boolean;pickupActualDate:boolean;deliveryZipCode:boolean;deliveryCity:boolean;deliveryState:boolean;deliveryStreet:boolean;deliveryContactPhones:boolean;deliveryContactName:boolean;deliveryCompanyName:boolean;isDeliverySignatureRequired:boolean;customerZipCode:boolean;customerCity:boolean;customerState:boolean;customerStreet:boolean;customerContactPhones:boolean;customerContactName:boolean;customerCompanyName:boolean;carrierName:boolean;carrierDot:boolean;carrierPay:boolean;codAndCopAmount:boolean;paymentType:boolean;paymentTermsType:boolean;paymentTermsBeginType:boolean;loadType:boolean;driveawayDriverContactName:boolean;driveawayDriverCompanyName:boolean;driveawayDriverAddress:boolean;driveawayDriverCity:boolean;driveawayDriverState:boolean;driveawayDriverZip:boolean;driveawayDriverEmail:boolean;driveawayDriverMobilePhone:boolean;creationStartDate:LocalDate;creationEndDate:LocalDate;dispatchStartDate:LocalDate;dispatchEndDate:LocalDate;deliveryStartDate:LocalDate;deliveryEndDate:LocalDate;sortBy:SortByEnum
posting-backend	posting-dtos	posting-dtos/src/main/java/cars/ship/posting/dtos/deprecated/v3/V3ReportTemplateDto.java	V3ReportTemplateDto	dto			2	id:String;name:String
posting-backend	posting-dtos	posting-dtos/src/main/java/cars/ship/posting/dtos/deprecated/v3/V3ActivityLogDto.java	V3ActivityLogDto	dto			8	id:String;externalLoadId:String;shipperLoadId:String;loadLegId:String;status:LoadLegStatusEnum;userFullname:String;createdAt:Instant;type:LoadTypeEnum
posting-backend	posting-dtos	posting-dtos/src/main/java/cars/ship/posting/dtos/deprecated/v3/V3ManagedOrderLoadLegDto.java	V3ManagedOrderLoadLegDto	dto	V3LoadLegExpandedBaseDto		3	externalId:String;load:LoadDto;orderInformation:ManagedOrderDto
posting-backend	posting-dtos	posting-dtos/src/main/java/cars/ship/posting/dtos/deprecated/v3/V3StandardLoadLegDto.java	V3StandardLoadLegDto	dto	V3LoadLegExpandedBaseDto		10	externalId:String;load:LoadDto;carrier:CarrierDto;contractPricing:ContractPricingCalculationDto;driver:DriverDto;carrierOffers:CarrierOfferDto[];pickupSignatureRequired:Boolean;deliverySignatureRequired:Boolean;extRateCalculationId:String;externalDestination:ExternalDestinationEnum
posting-backend	posting-dtos	posting-dtos/src/main/java/cars/ship/posting/dtos/deprecated/v3/V3DashboardLoadLegDto.java	V3DashboardLoadLegDto	dto	V3LoadLegBaseDto		2	load:LoadDto;externalId:String
posting-backend	posting-dtos	posting-dtos/src/main/java/cars/ship/posting/dtos/deprecated/v3/V3CarrierDirectDispatchDto.java	V3CarrierDirectDispatchDto	dto			3	loadLeg:V3StandardLoadLegDto;carrierDot:String;carrierUmId:String
posting-backend	posting-dtos	posting-dtos/src/main/java/cars/ship/posting/dtos/deprecated/v3/V3ReportDto.java	V3ReportDto	dto			4	sort:V1SortDto;fields:String[];recipients:String;template:String
posting-backend	posting-dtos	posting-dtos/src/main/java/cars/ship/posting/dtos/deprecated/v3/V3DriveawayLoadLegDto.java	V3DriveawayLoadLegDto	dto	V3LoadLegExpandedBaseDto		3	load:LoadBaseDto;driveaway:DriveawayDto;extRateCalculationId:String
posting-backend	posting-dtos	posting-dtos/src/main/java/cars/ship/posting/dtos/deprecated/v3/V3DriveawayDirectDispatchDto.java	V3DriveawayDirectDispatchDto	dto			2	loadLeg:V3DriveawayLoadLegDto;driveawayDriverId:String
posting-backend	posting-dtos	posting-dtos/src/main/java/cars/ship/posting/dtos/deprecated/v3/V3LoadLegExpandedBaseDto.java	V3LoadLegExpandedBaseDto	dto	V3LoadLegBaseDto		5	contract:ContractDto;attachments:AttachmentDto[];pickupContact:ContactDto;deliveryContact:ContactDto;publicLinkInfo:PublicLinkInfoDto
posting-backend	posting-dtos	posting-dtos/src/main/java/cars/ship/posting/dtos/deprecated/v3/V3FullLoadLegDto.java	V3FullLoadLegDto	dto	V3LoadLegExpandedBaseDto		12	externalId:String;load:LoadDto;driveaway:DriveawayDto;contractPricing:ContractPricingCalculationDto;orderInformation:ManagedOrderDto;extRateCalculationId:String;carrier:CarrierDto;driver:DriverDto;carrierOffers:CarrierOfferDto[];pickupSignatureRequired:boolean;deliverySignatureRequired:boolean;externalDestination:ExternalDestinationEnum
posting-backend	posting-dtos	posting-dtos/src/main/java/cars/ship/posting/dtos/deprecated/v3/V3ShippingItemDto.java	V3ShippingItemDto	dto			3	id:String;vehicle:VehicleDto;attachments:AttachmentDto[]
posting-backend	posting-dtos	posting-dtos/src/main/java/cars/ship/posting/dtos/deprecated/v3/V3FullLoadLegPagedDto.java	V3FullLoadLegPagedDto	dto	PageDto		0	
public-tracking-backend	public-tracking-backend	src/main/java/cars/ship/publictracking/application/adapters/out/client/dtos/GoogleResponseDto.java	GoogleResponseDto	dto			7	success:boolean;challengeTs:String;hostname:String;score:float;action:String;errorCodes:ErrorCode[];errors:ErrorCode[]
public-tracking-backend	public-tracking-backend	src/main/java/cars/ship/publictracking/application/adapters/in/converter/MediaProxyUtil.java	MediaProxyUtil	dto			7	mediaProxyClient:MediaProxy;mediaProxyTtl:Duration;url:String;mediaProxyUrlMapping:String[];attachmentUrls:String[];url:String;url:String
public-tracking-backend	public-tracking-backend	src/main/java/cars/ship/publictracking/application/adapters/in/pubsub/carriertms/dtos/CtmsAttachmentPubSubDto.java	CtmsAttachmentPubSubDto	dto			9	action:String;objectType:String;objectPrimaryKey:String;isJustCreated:boolean;isDeleted:boolean;timestamp:Instant;parentType:String;parentPrimaryKey:String;event:EventDto<AttachmentDto>
public-tracking-backend	public-tracking-backend	src/main/java/cars/ship/publictracking/application/adapters/in/pubsub/carriertms/dtos/CtmsVehicleEventDto.java	CtmsVehicleEventDto	dto			1	newValue:VehicleDto
public-tracking-backend	public-tracking-backend	src/main/java/cars/ship/publictracking/application/adapters/in/pubsub/carriertms/dtos/OrderDtoEvent.java	OrderDtoEvent	dto			5	shipperId:String;carrierId:String;actorId:String;changedFields:String[];newValue:LoadDto
public-tracking-backend	public-tracking-backend	src/main/java/cars/ship/publictracking/application/adapters/in/pubsub/carriertms/dtos/CtmsStateInfoPubSubDto.java	CtmsStateInfoPubSubDto	dto			5	action:String;objectType:String;objectPrimaryKey:String;isJustCreated:boolean;parentType:String
public-tracking-backend	public-tracking-backend	src/main/java/cars/ship/publictracking/application/adapters/in/pubsub/carriertms/dtos/CtmsVehiclePubSubDto.java	CtmsVehiclePubSubDto	dto			8	action:String;shipperUserManagementId:String;carrierUserManagementId:String;timestamp:Instant;objectType:String;objectPrimaryKey:String;parentPrimaryKey:String;event:CtmsVehicleEventDto
public-tracking-backend	public-tracking-backend	src/main/java/cars/ship/publictracking/application/adapters/in/pubsub/carriertms/dtos/CtmsOrderPubSubDto.java	CtmsOrderPubSubDto	dto			5	objectType:String;isJustCreated:boolean;objectPrimaryKey:String;timestamp:ZonedDateTime;event:OrderDtoEvent
public-tracking-backend	public-tracking-backend	src/main/java/cars/ship/publictracking/application/adapters/in/pubsub/dtos/location/LoadLocationStateDto.java	LoadLocationStateDto	dto			10	action:String;actorPk:String;created:Boolean;deleted:Boolean;event:LoadLocationEventDto;eventPk:String;objectPk:String;objectType:String;shipperLoadId:String;timestamp:ZonedDateTime
public-tracking-backend	public-tracking-backend	src/main/java/cars/ship/publictracking/application/adapters/in/pubsub/dtos/location/CoordinatesDto.java	CoordinatesDto	dto			2	latitude:BigDecimal;longitude:BigDecimal
public-tracking-backend	public-tracking-backend	src/main/java/cars/ship/publictracking/application/adapters/in/pubsub/dtos/location/CtmsStateInfoPubSubDto.java	CtmsStateInfoPubSubDto	dto			5	action:String;objectType:String;objectPrimaryKey:String;isJustCreated:boolean;parentType:String
public-tracking-backend	public-tracking-backend	src/main/java/cars/ship/publictracking/application/adapters/in/pubsub/dtos/location/LoadLocationEventDto.java	LoadLocationEventDto	dto			15	action:String;actorPk:String;changedFields:String[];created:Boolean;deleted:Boolean;eventPk:String;ip:String;newValue:LoadLocationDto;objectPk:String;objectType:String;oldValue:LoadLocationDto;requestId:String;shipperLoadId:String;timestamp:ZonedDateTime;url:String
public-tracking-backend	public-tracking-backend	src/main/java/cars/ship/publictracking/application/adapters/in/pubsub/dtos/location/LoadLocationDto.java	LoadLocationDto	dto			4	location:CoordinatesDto;vehicleIds:String[];status:String;timestamp:ZonedDateTime
public-tracking-backend	public-tracking-backend	src/main/java/cars/ship/publictracking/application/adapters/in/rest/dtos/PublicTrackingDisplayInfoDto.java	PublicTrackingDisplayInfoDto	dto			0	
public-tracking-backend	public-tracking-backend	src/main/java/cars/ship/publictracking/application/adapters/in/rest/dtos/PublicTrackingShippingItemDto.java	PublicTrackingShippingItemDto	dto			0	
public-tracking-backend	public-tracking-backend	src/main/java/cars/ship/publictracking/application/adapters/in/rest/dtos/PublicTrackingDateDetailDto.java	PublicTrackingDateDetailDto	dto			0	
public-tracking-backend	public-tracking-backend	src/main/java/cars/ship/publictracking/application/adapters/in/rest/dtos/LoadInfoDto.java	LoadInfoDto	dto			0	
public-tracking-backend	public-tracking-backend	src/main/java/cars/ship/publictracking/application/adapters/in/rest/dtos/PublicTrackingVehicleDto.java	PublicTrackingVehicleDto	dto			0	
public-tracking-backend	public-tracking-backend	src/main/java/cars/ship/publictracking/application/adapters/in/rest/dtos/PublicTrackingContactBaseDto.java	PublicTrackingContactBaseDto	dto			0	
public-tracking-backend	public-tracking-backend	src/main/java/cars/ship/publictracking/application/adapters/in/rest/dtos/PublicTrackingStatusDto.java	PublicTrackingStatusDto	dto			0	
public-tracking-backend	public-tracking-backend	src/main/java/cars/ship/publictracking/application/adapters/in/rest/dtos/LoadLocationDto.java	LoadLocationDto	dto			0	
public-tracking-backend	public-tracking-backend	src/main/java/cars/ship/publictracking/application/adapters/in/rest/dtos/PublicTrackingAttachmentDto.java	PublicTrackingAttachmentDto	dto			0	
public-tracking-backend	public-tracking-backend	src/main/java/cars/ship/publictracking/application/adapters/in/rest/dtos/PublicTrackingContactDto.java	PublicTrackingContactDto	dto			0	
public-tracking-backend	public-tracking-backend	src/main/java/cars/ship/publictracking/application/adapters/in/rest/dtos/PublicTrackingLocationDto.java	PublicTrackingLocationDto	dto			0	
public-tracking-backend	public-tracking-backend	src/main/java/cars/ship/publictracking/domain/model/LoadLocation.java	LoadLocation	jpa	BaseEntity	load_location	4	loadInfo:LoadInfo;latitude:BigDecimal;longitude:BigDecimal;type:LoadLocationTypeEnum
public-tracking-backend	public-tracking-backend	src/main/java/cars/ship/publictracking/domain/model/VehicleLoadInfoMapping.java	VehicleLoadInfoMapping	jpa	BaseEntity	vehicle_load_info_mapping	3	vehicleExternalId:String;source:SourceTypeEnum;loadInfo:LoadInfo
public-tracking-backend	public-tracking-backend	src/main/java/cars/ship/publictracking/domain/model/FeCustomization.java	FeCustomization	jpa	BaseEntity	fe_customization	2	companyId:String;customization:LinkedHashMap<String, Object>
public-tracking-backend	public-tracking-backend	src/main/java/cars/ship/publictracking/domain/model/LoadInfo.java	LoadInfo	jpa	BaseEntity	load_info	5	referenceKey:String;companyId:String;loadData:PublicTrackingDisplayInfoVo;loadLocations:LoadLocation[];source:SourceTypeEnum
public-tracking-backend	public-tracking-backend	src/main/java/cars/ship/publictracking/domain/model/vo/StatusVo.java	StatusVo	dto			3	name:String;state:LoadInfoStatusStateEnum;description:String
public-tracking-backend	public-tracking-backend	src/main/java/cars/ship/publictracking/domain/model/vo/LocationVo.java	LocationVo	dto			4	city:String;state:String;street:String;zipCode:String
public-tracking-backend	public-tracking-backend	src/main/java/cars/ship/publictracking/domain/model/vo/ContactVo.java	ContactVo	dto	ContactBaseVo		8	companyName:String;primaryPhoneNotes:String;secondaryPhone:String;secondaryPhoneNotes:String;thirdPhone:String;thirdPhoneNotes:String;workingHours:String;location:LocationVo
public-tracking-backend	public-tracking-backend	src/main/java/cars/ship/publictracking/domain/model/vo/ShippingItemVo.java	ShippingItemVo	dto			8	id:String;vehicles:VehicleVo;status:ShippingItemStatusEnum;attachments:AttachmentVo[];pickupCarrierEtaDateDetail:DateDetailVo;deliveryCarrierEtaDateDetail:DateDetailVo;actualPickupDate:LocalDate;actualDeliveryDate:LocalDate
public-tracking-backend	public-tracking-backend	src/main/java/cars/ship/publictracking/domain/model/vo/PublicTrackingDisplayInfoVo.java	PublicTrackingDisplayInfoVo	dto			15	loadId:String;statuses:StatusVo[];lastStatusUpdateDate:Date;loadDetails:String;enclosedTrailer:boolean;transitTime:String;shippingItems:ShippingItemVo[];bookingAgent:String;pickupContact:ContactVo;deliveryContact:ContactVo;customerContact:ContactVo;carrierContact:ContactBaseVo;driverContact:ContactBaseVo;attachments:AttachmentVo[];labels:String[]
public-tracking-backend	public-tracking-backend	src/main/java/cars/ship/publictracking/domain/model/vo/VehicleVo.java	VehicleVo	dto			18	id:String;externalId:String;bodyType:String;buyerNumber:String;color:String;lotNumber:String;stockNumber:String;make:String;model:String;length:String;height:String;width:String;weight:String;logo:String;vin:String;customInformation:String;inventoryUnitId:String;year:Integer
public-tracking-backend	public-tracking-backend	src/main/java/cars/ship/publictracking/domain/model/vo/ContactBaseVo.java	ContactBaseVo	dto			3	name:String;email:String;primaryPhone:String
public-tracking-backend	public-tracking-backend	src/main/java/cars/ship/publictracking/domain/model/vo/DateDetailVo.java	DateDetailVo	dto			3	date:LocalDate;timeframe:String;reason:String
public-tracking-backend	public-tracking-backend	src/main/java/cars/ship/publictracking/domain/model/vo/AttachmentVo.java	AttachmentVo	dto			9	id:String;lbExternalId:String;fileUrl:String;loadLegId:String;shippingItemId:String;creatorType:AttachmentCreatorTypeEnum;attachmentType:AttachmentTypeEnum;originalFileName:String;creationDate:LocalDateTime
public-tracking-backend	public-tracking-backend	src/main/java/cars/ship/publictracking/domain/model/vo/CoordinatesVo.java	CoordinatesVo	dto			2	latitude:String;longitude:String
pubsub-exception-handler	api-dtos	api-dtos/src/main/java/cars/ship/pubsubexceptionhandler/dtos/RetryMessagesDto.java	RetryMessagesDto	dto			0	
pubsub-exception-handler	api-dtos	api-dtos/src/main/java/cars/ship/pubsubexceptionhandler/dtos/DeadLetterMessageDto.java	DeadLetterMessageDto	dto			0	
pubsub-exception-handler	api-dtos	api-dtos/src/main/java/cars/ship/pubsubexceptionhandler/dtos/PubSubMessageDto.java	PubSubMessageDto	dto			0	
pubsub-exception-handler	db-entities	db-entities/src/main/java/cars/ship/pubsubexceptionhandler/entities/DeadLetterMessageEntity.java	DeadLetterMessageEntity	jpa		dead_letter_messages	6	id:Long;destination:String;service:String;source:String;message:JsonNode;publishedTime:Instant
pusher	api-dtos	api-dtos/src/main/java/cars/ship/pusher/dtos/out/SocketEventMessageDto.java	SocketEventMessageDto	dto			11	action:String;actorPk:String;objectType:String;objectPk:String;eventPk:String;parentType:String;parentPk:String;created:boolean;deleted:boolean;timestamp:Instant;changedFields:Object[]
pusher	api-dtos	api-dtos/src/main/java/cars/ship/pusher/dtos/out/PushMessageDto.java	PushMessageDto	dto			14	title:String;message:String;action:String;ctmsNotification:boolean;actorPk:String;objectType:String;objectPk:String;eventPk:String;parentType:String;parentPk:String;created:boolean;deleted:boolean;timestamp:Instant;changedFields:Object[]
pusher	api-dtos	api-dtos/src/main/java/cars/ship/pusher/dtos/out/SocketMetadataRestrictionMessageDto.java	SocketMetadataRestrictionMessageDto	dto			0	
pusher	api-dtos	api-dtos/src/main/java/cars/ship/pusher/dtos/out/SocketDto.java	SocketDto	dto			2	timestamp:Instant;data:SocketMessageDto
pusher	api-dtos	api-dtos/src/main/java/cars/ship/pusher/dtos/out/SocketNotificationUpdatedMessageDto.java	SocketNotificationUpdatedMessageDto	dto			0	
pusher	api-dtos	api-dtos/src/main/java/cars/ship/pusher/dtos/out/PubSubIntegrationMessageDto.java	PubSubIntegrationMessageDto	dto			13	action:String;actor:String;actorPk:String;objectType:String;objectPk:String;url:String;eventPk:String;parentType:String;parentPk:String;created:Boolean;deleted:Boolean;timestamp:Instant;data:Object
pusher	api-dtos	api-dtos/src/main/java/cars/ship/pusher/dtos/out/NotificationsDto.java	NotificationsDto	dto			2	notifications:BaseDomainCommand[];orderingKey:String
pusher	api-dtos	api-dtos/src/main/java/cars/ship/pusher/dtos/out/PubSubMessageDto.java	PubSubMessageDto	dto			39	actorPk:String;objectType:String;objectPk:String;eventPk:String;parentType:String;changedFields:Object[];parentPk:String;actorUserManagementId:String;demoOwnerId:String;brokerLoadId:String;action:String;created:boolean;deleted:boolean;timestamp:Instant;event:PubSubEventDto;demo:boolean;drivers:String[];action:String;objectType:String;objectPk:String;actorId:String;carrierId:String;shipperId:String;shipperLoadId:String;carrierUserManagementId:String;shipperUserManagementId:String;timestamp:Instant;changedFields:String[];newValue:Object;oldValue:Object;requestId:String;created:boolean;deleted:boolean;url:String;id:String;ip:String;actor:String;carrier:String;shipper:String
pusher	api-dtos	api-dtos/src/main/java/cars/ship/pusher/dtos/out/SocketNotificationCreatedMessageDto.java	SocketNotificationCreatedMessageDto	dto			0	
pusher	api-dtos	api-dtos/src/main/java/cars/ship/pusher/dtos/in/ctms/PubSubEventSubscriptionDto.java	PubSubEventSubscriptionDto	dto			6	id:String;userManagementId:String;externalId:String;sendNotification:Boolean;internal:Boolean;type:String
pusher	api-dtos	api-dtos/src/main/java/cars/ship/pusher/dtos/in/ctms/MetadataMessageObjectDto.java	MetadataMessageObjectDto	dto	PubSubMessageDto		0	
pusher	api-dtos	api-dtos/src/main/java/cars/ship/pusher/dtos/in/loadmate/LoadMatePostingMessageDto.java	LoadMatePostingMessageDto	dto			7	action:String;objectType:String;objectId:String;shipperCompanyId:String;version:int;timestamp:Instant;event:LoadMatePostingEventObjectDto
pusher	api-dtos	api-dtos/src/main/java/cars/ship/pusher/dtos/in/loadmate/LoadMateQuoteManagerQuoteDto.java	LoadMateQuoteManagerQuoteDto	dto			5	providerId:String;providerName:String;providerProfilePictureUrl:String;processId:String;quoteDetails:Object
pusher	api-dtos	api-dtos/src/main/java/cars/ship/pusher/dtos/in/loadmate/LoadMatePostingV2MessageDto.java	LoadMatePostingV2MessageDto	dto			9	shipperCompanyId:String;action:String;actionData:Object;targetId:String;loadLeg:LinkedHashMap<String, Object>;timestamp:Instant;statuses:Object[];changedFields:String[];actor:Object
pusher	api-dtos	api-dtos/src/main/java/cars/ship/pusher/dtos/in/loadmate/LoadMateQuoteManagerMessageDto.java	LoadMateQuoteManagerMessageDto	dto			4	action:String;companyIds:String[];timestamp:Instant;quote:LoadMateQuoteManagerQuoteDto
pusher	api-dtos	api-dtos/src/main/java/cars/ship/pusher/dtos/in/loadmate/LoadMatePostingEventObjectDto.java	LoadMatePostingEventObjectDto	dto			1	value:Object
pusher	db-entities	db-entities/src/main/java/cars/ship/pusher/entities/UserEntity.java	UserEntity	jpa		users	9	id:String;externalUpdateTime:Instant;email:String;company:CompanyEntity;isActive:Boolean;phoneNumber:String;name:String;roles:UserRole[];primaryRole:UserRole
pusher	db-entities	db-entities/src/main/java/cars/ship/pusher/entities/CompanyEntity.java	CompanyEntity	jpa		company	3	id:String;externalUpdateTime:Instant;isSingleOwnerOperator:boolean
pusher	db-entities	db-entities/src/main/java/cars/ship/pusher/entities/EventSubscriptionEntity.java	EventSubscriptionEntity	jpa		event_subscription	8	id:String;externalId:String;company:CompanyEntity;sendNotification:Boolean;type:EventSubscriptionType;additionalData:String;sources:EventSubscriptionSourceEntity[];updateTime:Instant
pusher	db-entities	db-entities/src/main/java/cars/ship/pusher/entities/EventSubscriptionSourceEntity.java	EventSubscriptionSourceEntity	jpa		es_sources	6	id:String;_es:EventSubscriptionEntity;eventSubscriptionId:String;channel:NotificationChannel;ignoredObjectTypes:String;updateTime:Instant
pusher	event-listener	event-listener/src/main/java/cars/ship/pusher/listener/infra/model/LoadMatePostingV2ProcessEventCommand.java	LoadMatePostingV2ProcessEventCommand	dto			2	message:LoadMatePostingV2MessageDto;orderingKey:String
pusher	event-listener	event-listener/src/main/java/cars/ship/pusher/listener/infra/model/LoadboardProcessEventCommand.java	LoadboardProcessEventCommand	dto			0	
pusher	event-listener	event-listener/src/main/java/cars/ship/pusher/listener/infra/model/LoadMateQuoteManagerProcessEventCommand.java	LoadMateQuoteManagerProcessEventCommand	dto			2	message:LoadMateQuoteManagerMessageDto;orderingKey:String
pusher	event-listener	event-listener/src/main/java/cars/ship/pusher/listener/infra/model/UserManagementCompanyProcessEventCommand.java	UserManagementCompanyProcessEventCommand	dto			3	companyPubSubDto:V2CompanyPubSubDto;action:ServiceEventEnum;orderingKey:String
pusher	event-listener	event-listener/src/main/java/cars/ship/pusher/listener/infra/model/CtmsProcessEventCommand.java	CtmsProcessEventCommand	dto			2	message:MessageObjectDto;orderingKey:String
pusher	event-listener	event-listener/src/main/java/cars/ship/pusher/listener/infra/model/UserManagementUserProcessEventCommand.java	UserManagementUserProcessEventCommand	dto			3	user:V2UserAccountPubSubDto;action:ServiceEventEnum;orderingKey:String
pusher	event-listener	event-listener/src/main/java/cars/ship/pusher/listener/infra/model/LoadMatePostingProcessEventCommand.java	LoadMatePostingProcessEventCommand	dto			2	message:LoadMatePostingMessageDto;orderingKey:String
pusher	event-listener	event-listener/src/main/java/cars/ship/pusher/listener/infra/model/MetadataProcessEventCommand.java	MetadataProcessEventCommand	dto			0	
pusher	event-listener	event-listener/src/main/java/cars/ship/pusher/listener/dtos/in/ChangeObjectDto.java	ChangeObjectDto	dto			0	
pusher	event-listener	event-listener/src/main/java/cars/ship/pusher/listener/dtos/in/ActivityLogDto.java	ActivityLogDto	dto			18	id:String;eventType:String;eventTypeCategory:String;extraObject:Object;actorCompany:String;actorCompanyId:String;carrier:String;broker:String;shipper:String;timestamp:Instant;load:String;actor:String;carrierId:String;brokerId:String;shipperId:String;orderId:String;loadId:String;actorId:String
pusher	event-listener	event-listener/src/main/java/cars/ship/pusher/listener/dtos/in/AttachmentDto.java	AttachmentDto	dto			5	type:String;vehicle:String;loadStatus:String;loadFlags:String[];loadAtgFieldsMasked:boolean
pusher	event-listener	event-listener/src/main/java/cars/ship/pusher/listener/dtos/in/VehicleDto.java	VehicleDto	dto			2	load:String;loadAtgFieldsMasked:boolean
pusher	event-listener	event-listener/src/main/java/cars/ship/pusher/listener/dtos/in/LocationRequestDto.java	LocationRequestDto	dto			0	
pusher	event-listener	event-listener/src/main/java/cars/ship/pusher/listener/dtos/in/LoadboardPubSubMessageDto.java	LoadboardPubSubMessageDto	dto	PubSubMessageDto		0	
pusher	event-listener	event-listener/src/main/java/cars/ship/pusher/listener/dtos/in/LoadDto.java	LoadDto	dto			16	isDemo:boolean;demoOwnerId:String;broker:String;shipperName:String;customerName:String;brokerLoadId:String;deliveryCity:String;pickupCity:String;totalPaymentToCarrier:Double;posting:PostingDto;status:String;flags:String[];forceDriverAssignment:Boolean;driverId:String;atgEnabled:boolean;atgFieldsMasked:boolean
pusher	event-listener	event-listener/src/main/java/cars/ship/pusher/listener/dtos/in/ChangeDto.java	ChangeDto	dto			0	
pusher	event-listener	event-listener/src/main/java/cars/ship/pusher/listener/dtos/in/CtmsUserDto.java	CtmsUserDto	dto			11	id:String;userManagementId:String;companyUserManagementId:String;fullName:String;email:String;phoneNumber:String;primaryRole:String;isDriver:Boolean;isCompanyOwner:Boolean;isActive:Boolean;locationSharingStatus:String
pusher	commons	commons/src/main/java/cars/ship/pusher/shared/models/EventSubscription.java	EventSubscription	dto			0	
pusher	commons	commons/src/main/java/cars/ship/pusher/shared/models/RecipientFilter.java	RecipientFilter	dto			0	
pusher	commons	commons/src/main/java/cars/ship/pusher/shared/models/User.java	User	dto			0	
pusher	commons	commons/src/main/java/cars/ship/pusher/shared/models/EventSubscriptionsListDto.java	EventSubscriptionsListDto	dto			0	
pusher	commons	commons/src/main/java/cars/ship/pusher/shared/models/EventSubscriptionSource.java	EventSubscriptionSource	dto			0	
pusher	commons	commons/src/main/java/cars/ship/pusher/shared/models/NotificationRecipient.java	NotificationRecipient	dto			3	recipientType:RecipientType;recipientIds:String[];recipientFilter:RecipientFilter
pusher	commons	commons/src/main/java/cars/ship/pusher/shared/models/Company.java	Company	dto			0	
pusher	db-syncer	db-syncer/src/main/java/cars/ship/pusher/syncer/models/CompanyIntegrationSubscription.java	CompanyIntegrationSubscription	dto			3	companyId:String;type:IntegrationSubscriptionType;action:IntegrationSubscriptionActionType
pusher	db-syncer	db-syncer/src/main/java/cars/ship/pusher/syncer/dtos/db/DbCompanyDto.java	DbCompanyDto	dto			6	id:String;email:String;name:String;active:Boolean;singleOwnerOperator:boolean;lastModified:Instant
pusher	db-syncer	db-syncer/src/main/java/cars/ship/pusher/syncer/dtos/db/DbEventSubscriptionDto.java	DbEventSubscriptionDto	dto			6	id:long;companyId:String;externalId:String;sendNotification:Boolean;internal:Boolean;type:String
pusher	db-syncer	db-syncer/src/main/java/cars/ship/pusher/syncer/dtos/db/DbUserDto.java	DbUserDto	dto			9	id:String;name:String;email:String;phoneNumber:String;companyId:String;active:Boolean;roles:UserRoleEnum[];primaryRole:UserRoleEnum;lastModified:Instant
pusher	db-syncer	db-syncer/src/main/java/cars/ship/pusher/syncer/services/impl/EventSubscriptionsServiceImpl.java	EventSubscriptionsServiceImpl	dto			33	transactionalExecution:TransactionalExecution;repository:Repository;objectSerializer:ObjectSerializer;objectTypeForChannel:String[][];eventSubscription:EventSubscriptionEntity;externalId:String;companyId:String;eventSubscription:EventSubscriptionEntity;deletedEs:EventSubscription;eventSubscription:EventSubscriptionEntity;eventSubscription:EventSubscriptionEntity;newEntity:EventSubscriptionEntity;newVsUpdatedVsDeletedSources:AtomicReference<NewVsUpdatedVsDeletedSources>;finalEsId:String;oldEntity:EventSubscriptionEntity;entity:EventSubscriptionSourceEntity;res:EventSubscription;channels:NotificationChannel[];newVsUpdatedVsDeletedSources:NewVsUpdatedVsDeletedSources;eventSubscription:EventSubscriptionEntity;newSourceIds:String[];toDelete:EventSubscriptionSourceEntity[];existingSourceIds:String[];newSourcesForIds:EventSubscriptionSourceEntity[];toUpdateNew:EventSubscriptionSourceEntity[];toUpdateOld:EventSubscriptionSourceEntity[];oldEntity:EventSubscriptionSourceEntity;res:String[][];attachments:String[];loadLocationSharing:String[];loads:String[];revisions:String[];vehicles:String[]
pusher	db-syncer	db-syncer/src/main/java/cars/ship/pusher/syncer/rest/EventSubscriptionsController.java	EventSubscriptionsController	dto		{id}	1	eventSubscriptionsService:EventSubscriptionsService
pusher	db-syncer	db-syncer/src/main/java/cars/ship/pusher/syncer/rest/DashboardController.java	DashboardController	dto			2	resyncService:ResyncService;bus:EventBus
pusher	domain	domain/src/main/java/cars/ship/pusher/domain/constants/Actions.java	Actions	dto			0	
pusher	domain	domain/src/main/java/cars/ship/pusher/domain/constants/EventType.java	EventType	dto			0	
pusher	domain	domain/src/main/java/cars/ship/pusher/domain/ctms/NegotiationNotification.java	NegotiationNotification	dto	BaseNotification		5	actionProcessors:ArrayList<Runnable>;notificationContent:PushNotificationContent;usersInNegotiation:String[];sendPushNotification:SendPushNotification;lastOffer:OfferVo
pusher	domain	domain/src/main/java/cars/ship/pusher/domain/commands/SendPushNotification.java	SendPushNotification	dto	BaseDomainCommand		5	message:PushMessageVo;notificationContent:PushNotificationContent;title:String;body:String;demo:Boolean
pusher	domain	domain/src/main/java/cars/ship/pusher/domain/commands/SendEmail.java	SendEmail	dto	BaseDomainCommand		1	message:MessageVo
pusher	domain	domain/src/main/java/cars/ship/pusher/domain/commands/SendSocket.java	SendSocket	dto	BaseDomainCommand		3	message:SocketMessageVo;type:SocketTypeEnum;isGlobalEvent:boolean
pusher	domain	domain/src/main/java/cars/ship/pusher/domain/commands/SendIntegrationNotification.java	SendIntegrationNotification	dto	BaseDomainCommand		0	
pusher	domain	domain/src/main/java/cars/ship/pusher/domain/commands/SendPubSubNotification.java	SendPubSubNotification	dto	BaseDomainCommand		3	channel:NotificationChannel;message:T;objectType:String
pusher	domain	domain/src/main/java/cars/ship/pusher/domain/valueobjects/PushMessageVo.java	PushMessageVo	dto			11	action:String;actorPk:String;objectType:String;objectPk:String;eventPk:String;parentType:String;parentPk:String;created:boolean;deleted:boolean;timestamp:Instant;changeFields:Object[]
pusher	domain	domain/src/main/java/cars/ship/pusher/domain/valueobjects/SocketNotificationCreatedMessageVo.java	SocketNotificationCreatedMessageVo	dto			0	
pusher	domain	domain/src/main/java/cars/ship/pusher/domain/valueobjects/MessageVo.java	MessageVo	dto			17	action:String;actorPk:String;actorUserManagementId:String;objectType:String;objectPk:String;eventPk:String;parentType:String;parentPk:String;created:boolean;deleted:boolean;timestamp:Instant;event:EventVo;changedFields:Object[];demo:boolean;demoOwnerId:String;brokerLoadId:String;drivers:String[]
pusher	domain	domain/src/main/java/cars/ship/pusher/domain/valueobjects/CompanyVo.java	CompanyVo	dto			2	companyId:String;type:CompanyTypeEnum
pusher	domain	domain/src/main/java/cars/ship/pusher/domain/valueobjects/SocketMetadataRestrictionMessageVo.java	SocketMetadataRestrictionMessageVo	dto			0	
pusher	domain	domain/src/main/java/cars/ship/pusher/domain/valueobjects/SocketEventMessageVo.java	SocketEventMessageVo	dto			11	action:String;actorPk:String;objectType:String;objectPk:String;eventPk:String;parentType:String;parentPk:String;created:boolean;deleted:boolean;timestamp:Instant;changedFields:Object[]
pusher	domain	domain/src/main/java/cars/ship/pusher/domain/valueobjects/EventVo.java	EventVo	dto			22	url:String;id:String;objectType:String;objectPk:String;created:boolean;deleted:boolean;newValue:Object;oldValue:Object;changedFields:String[];timestamp:Instant;action:String;ip:String;requestId:String;actor:String;carrier:String;shipper:String;actorId:String;carrierId:String;shipperId:String;shipperLoadId:String;carrierUserManagementId:String;shipperUserManagementId:String
pusher	domain	domain/src/main/java/cars/ship/pusher/domain/valueobjects/IntegrationMessageVo.java	IntegrationMessageVo	dto			15	companyId:String;action:String;actor:String;actorPk:String;objectType:String;objectPk:String;url:String;eventPk:String;parentType:String;parentPk:String;created:Boolean;deleted:Boolean;timestamp:Instant;data:Object;event:EventVo
pusher	domain	domain/src/main/java/cars/ship/pusher/domain/valueobjects/SocketNotificationUpdatedMessageVo.java	SocketNotificationUpdatedMessageVo	dto			0	
pusher	domain	domain/src/main/java/cars/ship/pusher/domain/valueobjects/usermanagement/UserManagementMessageVo.java	UserManagementMessageVo	dto			6	action:String;objectType:UserManagementObjectType;objectId:String;companyId:String;timestamp:Instant;data:T
pusher	domain	domain/src/main/java/cars/ship/pusher/domain/valueobjects/usermanagement/CompanyPubSubNotificationVo.java	CompanyPubSubNotificationVo	dto			1	actionEvents:String[][]
pusher	domain	domain/src/main/java/cars/ship/pusher/domain/valueobjects/loadmate/LoadMateMessageVo.java	LoadMateMessageVo	dto			7	action:String;objectType:String;objectId:String;version:int;timestamp:Instant;shipperCompanyId:String;event:Object
pusher	domain	domain/src/main/java/cars/ship/pusher/domain/valueobjects/loadmate/LoadMatePostingV2MessageVo.java	LoadMatePostingV2MessageVo	dto			7	action:String;actionData:Object;objectType:String;objectId:String;timestamp:Instant;shipperCompanyId:String;message:Object
pusher	domain	domain/src/main/java/cars/ship/pusher/domain/valueobjects/loadmate/LoadMateQuoteManagerMessageVo.java	LoadMateQuoteManagerMessageVo	dto			7	action:String;objectType:String;objectId:String;version:int;timestamp:Instant;shipperCompanyId:String;event:Object
pusher	domain	domain/src/main/java/cars/ship/pusher/domain/valueobjects/modeldata/VehicleModelDataVo.java	VehicleModelDataVo	dto			1	atgFieldsMasked:boolean
pusher	domain	domain/src/main/java/cars/ship/pusher/domain/valueobjects/modeldata/LoadModelDataVo.java	LoadModelDataVo	dto			13	isDemo:boolean;demoOwnerId:String;broker:String;shipperName:String;customerName:String;brokerLoadId:String;deliveryCity:String;pickupCity:String;totalPaymentToCarrier:Double;postingVo:PostingVo;accepted:boolean;atgEnabled:boolean;atgFieldsMasked:boolean
pusher	domain	domain/src/main/java/cars/ship/pusher/domain/valueobjects/modeldata/ActivityLogModelDataVo.java	ActivityLogModelDataVo	dto			18	id:String;eventType:String;eventTypeCategory:String;extraObject:Object;actorCompany:String;actorCompanyId:String;carrier:String;broker:String;shipper:String;timestamp:Instant;load:String;actor:String;carrierId:String;brokerId:String;shipperId:String;orderId:String;loadId:String;actorId:String
pusher	domain	domain/src/main/java/cars/ship/pusher/domain/valueobjects/modeldata/NegotiationModelDataVo.java	NegotiationModelDataVo	dto			0	
pusher	domain	domain/src/main/java/cars/ship/pusher/domain/valueobjects/modeldata/PostingVo.java	PostingVo	dto			2	status:String;notPublicEvent:boolean
pusher	domain	domain/src/main/java/cars/ship/pusher/domain/valueobjects/modeldata/ChangeObjectVo.java	ChangeObjectVo	dto			0	
pusher	domain	domain/src/main/java/cars/ship/pusher/domain/valueobjects/modeldata/AttachmentModelDataVo.java	AttachmentModelDataVo	dto			5	type:String;vehicle:String;loadStatus:String;loadFlags:String[];atgFieldsMasked:boolean
pusher	domain	domain/src/main/java/cars/ship/pusher/domain/valueobjects/modeldata/CtmsUserVo.java	CtmsUserVo	dto			5	userManagementId:String;companyUserManagementId:String;fullName:String;email:String;isDriver:Boolean
pusher	domain	domain/src/main/java/cars/ship/pusher/domain/valueobjects/modeldata/LoadboardPostingVo.java	LoadboardPostingVo	dto			0	
pusher	domain	domain/src/main/java/cars/ship/pusher/domain/valueobjects/modeldata/LoadboardNegotiationVo.java	LoadboardNegotiationVo	dto			0	
pusher	domain	domain/src/main/java/cars/ship/pusher/domain/valueobjects/modeldata/LocationRequestModelDataVo.java	LocationRequestModelDataVo	dto			1	receiver:String
pusher	domain	domain/src/main/java/cars/ship/pusher/domain/valueobjects/modeldata/ChangeModelDataVo.java	ChangeModelDataVo	dto			0	
pusher	notification-sender	notification-sender/src/main/java/cars/ship/pusher/sender/converters/PushNotificationConverter.java	PushNotificationConverter	dto			7	objectSerializer:ObjectSerializer;value:String;builder:PushMessageDtoBuilder;dtoBuilder:V2PushNotificationDataDtoBuilder;data:String[];changedFields:Object[];value:Object
quarkus-commons	quarkus-opentelemetry	quarkus-opentelemetry/src/main/java/cars/ship/commons/quarkus/QuarkusMdcData.java	QuarkusMdcData	dto			0	
quarkus-data-migration	runtime	runtime/src/main/java/ship/cars/quarkus/extensions/datamigration/runtime/entities/DataMigrationVersionEntity.java	DataMigrationVersionEntity	jpa		data_migration_versions	2	version:String;migratedAt:Instant
quarkus-extension-bootstrap	runtime	runtime/src/main/java/ship/cars/quarkus/extensions/bootstrap/BootstrapDto.java	BootstrapDto	dto			0	
quarkus-extension-firestore-storage	runtime	runtime/src/main/java/cars/ship/quarkus/extensions/firestore/storage/runtime/StorageKeyNotFoundException.java	StorageKeyNotFoundException	dto	RuntimeException		1	key:String
quarkus-extension-firestore-storage	runtime	runtime/src/main/java/cars/ship/quarkus/extensions/firestore/storage/runtime/StorageConcurrentModificationDetectedException.java	StorageConcurrentModificationDetectedException	dto	RuntimeException		2	key:String;version:long
quarkus-extension-firestore-storage	runtime	runtime/src/main/java/cars/ship/quarkus/extensions/firestore/storage/runtime/StorageKeyAlreadyExistsException.java	StorageKeyAlreadyExistsException	dto	RuntimeException		1	key:String
quarkus-extension-media-proxy	api-dtos	api-dtos/src/main/java/cars/ship/mediaproxy/dtos/MediaProxyKeyMetaDto.java	MediaProxyKeyMetaDto	dto	PropertiesBase		0	
quarkus-extension-media-proxy	api-dtos	api-dtos/src/main/java/cars/ship/mediaproxy/dtos/MediaProxyKeyRequestDto.java	MediaProxyKeyRequestDto	dto			0	
quarkus-extension-media-proxy	api-dtos	api-dtos/src/main/java/cars/ship/mediaproxy/dtos/MediaProxyKeyInfoDto.java	MediaProxyKeyInfoDto	dto			0	
quarkus-extension-media-proxy	api-dtos	api-dtos/src/main/java/cars/ship/mediaproxy/dtos/MediaProxyKeyResponseDto.java	MediaProxyKeyResponseDto	dto			0	
quarkus-extension-media-proxy	spring-client	spring-client/src/main/java/cars/ship/mediaproxy/spring/client/MediaProxyClientConfig.java	MediaProxyClientConfig	dto			0	
quarkus-extension-persistence	runtime	runtime/src/main/java/ship/cars/quarkus/extensions/persistence/services/TransactionalBatchesExecution.java	BatchConfig	dto			0	
quarkus-extension-webclient	runtime	runtime/src/main/java/ship/cars/quarkus/extensions/webclient/runtime/WebClientConfig.java	WebClientConfig	dto			14	objectSerializer:ObjectSerializer;defaultHeaders:MultiMap;connectTimeoutMs:Integer;readTimeoutMs:Integer;writeTimeoutMs:Integer;retryMaxAttempts:Integer;retryMinBackoff:Duration;retryMaxBackoff:Duration;retryJitterFactor:Double;retryOnExceptionClasses:Class<?>[];retryOnExceptionClassNames:String[];retryOnExceptionMessages:String[];retryOnBusinessRuleExceptions:Boolean;retryOnExceptions:Predicate<List<Throwable>>
quarkus-extension-webclient	runtime	runtime/src/main/java/ship/cars/quarkus/extensions/webclient/runtime/WebClientCallConfig.java	WebClientCallConfig	dto			0	
quarkus-imperative-boilerplate	api-dtos	api-dtos/src/main/java/cars/ship/boilerplate/dtos/CityRevDto.java	CityRevDto	dto			0	
quarkus-imperative-boilerplate	api-dtos	api-dtos/src/main/java/cars/ship/boilerplate/dtos/StateDto.java	StateDto	dto			0	
quarkus-imperative-boilerplate	api-dtos	api-dtos/src/main/java/cars/ship/boilerplate/dtos/StateRevDto.java	StateRevDto	dto			0	
quarkus-imperative-boilerplate	api-dtos	api-dtos/src/main/java/cars/ship/boilerplate/dtos/CityDto.java	CityDto	dto			0	
quarkus-imperative-boilerplate	api-dtos	api-dtos/src/main/java/cars/ship/boilerplate/dtos/pubsub/CommandPubSubDto.java	CommandPubSubDto	dto			0	
quarkus-imperative-boilerplate	db-entities	db-entities/src/main/java/cars/ship/boilerplate/entities/StateEntity.java	StateEntity	jpa	BaseDbEntity	states	2	name:String;region:String
quarkus-imperative-boilerplate	db-entities	db-entities/src/main/java/cars/ship/boilerplate/entities/CityEntity.java	CityEntity	jpa	BaseDbEntity	cities	1	name:String
quarkus-k8s-boilerplate	quarkus-k8s-boilerplate	src/main/java/cars/ship/boilerplate/dto/CityRevDto.java	CityRevDto	dto			0	
quarkus-k8s-boilerplate	quarkus-k8s-boilerplate	src/main/java/cars/ship/boilerplate/dto/StateDto.java	StateDto	dto			0	
quarkus-k8s-boilerplate	quarkus-k8s-boilerplate	src/main/java/cars/ship/boilerplate/dto/StateRevDto.java	StateRevDto	dto			0	
quarkus-k8s-boilerplate	quarkus-k8s-boilerplate	src/main/java/cars/ship/boilerplate/dto/CityDto.java	CityDto	dto			0	
quarkus-k8s-boilerplate	quarkus-k8s-boilerplate	src/main/java/cars/ship/boilerplate/dto/pubsub/CommandPubSubDto.java	CommandPubSubDto	dto			0	
quarkus-k8s-boilerplate	quarkus-k8s-boilerplate	src/main/java/cars/ship/boilerplate/entity/StateEntity.java	StateEntity	jpa	BaseDbEntity	states	2	name:String;region:String
quarkus-k8s-boilerplate	quarkus-k8s-boilerplate	src/main/java/cars/ship/boilerplate/entity/CityEntity.java	CityEntity	jpa	BaseDbEntity	cities	1	name:String
quarkus-pubsub	runtime	runtime/src/main/java/ship/cars/quarkus/extensions/pubsub/listener/PubSubMessageMeta.java	PubSubMessageMeta	dto			0	
quarkus-request-filter	runtime	runtime/src/main/java/ship/cars/quarkus/extensions/requestfilter/runtime/filter/PathParams.java	PathParams	dto			0	
quarkus-user-syncer	runtime	runtime/src/main/java/cars/ship/quarkus/extensions/usersyncer/dtos/CompanyDtoWrapper.java	CompanyDtoWrapper	dto			1	company:V2CompanyPubSubDto
quarkus-user-syncer	runtime	runtime/src/main/java/cars/ship/quarkus/extensions/usersyncer/dtos/UserAccountDtoWrapper.java	UserAccountDtoWrapper	dto			1	user:V2UserAccountPubSubDto
quarkus-user-syncer	runtime	runtime/src/main/java/cars/ship/quarkus/extensions/usersyncer/dtos/UserAccountEventDto.java	UserAccountEventDto	dto	EventDto		0	
quarkus-user-syncer	runtime	runtime/src/main/java/cars/ship/quarkus/extensions/usersyncer/dtos/EventDto.java	EventDto	dto			2	action:ServiceEventEnum;entity:T
quarkus-user-syncer	runtime	runtime/src/main/java/cars/ship/quarkus/extensions/usersyncer/dtos/CompanyEventDto.java	CompanyEventDto	dto	EventDto		0	
quote-manager-backend	quote-manager-backend	src/main/java/cars/ship/quotemanager/config/AppConfigImpl.java	AppConfigImpl	dto			34	idHashing:IdHashing;security:Security;db:Db;pubSub:PubSub;postingService:PostingService;userManagement:UserManagement;keycloakAdmin:KeycloakAdmin;unleash:Unleash;waitTime:WaitTime;dataOne:DataOne;corsAllowedOrigins:String[];salt:String;alphabet:String;subscriptions:String[];topics:String[];applicationSchema:String;serverUrl:String;realm:String;clientId:String;clientSecret:String;baseUrl:String;orderCreationUrl:String;fetchBatchOrdersUrl:String;findOrderUrl:String;baseUrl:String;companyEndpoint:String;appName:String;instanceId:String;apiUrl:String;clientSecret:String;toggles:String[];timeoutInMillis:long;baseUrl:String;token:String
quote-manager-backend	quote-manager-backend	src/main/java/cars/ship/quotemanager/application/adapters/out/clients/dto/DistanceDto.java	DistanceDto	dto			2	milesInMeters:Long;miles:String
quote-manager-backend	quote-manager-backend	src/main/java/cars/ship/quotemanager/application/adapters/out/clients/dto/GeoComponentDto.java	GeoComponentDto	dto			3	longName:String;shortName:String;types:String[]
quote-manager-backend	quote-manager-backend	src/main/java/cars/ship/quotemanager/application/adapters/out/clients/dto/DistanceInformationCollectionDto.java	DistanceInformationCollectionDto	dto			4	elements:DistanceInformationDto[];components:GeoComponentDto[];formattedAddress:String;geometry:GeometryDto
quote-manager-backend	quote-manager-backend	src/main/java/cars/ship/quotemanager/application/adapters/out/clients/dto/DistanceInformationDto.java	DistanceInformationDto	dto			2	distanceInformation:DistanceDto;status:String
quote-manager-backend	quote-manager-backend	src/main/java/cars/ship/quotemanager/application/adapters/out/clients/dto/GoogleDistanceResponseDto.java	GoogleDistanceResponseDto	dto			5	destinationAddresses:String[];originAddresses:String[];distanceCollections:DistanceInformationCollectionDto[];geocodingCollections:DistanceInformationCollectionDto[];status:String
quote-manager-backend	quote-manager-backend	src/main/java/cars/ship/quotemanager/application/adapters/out/clients/dto/GeometryDto.java	GeometryDto	dto			1	location:LocationDto
quote-manager-backend	quote-manager-backend	src/main/java/cars/ship/quotemanager/application/adapters/out/clients/dto/LocationDto.java	LocationDto	dto			2	latitude:String;longitude:String
quote-manager-backend	quote-manager-backend	src/main/java/cars/ship/quotemanager/application/adapters/out/clients/dto/providers/common/ProviderVehicleDto.java	ProviderVehicleDto	dto			0	
quote-manager-backend	quote-manager-backend	src/main/java/cars/ship/quotemanager/application/adapters/out/clients/dto/providers/common/ProviderContactDto.java	ProviderContactDto	dto			0	
quote-manager-backend	quote-manager-backend	src/main/java/cars/ship/quotemanager/application/adapters/out/clients/dto/providers/common/ProviderLocationDto.java	ProviderLocationDto	dto			0	
quote-manager-backend	quote-manager-backend	src/main/java/cars/ship/quotemanager/application/adapters/out/clients/dto/providers/common/response/ProviderQuoteResponseDto.java	ProviderQuoteResponseDto	dto			0	
quote-manager-backend	quote-manager-backend	src/main/java/cars/ship/quotemanager/application/adapters/out/clients/dto/providers/common/response/ProviderTransitTimeDto.java	ProviderTransitTimeDto	dto			3	minDays:int;maxDays:int;description:String
quote-manager-backend	quote-manager-backend	src/main/java/cars/ship/quotemanager/application/adapters/out/clients/dto/providers/common/response/ProviderOrderResponseDto.java	ProviderOrderResponseDto	dto			0	
quote-manager-backend	quote-manager-backend	src/main/java/cars/ship/quotemanager/application/adapters/out/clients/dto/providers/common/response/ProviderRateDto.java	ProviderRateDto	dto			0	
quote-manager-backend	quote-manager-backend	src/main/java/cars/ship/quotemanager/application/adapters/out/clients/dto/providers/common/request/ProviderOrderRequestDto.java	ProviderOrderRequestDto	dto			0	
quote-manager-backend	quote-manager-backend	src/main/java/cars/ship/quotemanager/application/adapters/out/clients/dto/providers/common/request/ProviderCancelOrderRequestDto.java	ProviderCancelOrderRequestDto	dto			0	
quote-manager-backend	quote-manager-backend	src/main/java/cars/ship/quotemanager/application/adapters/out/clients/dto/providers/common/request/ProviderQuoteRequestDto.java	ProviderQuoteRequestDto	dto			0	
quote-manager-backend	quote-manager-backend	src/main/java/cars/ship/quotemanager/application/adapters/out/clients/dto/providers/montway/MontwayCustomerContactDto.java	MontwayCustomerContactDto	dto	MontwayBaseContactDto		1	emailAddress:String
quote-manager-backend	quote-manager-backend	src/main/java/cars/ship/quotemanager/application/adapters/out/clients/dto/providers/montway/MontwayResponseDto.java	MontwayResponseDto	dto			4	orderId:String;orderRefId:String;quoteId:String;quoteRefId:String
quote-manager-backend	quote-manager-backend	src/main/java/cars/ship/quotemanager/application/adapters/out/clients/dto/providers/montway/MontwayCancelOrderRequestDto.java	MontwayCancelOrderRequestDto	dto			2	orderId:String;reason:String
quote-manager-backend	quote-manager-backend	src/main/java/cars/ship/quotemanager/application/adapters/out/clients/dto/providers/montway/MontwayMultiVehicleResponseDto.java	MontwayMultiVehicleResponseDto	dto	MontwayQuoteResponseDto		0	
quote-manager-backend	quote-manager-backend	src/main/java/cars/ship/quotemanager/application/adapters/out/clients/dto/providers/montway/MontwayQuoteResponseDto.java	MontwayQuoteResponseDto	dto			4	quoteId:String;quoteRefId:String;expiresAt:ZonedDateTime;transitTime:MontwayTransitTimeDto
quote-manager-backend	quote-manager-backend	src/main/java/cars/ship/quotemanager/application/adapters/out/clients/dto/providers/montway/MontwayVehicleDto.java	MontwayVehicleDto	dto			5	vin:String;year:Integer;make:String;model:String;condition:MontwayRunningConditionEnum
quote-manager-backend	quote-manager-backend	src/main/java/cars/ship/quotemanager/application/adapters/out/clients/dto/providers/montway/MontwayTransportClientDto.java	MontwayTransportClientDto	dto			3	originLocation:String;destinationLocation:String;trailerType:TrailerTypeEnum
quote-manager-backend	quote-manager-backend	src/main/java/cars/ship/quotemanager/application/adapters/out/clients/dto/providers/montway/MontwayBaseContactDto.java	MontwayBaseContactDto	dto			3	firstName:String;lastName:String;phoneNumber:String
quote-manager-backend	quote-manager-backend	src/main/java/cars/ship/quotemanager/application/adapters/out/clients/dto/providers/montway/MontwayPickupDeliveryContactDto.java	MontwayPickupDeliveryContactDto	dto	MontwayBaseContactDto		3	mobileNumber:String;workNumber:String;streetAddress:String
quote-manager-backend	quote-manager-backend	src/main/java/cars/ship/quotemanager/application/adapters/out/clients/dto/providers/montway/MontwaySingleVehicleResponseDto.java	MontwaySingleVehicleResponseDto	dto	MontwayQuoteResponseDto		0	
quote-manager-backend	quote-manager-backend	src/main/java/cars/ship/quotemanager/application/adapters/out/clients/dto/providers/montway/MontwayOrderDto.java	MontwayOrderDto	dto			10	quoteId:String;rateType:String;rateIdentity:String;pickupDate:String;customer:MontwayCustomerContactDto;pickup:MontwayPickupDeliveryContactDto;delivery:MontwayPickupDeliveryContactDto;source:String;customerComment:String;customId:String
quote-manager-backend	quote-manager-backend	src/main/java/cars/ship/quotemanager/application/adapters/out/clients/dto/providers/montway/MontwayRatesDto.java	MontwayRatesDto	dto			5	identity:String;pickupWindow:Integer;payment:String;price:String;label:String
quote-manager-backend	quote-manager-backend	src/main/java/cars/ship/quotemanager/application/adapters/out/clients/dto/providers/montway/MontwayQuoteRequestDto.java	MontwayQuoteRequestDto	dto			5	shippingDate:LocalDate;transport:MontwayTransportClientDto;dually:Boolean;lifted:Boolean;vehicle:MontwayVehicleDto[]
quote-manager-backend	quote-manager-backend	src/main/java/cars/ship/quotemanager/application/adapters/out/clients/dto/providers/montway/MontwayTransitTimeDto.java	MontwayTransitTimeDto	dto			2	shortLabel:String;label:String
quote-manager-backend	quote-manager-backend	src/main/java/cars/ship/quotemanager/application/adapters/out/clients/dto/providers/montway/MontwayPaymentOrderRequestDto.java	MontwayPaymentOrderRequestDto	dto			4	type:String;direction:String;amount:float;note:String
quote-manager-backend	quote-manager-backend	src/main/java/cars/ship/quotemanager/application/adapters/out/clients/dto/usermanagment/CompanyDto.java	CompanyDto	dto			6	email:String;phoneNumber:String;name:String;companyId:String;paymentDetails:StripeDetailsDto;parentCompanyId:String
quote-manager-backend	quote-manager-backend	src/main/java/cars/ship/quotemanager/application/adapters/out/clients/dto/usermanagment/StripeDetailsDto.java	StripeDetailsDto	dto			1	subscriptionName:String
quote-manager-backend	quote-manager-backend	src/main/java/cars/ship/quotemanager/application/adapters/out/pubsub/dto/QuotesReceivedNotificationDto.java	QuotesReceivedNotificationDto	dto			4	action:QuoteManagerActionEnum;timestamp:Instant;companyIds:String[];quote:QuoteDto
quote-manager-backend	quote-manager-backend	src/main/java/cars/ship/quotemanager/application/adapters/out/pubsub/dto/NotificationEventDto.java	NotificationEventDto	dto			4	type:String;event:String;receiver:String[];data:QuoteDto
quote-manager-backend	quote-manager-backend	src/main/java/cars/ship/quotemanager/application/adapters/out/pubsub/dto/SocketMessageActionDto.java	SocketMessageActionDto	dto			0	
quote-manager-backend	quote-manager-backend	src/main/java/cars/ship/quotemanager/application/adapters/out/pubsub/dto/QuoteDto.java	QuoteDto	dto	SocketMessageActionDto		6	providerId:EntityId;providerName:String;providerProfilePictureUrl:String;displayOrder:int;processId:EntityId;quoteDetails:Object
quote-manager-backend	quote-manager-backend	src/main/java/cars/ship/quotemanager/application/adapters/in/web/rest/dto/ProviderApiKeyDto.java	ProviderApiKeyDto	dto			4	id:EntityId;provider:ManagedServiceProviderDto;companyId:String;apiKey:String
quote-manager-backend	quote-manager-backend	src/main/java/cars/ship/quotemanager/application/adapters/in/web/rest/dto/DropdownFieldDto.java	DropdownFieldDto	dto			0	
quote-manager-backend	quote-manager-backend	src/main/java/cars/ship/quotemanager/application/adapters/in/web/rest/dto/QuoteResponseDto.java	QuoteResponseDto	dto			8	processId:EntityId;providerId:EntityId;quoteId:String;quoteRefId:String;expiresAt:ZonedDateTime;transitTime:QuoteResponseTransitTimeDto;vehicles:OrderVehicleInfoDto[];rates:QuoteResponseRatesDto[]
quote-manager-backend	quote-manager-backend	src/main/java/cars/ship/quotemanager/application/adapters/in/web/rest/dto/QuoteRequestWithProviderDto.java	QuoteRequestWithProviderDto	dto	QuoteRequestDto		1	providerId:EntityId
quote-manager-backend	quote-manager-backend	src/main/java/cars/ship/quotemanager/application/adapters/in/web/rest/dto/BookingDetailsCountWrapperDto.java	BookingDetailsCountWrapperDto	dto			1	typeGroups:BookingDetailsGroupInformationDto[]
quote-manager-backend	quote-manager-backend	src/main/java/cars/ship/quotemanager/application/adapters/in/web/rest/dto/VehicleDetailsDto.java	VehicleDetailsDto	dto	OrderVehicleInfoDto		6	priceInCents:Long;lotNumber:String;stockNumber:String;buyerNumber:String;totalRate:Long;shipperExternalId:String
quote-manager-backend	quote-manager-backend	src/main/java/cars/ship/quotemanager/application/adapters/in/web/rest/dto/ContactDto.java	ContactDto	dto			17	id:EntityId;firstName:String;lastName:String;phoneNumber:String;primaryPhoneNotes:String;secondaryPhone:String;secondaryPhoneNotes:String;thirdPhone:String;thirdPhoneNotes:String;workingHours:String;companyName:String;streetAddress:String;locationId:String;city:String;state:String;zipCode:String;emailAddress:String
quote-manager-backend	quote-manager-backend	src/main/java/cars/ship/quotemanager/application/adapters/in/web/rest/dto/QuoteResponseTransitTimeDto.java	QuoteResponseTransitTimeDto	dto			4	min:double;max:double;shortLabel:String;label:String
quote-manager-backend	quote-manager-backend	src/main/java/cars/ship/quotemanager/application/adapters/in/web/rest/dto/PaymentLinkResponseDto.java	PaymentLinkResponseDto	dto			0	
quote-manager-backend	quote-manager-backend	src/main/java/cars/ship/quotemanager/application/adapters/in/web/rest/dto/TransitTimeRequestDto.java	TransitTimeRequestDto	dto			8	pickupStreet:String;pickupCity:String;pickupState:String;pickupZipCode:String;deliveryStreet:String;deliveryCity:String;deliveryState:String;deliveryZipCode:String
quote-manager-backend	quote-manager-backend	src/main/java/cars/ship/quotemanager/application/adapters/in/web/rest/dto/ProvidersPayloadDto.java	ProvidersPayloadDto	dto			3	providers:ManagedServiceProviderDto[];processId:EntityId;processingWaitTime:long
quote-manager-backend	quote-manager-backend	src/main/java/cars/ship/quotemanager/application/adapters/in/web/rest/dto/ManagedServiceProviderDto.java	ManagedServiceProviderDto	dto			8	id:EntityId;name:String;profilePictureUrl:String;createdAt:LocalDateTime;displayOrder:int;settings:ProviderSettingsDto;updatableFields:UpdatableFieldDto[];quotesVehicleAdditionalFields:String[]
quote-manager-backend	quote-manager-backend	src/main/java/cars/ship/quotemanager/application/adapters/in/web/rest/dto/ManagedServiceProviderInternalDto.java	ManagedServiceProviderInternalDto	dto			8	id:EntityId;name:String;profilePictureUrl:String;createdAt:LocalDateTime;displayOrder:int;settings:ProviderSettingsInternalDto;updatableFields:UpdatableFieldDto[];quotesVehicleAdditionalFields:String[]
quote-manager-backend	quote-manager-backend	src/main/java/cars/ship/quotemanager/application/adapters/in/web/rest/dto/TransitTimeDto.java	TransitTimeDto	dto			2	transitDate:LocalDate;transitTime:TransitTimeMinMaxDto
quote-manager-backend	quote-manager-backend	src/main/java/cars/ship/quotemanager/application/adapters/in/web/rest/dto/BookingDetailsDto.java	BookingDetailsDto	dto			23	processId:EntityId;selectedQuoteId:String;transitTime:String;vehicles:OrderVehicleInfoDto[];pickupDate:LocalDate;pickupStreet:String;pickupCity:String;pickupState:String;pickupZipCode:String;deliveryStreet:String;deliveryCity:String;deliveryState:String;deliveryZipCode:String;trailerType:TrailerTypeEnum;selectedProviderId:EntityId;selectedProviderName:String;selectedProviderProfilePictureUrl:String;service:String;priceInCents:Long;chosenIdentity:String;chosenRateType:String;quotes:QuoteDto[];bookingDetailsType:BookingDetailsTypeEnum
quote-manager-backend	quote-manager-backend	src/main/java/cars/ship/quotemanager/application/adapters/in/web/rest/dto/QuoteRequestWithExternalClientDto.java	QuoteRequestWithExternalClientDto	dto	QuoteRequestDto		1	clientExternalId:String
quote-manager-backend	quote-manager-backend	src/main/java/cars/ship/quotemanager/application/adapters/in/web/rest/dto/QuoteResponseRatesDto.java	QuoteResponseRatesDto	dto			5	identity:String;pickupWindow:int;payment:String;price:String;label:String
quote-manager-backend	quote-manager-backend	src/main/java/cars/ship/quotemanager/application/adapters/in/web/rest/dto/CancelOrderDto.java	CancelOrderDto	dto			4	providerId:EntityId;companyId:String;orderRefId:String;reason:String
quote-manager-backend	quote-manager-backend	src/main/java/cars/ship/quotemanager/application/adapters/in/web/rest/dto/BookingDetailsFilterDto.java	BookingDetailsFilterDto	dto			22	pickupStreet:String;pickupCity:String;pickupState:String;pickupZip:String;deliveryStreet:String;deliveryCity:String;deliveryState:String;deliveryZip:String;processId:String;referenceId:String;clientExternalId:String;userId:String;vin:String;year:String;make:String;model:String;statusGroup:BookingDetailsGroupEnum;providerName:String;expiresInLessThanDays:Integer;shippingDateBefore:LocalDate;shippingDateAfter:LocalDate;search:String
quote-manager-backend	quote-manager-backend	src/main/java/cars/ship/quotemanager/application/adapters/in/web/rest/dto/OrderDto.java	OrderDto	dto			10	providerId:EntityId;orderId:String;quoteId:String;rateIdentity:String;processId:EntityId;customer:ContactDto;pickup:ContactDto;delivery:ContactDto;gatepasses:AdditionalVehicleInfoDto[];customerComment:String
quote-manager-backend	quote-manager-backend	src/main/java/cars/ship/quotemanager/application/adapters/in/web/rest/dto/CreateQuoteAndOrderDto.java	CreateQuoteAndOrderDto	dto			9	orderId:String;shipperExternalId:String;shippingDate:LocalDate;customer:ContactDto;pickup:ContactDto;delivery:ContactDto;vehicles:VehicleDetailsDto[];trailerType:TrailerTypeEnum;dispatchInstructions:String
quote-manager-backend	quote-manager-backend	src/main/java/cars/ship/quotemanager/application/adapters/in/web/rest/dto/ProviderSettingsInternalDto.java	ProviderSettingsInternalDto	dto			0	
quote-manager-backend	quote-manager-backend	src/main/java/cars/ship/quotemanager/application/adapters/in/web/rest/dto/PaymentLinkRequestDto.java	PaymentLinkRequestDto	dto			0	
quote-manager-backend	quote-manager-backend	src/main/java/cars/ship/quotemanager/application/adapters/in/web/rest/dto/QuoteRequestDto.java	QuoteRequestDto	dto	QuoteRequestBaseDto		1	vehicles:OrderVehicleInfoDto[]
quote-manager-backend	quote-manager-backend	src/main/java/cars/ship/quotemanager/application/adapters/in/web/rest/dto/QuoteRequestBaseDto.java	QuoteRequestBaseDto	dto			14	pickupDate:LocalDate;pickupStreet:String;pickupCity:String;pickupState:String;pickupZipCode:String;deliveryStreet:String;deliveryCity:String;deliveryState:String;deliveryZipCode:String;trailerType:TrailerTypeEnum;customerName:String;customerEmail:String;customerPhone:String;brokerExternalId:String
quote-manager-backend	quote-manager-backend	src/main/java/cars/ship/quotemanager/application/adapters/in/web/rest/dto/ProviderSettingsDto.java	ProviderSettingsDto	dto			0	
quote-manager-backend	quote-manager-backend	src/main/java/cars/ship/quotemanager/application/adapters/in/web/rest/dto/QuoteSelectedDetailsDto.java	QuoteSelectedDetailsDto	dto			8	providerId:EntityId;quoteId:String;rateType:String;rateIdentity:String;service:String;processId:EntityId;priceInCents:Long;transitTime:String
quote-manager-backend	quote-manager-backend	src/main/java/cars/ship/quotemanager/application/adapters/in/web/rest/dto/PaymentLinkSatusDto.java	PaymentLinkSatusDto	dto			0	
quote-manager-backend	quote-manager-backend	src/main/java/cars/ship/quotemanager/application/adapters/in/web/rest/dto/TransitTimeMinMaxDto.java	TransitTimeMinMaxDto	dto			2	min:int;max:int
quote-manager-backend	quote-manager-backend	src/main/java/cars/ship/quotemanager/application/adapters/in/web/rest/dto/BookingDetailsGroupInformationDto.java	BookingDetailsGroupInformationDto	dto			0	
quote-manager-backend	quote-manager-backend	src/main/java/cars/ship/quotemanager/application/adapters/in/web/rest/dto/UpdatableFieldDto.java	UpdatableFieldDto	dto			0	
quote-manager-backend	quote-manager-backend	src/main/java/cars/ship/quotemanager/application/adapters/in/web/rest/dto/QuoteDto.java	QuoteDto	dto			6	payload:Object;providerId:EntityId;providerName:String;loadId:String;providerProfilePictureUrl:String;displayOrder:int
quote-manager-backend	quote-manager-backend	src/main/java/cars/ship/quotemanager/application/adapters/in/web/rest/dto/common/LoggingRestMessage.java	LoggingRestMessage	dto			2	request:RequestDto;response:ResponseDto
quote-manager-backend	quote-manager-backend	src/main/java/cars/ship/quotemanager/application/adapters/in/web/rest/dto/common/EntityId.java	EntityId	dto			0	
quote-manager-backend	quote-manager-backend	src/main/java/cars/ship/quotemanager/application/adapters/in/web/rest/dto/common/ResponseDto.java	ResponseDto	dto	BaseRequestResponseDto		2	statusCode:String;statusText:String
quote-manager-backend	quote-manager-backend	src/main/java/cars/ship/quotemanager/application/adapters/in/web/rest/dto/common/SortDto.java	SortDto	dto			2	sortBy:String;direction:String
quote-manager-backend	quote-manager-backend	src/main/java/cars/ship/quotemanager/application/adapters/in/web/rest/dto/common/BaseRequestResponseDto.java	BaseRequestResponseDto	dto			2	headers:HttpHeaders;body:Object
quote-manager-backend	quote-manager-backend	src/main/java/cars/ship/quotemanager/application/adapters/in/web/rest/dto/common/RequestDto.java	RequestDto	dto	BaseRequestResponseDto		2	url:String;method:String
quote-manager-backend	quote-manager-backend	src/main/java/cars/ship/quotemanager/application/adapters/in/web/rest/dto/common/PagedResponseDto.java	PagedResponseDto	dto			5	results:D[];totalResults:Long;totalPages:Long;page:PageDto;sorting:SortDto
quote-manager-backend	quote-manager-backend	src/main/java/cars/ship/quotemanager/application/adapters/in/pubsub/dto/VehicleRequestPubSubDto.java	VehicleRequestPubSubDto	dto			8	vin:String;year:Integer;make:String;model:String;bodyType:String;operableType:OperableTypeEnum;dually:Boolean;lifted:Boolean
quote-manager-backend	quote-manager-backend	src/main/java/cars/ship/quotemanager/application/adapters/in/pubsub/dto/ManagedServiceProviderPubSubDto.java	ManagedServiceProviderPubSubDto	dto			11	id:Long;name:String;profilePictureUrl:String;quoteUrl:String;orderUrl:String;sfQuoteUrl:String;sfOrderUrl:String;sfCancelOrderUrl:String;sfProviderId:String;displayOrder:int;defaultAuthConfig:ProviderAuthConfig
quote-manager-backend	quote-manager-backend	src/main/java/cars/ship/quotemanager/application/adapters/in/pubsub/dto/QuoteRequestPubSubDto.java	QuoteRequestPubSubDto	dto	QuoteRequestBaseDto		1	vehicles:VehicleRequestPubSubDto[]
quote-manager-backend	quote-manager-backend	src/main/java/cars/ship/quotemanager/application/adapters/in/pubsub/dto/QuotePubSubDto.java	QuotePubSubDto	dto			5	authConfig:ProviderAuthConfig;requestPayload:QuoteRequestPubSubDto;managedServiceProvider:ManagedServiceProviderPubSubDto;receivers:String[];processId:long
quote-manager-backend	quote-manager-backend	src/main/java/cars/ship/quotemanager/domain/detached/VehicleDetached.java	VehicleDetached	dto	BaseEntityDetached		12	vin:String;year:Integer;make:String;model:String;operableType:OperableTypeEnum;bodyType:String;inventoryUnitId:String;inventoryCreatedAt:Instant;totalRate:Long;shipperExternalId:String;dually:Boolean;lifted:Boolean
quote-manager-backend	quote-manager-backend	src/main/java/cars/ship/quotemanager/domain/detached/ProviderApiKeyDetached.java	ProviderApiKeyDetached	dto	BaseEntityDetached		5	provider:ManagedServiceProviderDetached;companyId:String;authConfig:ProviderAuthConfig;isEnabled:boolean;brokerExternalId:String
quote-manager-backend	quote-manager-backend	src/main/java/cars/ship/quotemanager/domain/detached/ManagedServiceProviderDetached.java	ManagedServiceProviderDetached	dto	BaseEntityDetached		4	name:String;serviceAccountName:String;config:ProviderConfigDetached;displayOrder:int
quote-manager-backend	quote-manager-backend	src/main/java/cars/ship/quotemanager/domain/detached/BaseEntityDetached.java	BaseEntityDetached	dto			4	id:Long;active:Boolean;lastModified:LocalDateTime;createdAt:LocalDateTime
quote-manager-backend	quote-manager-backend	src/main/java/cars/ship/quotemanager/domain/detached/QuoteDetached.java	QuoteDetached	dto	BaseEntityDetached		10	refId:String;loadId:String;orderId:String;orderRefId:String;quoteClientId:String;requestPayload:String;responsePayload:String;bookingDetailsId:long;provider:ManagedServiceProviderDetached;companyId:String
quote-manager-backend	quote-manager-backend	src/main/java/cars/ship/quotemanager/domain/detached/BookingDetailsDetached.java	BookingDetailsDetached	dto	BaseEntityDetached		22	selectedQuoteId:String;transitTime:String;vehicles:VehicleDetached[];quotes:QuoteDetached[];pickupDate:LocalDate;pickupStreet:String;pickupCity:String;pickupState:String;pickupZipCode:String;deliveryStreet:String;deliveryCity:String;deliveryState:String;deliveryZipCode:String;trailerType:TrailerTypeEnum;selectedProvider:ProviderApiKeyDetached;service:String;companyId:String;userId:String;priceInCents:Long;chosenRateType:String;chosenIdentity:String;bookingDetailsType:BookingDetailsTypeEnum
quote-manager-backend	quote-manager-backend	src/main/java/cars/ship/quotemanager/domain/detached/ProviderConfigDetached.java	ProviderConfigDetached	dto			11	profilePictureUrl:String;quoteUrl:String;orderUrl:String;sfQuoteUrl:String;sfOrderUrl:String;sfCancelOrderUrl:String;sfProviderId:String;sfServiceAccountName:String;cancelOrderUrl:String;defaultAuthConfig:ProviderAuthConfig;quotesVehicleAdditionalFields:String[]
quote-manager-backend	quote-manager-backend	src/main/java/cars/ship/quotemanager/domain/detached/QuoteDetachedAndResponse.java	QuoteDetachedAndResponse	dto			2	quote:QuoteDetached;quoteResponse:QuoteResponse
quote-manager-backend	quote-manager-backend	src/main/java/cars/ship/quotemanager/domain/model/ManagedServiceProvider.java	ManagedServiceProvider	jpa	BaseEntity	managed_service_provider	4	name:String;serviceAccountName:String;displayOrder:int;config:ProviderConfigVo
quote-manager-backend	quote-manager-backend	src/main/java/cars/ship/quotemanager/domain/model/ProviderConfigVo.java	ProviderConfigVo	dto			0	
quote-manager-backend	quote-manager-backend	src/main/java/cars/ship/quotemanager/domain/model/ProviderApiKey.java	ProviderApiKey	jpa	BaseEntity	provider_api_key	8	provider:ManagedServiceProvider;companyId:String;enabled:boolean;apiKey:String;clientId:String;clientSecret:String;clientAuthUrl:String;brokerExternalId:String
quote-manager-backend	quote-manager-backend	src/main/java/cars/ship/quotemanager/domain/model/Quote.java	Quote	jpa	BaseEntity	quote	10	bookingDetails:BookingDetails;expiresAt:Instant;refId:String;orderId:String;orderRefId:String;quoteClientId:String;requestPayload:String;responsePayload:String;provider:ManagedServiceProvider;companyId:String
quote-manager-backend	quote-manager-backend	src/main/java/cars/ship/quotemanager/domain/model/Vehicle.java	Vehicle	jpa	BaseEntity	vehicle	7	bookingDetails:BookingDetails;make:String;model:String;operableType:OperableTypeEnum;vin:String;bodyType:String;inventoryUnitId:String
quote-manager-backend	quote-manager-backend	src/main/java/cars/ship/quotemanager/domain/model/BookingDetails.java	BookingDetails	jpa	BaseEntity	booking_details	25	selectedQuoteId:String;transitTime:String;vehicles:Vehicle[];quotes:Quote[];pickupStreet:String;pickupCity:String;pickupState:String;pickupZipCode:String;deliveryStreet:String;deliveryCity:String;deliveryState:String;deliveryZipCode:String;trailerType:TrailerTypeEnum;selectedProvider:ProviderApiKey;service:String;companyId:String;userId:String;chosenRateType:String;chosenIdentity:String;processing:boolean;searchableContent:String;sb:StringBuilder;providerNameAdded:AtomicBoolean;hasOrder:boolean;isExpired:boolean
quote-manager-backend	quote-manager-backend	src/main/java/cars/ship/quotemanager/domain/model/vo/BookingDetailsUpdateVo.java	BookingDetailsUpdateVo	dto			8	processId:long;providerId:long;quoteId:String;price:Long;transitTime:String;rateType:String;rateIdentity:String;service:String
quote-manager-backend	quote-manager-backend	src/main/java/cars/ship/quotemanager/domain/model/vo/QuoteRequestVo.java	QuoteRequestVo	dto			17	pickupDate:LocalDate;pickupStreet:String;pickupCity:String;pickupState:String;pickupZipCode:String;deliveryStreet:String;deliveryCity:String;deliveryState:String;deliveryZipCode:String;customerName:String;customerEmail:String;customerPhone:String;trailerType:TrailerTypeEnum;vehicles:VehicleVo[];providerId:Long;clientExternalId:String;brokerExternalId:String
quote-manager-backend	quote-manager-backend	src/main/java/cars/ship/quotemanager/domain/model/vo/BookingDetailsCreateVo.java	BookingDetailsCreateVo	dto			13	pickupDate:LocalDate;trailerType:TrailerTypeEnum;pickupStreet:String;pickupCity:String;pickupState:String;pickupZipCode:String;deliveryStreet:String;deliveryCity:String;deliveryState:String;deliveryZipCode:String;companyId:String;userId:String;vehicles:VehicleVo[]
quote-manager-backend	quote-manager-backend	src/main/java/cars/ship/quotemanager/domain/model/vo/VehicleRequestPubSubDto.java	VehicleRequestPubSubDto	dto			8	vin:String;year:Integer;make:String;model:String;bodyType:String;operableType:OperableTypeEnum;dually:Boolean;lifted:Boolean
quote-manager-backend	quote-manager-backend	src/main/java/cars/ship/quotemanager/domain/model/vo/CancelOrderVo.java	CancelOrderVo	dto			4	providerId:Long;orderRefId:String;reason:String;companyId:String
quote-manager-backend	quote-manager-backend	src/main/java/cars/ship/quotemanager/domain/model/vo/ContactVo.java	ContactVo	dto			16	firstName:String;lastName:String;phoneNumber:String;primaryPhoneNotes:String;secondaryPhone:String;secondaryPhoneNotes:String;thirdPhone:String;thirdPhoneNotes:String;workingHours:String;companyName:String;city:String;state:String;zipCode:String;streetAddress:String;locationId:String;email:String
quote-manager-backend	quote-manager-backend	src/main/java/cars/ship/quotemanager/domain/model/vo/CompanyVo.java	CompanyVo	dto			4	name:String;email:String;phone:String;subscriptionName:String
quote-manager-backend	quote-manager-backend	src/main/java/cars/ship/quotemanager/domain/model/vo/ManagedServiceProviderPubSubDto.java	ManagedServiceProviderPubSubDto	dto			12	id:Long;name:String;profilePictureUrl:String;quoteUrl:String;orderUrl:String;cancelUrl:String;sfQuoteUrl:String;sfOrderUrl:String;sfProviderId:String;sfCancelOrderUrl:String;displayOrder:int;defaultAuthConfig:ProviderAuthConfig
quote-manager-backend	quote-manager-backend	src/main/java/cars/ship/quotemanager/domain/model/vo/OrderVo.java	OrderVo	dto			21	loadId:String;providerId:long;providerName:String;providerLogoUrl:String;providerServiceAccountName:String;customerOrderId:String;shipperExternalId:String;quoteId:String;rateType:String;rateIdentity:String;pickupDate:LocalDate;processId:long;priceInCents:long;transitTime:String;pickupWindow:int;customer:ContactVo;pickup:ContactVo;delivery:ContactVo;additionalVehiclesInfo:AdditionalVehicleInfoVo[];customerComment:String;trailerType:TrailerTypeEnum
quote-manager-backend	quote-manager-backend	src/main/java/cars/ship/quotemanager/domain/model/vo/PaymentOrderVo.java	PaymentOrderVo	dto			5	providerId:long;companyId:String;orderRefId:String;amountInCents:long;note:String
quote-manager-backend	quote-manager-backend	src/main/java/cars/ship/quotemanager/domain/model/vo/CombinedBookingPayload.java	CombinedBookingPayload	dto			11	loadId:String;providerId:Long;providerName:String;providerLogoUrl:String;providerServiceAccountName:String;orderId:String;orderRefId:String;selectedQuoteId:String;selectedQuoteRateType:String;mustBeDisabled:boolean;currentUserEmail:String
quote-manager-backend	quote-manager-backend	src/main/java/cars/ship/quotemanager/domain/model/vo/GeoDataVo.java	GeoDataVo	dto			2	state:String;city:String
quote-manager-backend	quote-manager-backend	src/main/java/cars/ship/quotemanager/domain/model/vo/OrderResponse.java	OrderResponse	dto			5	orderId:String;orderRefId:String;quoteId:String;quoteRefId:String;serviceAccountName:String
quote-manager-backend	quote-manager-backend	src/main/java/cars/ship/quotemanager/domain/model/vo/QuoteRequestPubSubDto.java	QuoteRequestPubSubDto	dto			15	pickupDate:LocalDate;pickupStreet:String;pickupCity:String;pickupState:String;pickupZipCode:String;deliveryStreet:String;deliveryCity:String;deliveryState:String;deliveryZipCode:String;customerName:String;customerEmail:String;customerPhone:String;brokerExternalId:String;trailerType:TrailerTypeEnum;vehicles:VehicleRequestPubSubDto[]
quote-manager-backend	quote-manager-backend	src/main/java/cars/ship/quotemanager/domain/model/vo/ManagedProviderVo.java	ManagedProviderVo	dto			0	
quote-manager-backend	quote-manager-backend	src/main/java/cars/ship/quotemanager/domain/model/vo/ProviderSettingsVo.java	ProviderSettingsVo	dto			0	
quote-manager-backend	quote-manager-backend	src/main/java/cars/ship/quotemanager/domain/model/vo/ProvidersPayloadVo.java	ProvidersPayloadVo	dto			2	providers:ProviderApiKeyDetached[];processId:long
quote-manager-backend	quote-manager-backend	src/main/java/cars/ship/quotemanager/domain/model/vo/MontwayGatePassInformation.java	MontwayGatePassInformation	dto			8	vin:String;year:String;make:String;model:String;fileUrl:String;buyerNumber:String;lotNumber:String;stockNumber:String
quote-manager-backend	quote-manager-backend	src/main/java/cars/ship/quotemanager/domain/model/vo/VehicleVo.java	VehicleVo	dto			13	id:Long;vin:String;year:Integer;make:String;model:String;bodyType:String;operableType:OperableTypeEnum;inventoryUnitId:String;totalRate:Long;inventoryCreatedAt:Instant;shipperExternalId:String;dually:Boolean;lifted:Boolean
quote-manager-backend	quote-manager-backend	src/main/java/cars/ship/quotemanager/domain/model/vo/MontwayErrorVo.java	MontwayErrorVo	dto			0	
quote-manager-backend	quote-manager-backend	src/main/java/cars/ship/quotemanager/domain/model/vo/QuoteGenerationEvent.java	QuoteGenerationEvent	dto			0	
quote-manager-backend	quote-manager-backend	src/main/java/cars/ship/quotemanager/domain/model/vo/AdditionalVehicleInfoVo.java	AdditionalVehicleInfoVo	dto			16	attachmentId:String;vehicleId:String;lotNumber:String;stockNumber:String;buyerNumber:String;fileUrl:String;vin:String;year:Integer;make:String;model:String;bodyType:String;operableType:OperableTypeEnum;inventoryUnitId:String;inventoryCreatedAt:Instant;totalRate:Long;shipperExternalId:String
quote-manager-backend	quote-manager-backend	src/main/java/cars/ship/quotemanager/domain/model/vo/PostingPayload.java	PostingPayload	dto			11	pickupDate:LocalDate;pickupStreet:String;pickupCity:String;pickupState:String;pickupZipCode:String;deliveryStreet:String;deliveryCity:String;deliveryState:String;deliveryZipCode:String;trailerType:String;vehicles:VehicleVo[]
quote-manager-backend	quote-manager-backend	src/main/java/cars/ship/quotemanager/domain/model/vo/QuoteErrorVo.java	QuoteErrorVo	dto			0	
quote-manager-backend	quote-manager-backend	src/main/java/cars/ship/quotemanager/domain/model/vo/QuoteResponse.java	QuoteResponse	dto			6	quoteId:String;quoteRefId:String;expiresAt:ZonedDateTime;transitTime:TransitTimeVo;vehicle:VehicleVo[];rates:RatesVo[]
quote-manager-backend	quote-manager-backend	src/main/java/cars/ship/quotemanager/domain/model/vo/QuotePubSubDto.java	QuotePubSubDto	dto			6	authConfig:ProviderAuthConfig;requestPayload:QuoteRequestPubSubDto;quoteUrl:String;managedServiceProvider:ManagedServiceProviderPubSubDto;receivers:String[];processId:Long
quote-manager-backend	quote-manager-backend	src/main/java/cars/ship/quotemanager/domain/model/vo/BaseContactVo.java	BaseContactVo	dto			0	
quote-manager-backend	quote-manager-backend	src/main/java/cars/ship/quotemanager/domain/model/vo/ProviderErrorResponseVo.java	ProviderErrorResponseVo	dto			0	
quote-manager-backend	quote-manager-backend	src/main/java/cars/ship/quotemanager/domain/model/vo/MontwayErrorResponseVo.java	MontwayErrorResponseVo	dto			2	errors:MontwayErrorVo[];message:String
quote-manager-backend	quote-manager-backend	src/main/java/cars/ship/quotemanager/domain/model/vo/TransitTimeVo.java	TransitTimeVo	dto			4	min:Double;max:Double;shortLabel:String;label:String
quote-manager-backend	quote-manager-backend	src/main/java/cars/ship/quotemanager/domain/model/vo/RatesVo.java	RatesVo	dto			6	identity:String;pickupWindow:Integer;payment:String;price:String;label:String;name:String
quote-manager-backend	quote-manager-backend	src/main/java/cars/ship/quotemanager/domain/model/vo/QuoteCreateVo.java	QuoteCreateVo	dto			10	requestPayload:String;responsePayload:String;quoteClientId:String;providerId:long;providerName:String;refId:String;bookingDetailsId:long;companyId:String;clientExternalId:String;expiresAt:Instant
quote-manager-backend	quote-manager-backend	src/main/java/cars/ship/quotemanager/domain/model/vo/common/Filter.java	Filter	dto			3	field:String;operator:FilterOperator;value:String
quote-manager-backend	quote-manager-backend	src/main/java/cars/ship/quotemanager/domain/service/BookingDetailsFilter.java	BookingDetailsFilter	dto			23	referenceId:String;clientExternalId:String;processId:String;pickupStreet:String;pickupCity:String;pickupState:String;pickupZip:String;deliveryStreet:String;deliveryCity:String;deliveryState:String;deliveryZip:String;companyId:String;userId:String;vin:String;year:String;make:String;model:String;types:BookingDetailsTypeEnum[];providerName:String;expiresInLessThanDays:Integer;shippingDateBefore:LocalDate;shippingDateAfter:LocalDate;search:String
quote-manager-backend	quote-manager-backend	src/main/java/cars/ship/quotemanager/domain/ports/out/clients/providers/ProviderAuthConfig.java	ProviderAuthConfig	dto			0	
saved-search-handler	api-services	api-services/src/main/java/cars/ship/search/infra/LoadEvent.java	LoadEvent	dto			3	load:LoadDto;consumer:PubSubAckReply;eventId:String
saved-search-handler	api-services	api-services/src/main/java/cars/ship/search/models/SyncSavedSearchCommand.java	SyncSavedSearchCommand	dto			2	savedSearch:SavedSearch;savedSearchOperation:SavedSearchOperation
saved-search-handler	api-services	api-services/src/main/java/cars/ship/search/models/SavedSearchMatch.java	SavedSearchMatch	dto			2	eventId:String;matchingSavedSearchIds:String[]
saved-search-handler	api-services	api-services/src/main/java/cars/ship/search/models/SearchDocument.java	SearchDocument	dto			2	eventId:String;posting:PostingReadDto
saved-search-handler	api-dtos	api-dtos/src/main/java/cars/ship/search/dtos/SavedSearchSyncDto.java	SavedSearchSyncDto	dto			9	id:String;name:String;createTime:Instant;updateTime:Instant;queryParams:String;emailNotification:boolean;userId:String;esQuery:String;tripId:String
saved-search-handler	api-dtos	api-dtos/src/main/java/cars/ship/search/dtos/SavedSearchesCountDto.java	SavedSearchesCountDto	dto			1	count:long
saved-search-handler	api-dtos	api-dtos/src/main/java/cars/ship/search/dtos/SavedSearchDto.java	SavedSearchDto	dto			6	id:String;name:String;queryParams:JsonNode;emailNotification:boolean;createTime:Instant;updateTime:Instant
saved-search-handler	api-dtos	api-dtos/src/main/java/cars/ship/search/dtos/SavedSearchListDto.java	SavedSearchListDto	dto			2	results:SavedSearchDto[];count:long
saved-search-handler	api-dtos	api-dtos/src/main/java/cars/ship/search/dtos/SentEmailDto.java	SentEmailDto	dto			3	userId:String;postingId:String;sentAt:Instant
saved-search-handler	api-dtos	api-dtos/src/main/java/cars/ship/search/dtos/CompanyLabelDto.java	CompanyLabelDto	dto			1	labels:Object[]
saved-search-handler	api-dtos	api-dtos/src/main/java/cars/ship/search/dtos/lb/model/CityRangeFilter.java	CityRangeFilter	dto			3	id:String;name:String;range:Integer
saved-search-handler	api-dtos	api-dtos/src/main/java/cars/ship/search/dtos/lb/model/CityFilter.java	CityFilter	dto			2	id:String;name:String
saved-search-handler	api-dtos	api-dtos/src/main/java/cars/ship/search/dtos/es/ConstantScoreQuery.java	ConstantScoreQuery	dto			1	filter:Filter<T>
saved-search-handler	api-dtos	api-dtos/src/main/java/cars/ship/search/dtos/es/EsPercolateQueryResponse.java	EsPercolateQueryResponse	dto			1	hitsData:HitsData
saved-search-handler	api-dtos	api-dtos/src/main/java/cars/ship/search/dtos/es/PercolateQuery.java	PercolateQuery	dto			2	field:String;documents:T[]
saved-search-handler	api-dtos	api-dtos/src/main/java/cars/ship/search/dtos/es/HitsData.java	HitsData	dto			2	totalHits:TotalHitsData;hits:Hit[]
saved-search-handler	api-dtos	api-dtos/src/main/java/cars/ship/search/dtos/es/Fields.java	Fields	dto			1	documentSlots:Integer[]
saved-search-handler	api-dtos	api-dtos/src/main/java/cars/ship/search/dtos/es/TotalHitsData.java	TotalHitsData	dto			1	count:int
saved-search-handler	api-dtos	api-dtos/src/main/java/cars/ship/search/dtos/es/EsQueryModel.java	EsQueryModel	dto			2	query:Query<T>;storedFields:String[]
saved-search-handler	api-dtos	api-dtos/src/main/java/cars/ship/search/dtos/es/Query.java	Query	dto			1	constantScoreQuery:ConstantScoreQuery<T>
saved-search-handler	api-dtos	api-dtos/src/main/java/cars/ship/search/dtos/es/Hit.java	Hit	dto			2	id:String;fields:Fields
saved-search-handler	api-dtos	api-dtos/src/main/java/cars/ship/search/dtos/es/Filter.java	Filter	dto			1	percolate:PercolateQuery<T>
saved-search-handler	db-entities	db-entities/src/main/java/cars/ship/search/entities/SavedSearchEntity.java	SavedSearchEntity	jpa		saved_searches	9	id:String;name:String;createTime:Instant;updateTime:Instant;queryParams:String;userId:String;emailNotification:boolean;esQuery:String;tripId:String
saved-search-handler	db-entities	db-entities/src/main/java/cars/ship/search/entities/ShipperVerifiedCarrierEntity.java	ShipperVerifiedCarrierEntity	jpa		shipper_verified_carriers	4	shipper:CompanyEntity;carrier:CompanyEntity;shipper:String;carrier:String
saved-search-handler	db-entities	db-entities/src/main/java/cars/ship/search/entities/UserEntity.java	UserEntity	jpa		users	4	id:String;externalUpdateTime:Instant;email:String;company:CompanyEntity
saved-search-handler	db-entities	db-entities/src/main/java/cars/ship/search/entities/CompanyEntity.java	CompanyEntity	jpa		companies	1	id:String
saved-search-handler	commons	commons/src/main/java/cars/ship/search/commons/models/User.java	User	dto			5	id:String;email:String;name:String;companyId:String;subscriptionStatus:String
saved-search-handler	commons	commons/src/main/java/cars/ship/search/commons/models/SavedSearch.java	SavedSearch	dto			9	id:String;name:String;createTime:Instant;updateTime:Instant;queryParams:String;userId:String;emailNotification:boolean;esQuery:String;tripId:String
saved-search-handler	db-syncer	db-syncer/src/main/java/cars/ship/search/sync/models/UmDbCompanyDto.java	UmDbCompanyDto	dto			6	id:String;name:String;email:String;lastModified:Instant;subscriptionName:String;subscriptionStatus:String
saved-search-handler	db-syncer	db-syncer/src/main/java/cars/ship/search/sync/models/UmDbUserDto.java	UmDbUserDto	dto			5	id:String;email:String;name:String;lastModified:Instant;companyId:String
saved-search-handler	db-syncer	db-syncer/src/main/java/cars/ship/search/sync/models/CompanyLabelSyncDto.java	CompanyLabelSyncDto	dto			2	shipperId:String;carrierId:String
spring-commons	spring-data-migration	spring-data-migration/src/main/java/cars/ship/commons/spring/datamigration/impl/DataMigrationServiceImpl.java	DataMigrationServiceImpl	dto			9	dataMigrationVersionRepository:DataMigrationVersionRepository;dataMigrationServices:DataMigration[];applicationEventPublisher:ApplicationEventPublisher;isDataMigrationDone:boolean;repeatDataMigrationVersion:String;timeSpent:StopWatch;version:String;repeat:boolean;dataMigrationVersion:DataMigrationVersion
spring-commons	spring-data-migration	spring-data-migration/src/main/java/cars/ship/commons/spring/datamigration/dbentities/DataMigrationVersion.java	DataMigrationVersion	jpa		data_migration_versions	1	migratedAt:Instant
spring-commons	spring-gcp-storage-client-impl	spring-gcp-storage-client-impl/src/main/java/cars/ship/commons/spring/gcp/storage/dto/FileContentDto.java	FileContentDto	dto			3	bytes:byte[];originalFileName:String;extension:String
spring-commons	spring-error-handling	spring-error-handling/src/main/java/cars/ship/commons/spring/errors/GlobalExceptionHandler.java	GlobalExceptionHandler	dto	ResponseEntityExceptionHandler		28	objectMapper:ObjectMapper;meterRegistry:MeterRegistry;httpStatusToSuppressException:Integer[];errorCodeToSuppressException:Integer[];errorCodeToWarning:Integer[];exceptionToSuppressException:Class<? extends Throwable>[];customErrorDtoTransformer:CustomErrorDtoTransformer<?>;skipSuppress:boolean;addClassNameToMessage:boolean;webSocketsUriPart:String;error:ErrorDto;requestInfo:String;requestUri:String;isWebSocketClosed:boolean;httpStatus:HttpStatus;error:ErrorDto;requestInfo:String;requestUri:String;isWebSocketClosed:boolean;httpStatus:HttpStatus;requestInfo:String;requestUri:String;exceptionMessages:String[];error:ErrorDto;isWebSocketClosed:boolean;errorObj:Object;suppressException:boolean;counter:Counter
spring-commons	spring-pubsub-client-impl	spring-pubsub-client-impl/src/main/java/cars/ship/commons/spring/pubsub/client/impl/PubSubPublisherFactory.java	PubSubPublisherFactory	dto			11	projectId:String;credentialsProvider:CredentialsProvider;executorProvider:ExecutorProvider;channelProvider:TransportChannelProvider;headerProvider:HeaderProvider;retrySettings:RetrySettings;batchingSettings:BatchingSettings;enableMessageOrdering:Boolean;endpoint:String;customizers:PublisherCustomizer[];publisherBuilder:Publisher.Builder
spring-commons	spring-commons	spring-commons/src/main/java/cars/ship/commons/spring/services/TransactionalBatchesExecution.java	BatchConfig	dto			0	
spring-commons	spring-commons	spring-commons/src/main/java/cars/ship/commons/spring/services/DateTimeFetcherService.java	DateTimeFetcherService	dto			3	dateZoneId:String;zonedDateTime:ZonedDateTime;zonedDateTime:ZonedDateTime
spring-commons	spring-rest-api-config	spring-rest-api-config/src/main/java/cars/ship/commons/spring/rest/config/OpenApiV3Config.java	OpenApiV3Config	dto			9	name:String;version:String;description:String;contactUrl:String;contactEmail:String;serverUrl:String;servers:Server[];securityScheme:SecurityScheme;res:OpenAPI
spring-commons	spring-rest-api-config	spring-rest-api-config/src/main/java/cars/ship/commons/spring/rest/config/TrustedEndpointsConfig.java	TrustedEndpointsConfig	dto			11	serverPort:int;maxHttpHeaderSize:int;managementPort:int;trustedPort:int;trustedPaths:String[];additionalConnectors:Connector[];serverProperties:ServerProperties;defaultPorts:Integer[];connector:Connector;protocolHandler:ProtocolHandler;additionalConnectors:Connector[]
spring-commons	spring-rest-api-config	spring-rest-api-config/src/main/java/cars/ship/commons/spring/rest/security/SecurityUser.java	SecurityUser	dto			0	
spring-commons	spring-rest-api-config	spring-rest-api-config/src/main/java/cars/ship/commons/spring/rest/security/WebKeycloakSecurityConfig.java	WebKeycloakSecurityConfig	dto			6	permitAllMvcMatchers:String[];permitAllAntMatchers:String[];corsAllowedOrigins:String[];configuration:CorsConfiguration;source:UrlBasedCorsConfigurationSource;jwtConverter:JwtAuthenticationConverter
spring-commons	spring-rest-api-config	spring-rest-api-config/src/main/java/cars/ship/commons/spring/rest/security/ContextAuthRequestForwardFilter.java	ContextAuthRequestForwardFilter	dto	OncePerRequestFilter		8	path:String;pathContextInfo:PathContextInfo;finalForwardPath:String;parts:String[];companyId:String;userId:String;forwardPath:String;authentication:Authentication
spring-commons	spring-rest-api-config	spring-rest-api-config/src/main/java/cars/ship/commons/spring/rest/security/RequestResponseLoggingFilter.java	RequestResponseLoggingFilter	dto			9	loggingSuppressEndpoints:String[];loggingSuppressEndpointsToLowerCase:String[];loggingSuppressedUrls:String[];req:HttpServletRequest;res:HttpServletResponse;principal:Principal;currentUrl:String;userAgent:String;currentUrl:String
spring-commons	spring-clients	spring-clients/src/main/java/cars/ship/commons/spring/clients/WebClientConfig.java	WebClientConfig	dto			0	
spring-commons	spring-clients	spring-clients/src/main/java/cars/ship/commons/spring/clients/ProxySettings.java	ProxySettings	dto			0	
spring-commons	spring-clients	spring-clients/src/main/java/cars/ship/commons/spring/clients/OAuth2Config.java	OAuth2Config	dto			0	
spring-commons	spring-clients	spring-clients/src/main/java/cars/ship/commons/spring/clients/WebClientCallConfig.java	WebClientCallConfig	dto			0	
spring-commons	spring-clients	spring-clients/src/main/java/cars/ship/commons/spring/clients/WebClientImpl.java	WebClientImpl	dto			54	webClient:WebClient;executionIdCounter:AtomicInteger;requestMap:MultiValueMap<String, String>;buildParamMap:Object[];index:AtomicInteger;values:Object[];key:String;key:String;callConfig:WebClientCallConfig;requestHeadersSpec:RequestHeadersSpec<?>;callConfig:WebClientCallConfig;requestHeadersSpec:RequestHeadersSpec<?>;callConfig:WebClientCallConfig;requestHeadersSpec:RequestHeadersSpec<?>;callConfig:WebClientCallConfig;requestHeadersSpec:RequestHeadersSpec<?>;callConfig:WebClientCallConfig;requestHeadersSpec:RequestHeadersSpec<?>;callConfig:WebClientCallConfig;requestHeadersSpec:RequestHeadersSpec<?>;callConfig:WebClientCallConfig;requestHeadersSpec:RequestHeadersSpec<?>;callConfig:WebClientCallConfig;requestHeadersSpec:RequestHeadersSpec<?>;callConfig:WebClientCallConfig;requestHeadersSpec:RequestHeadersSpec<?>;callConfig:WebClientCallConfig;requestHeadersSpec:RequestHeadersSpec<?>;res:WebClientConfig;res:WebClientCallConfig;executionId:String;mdcData:MdcData;executionId:String;logPrefix:String;retryCounter:AtomicInteger;res:boolean;retry:int;executionIdNum:int;body:String;res:T;contentType:MediaType;logValue:Object;res:Object[];valueStr:String;baseUri:String;logLevel:Level;logger:Logger;baseUri:String;logLevel:Level;logger:Logger;logLevel:Level;logger:Logger;uriBuilder:UriComponentsBuilder;requestHeadersSpec:RequestHeadersSpec<?>
spring-commons	spring-actuator	spring-actuator/src/main/java/cars/ship/commons/spring/actuator/CheckSelfActuatorHealth.java	CheckSelfActuatorHealth	dto			7	mapper:ObjectMapper;webClient:WebClient;actuatorHealthUri:String;health:Object[];status:HttpStatusCode;errorBody:Object[];status:HttpStatusCode
syncer	api-dtos	api-dtos/src/main/java/cars/ship/syncer/dtos/IndexSettings.java	IndexSettings	dto			0	
syncer	api-dtos	api-dtos/src/main/java/cars/ship/syncer/dtos/IndexConfiguration.java	IndexConfiguration	dto			0	
syncer	api-dtos	api-dtos/src/main/java/cars/ship/syncer/dtos/RedisNotificationDto.java	RedisNotificationDto	dto			0	
syncer	api-dtos	api-dtos/src/main/java/cars/ship/syncer/dtos/V3PubSubObjectDto.java	V3PubSubObjectDto	dto	PubSubMessageDto		0	
syncer	api-dtos	api-dtos/src/main/java/cars/ship/syncer/dtos/WebSocketDataDto.java	WebSocketDataDto	dto			5	objectType:String;objectPk:String;action:WebSocketEnums;parentObjectType:String;parentObjectPk:String
syncer	api-dtos	api-dtos/src/main/java/cars/ship/syncer/dtos/SavedSearchReadDto.java	SavedSearchReadDto	dto			2	id:String;query:Object
syncer	api-dtos	api-dtos/src/main/java/cars/ship/syncer/dtos/MetadataMessageObjectDto.java	MetadataMessageObjectDto	dto	PubSubMessageDto		0	
syncer	api-dtos	api-dtos/src/main/java/cars/ship/syncer/dtos/WebSocketDto.java	WebSocketDto	dto			3	event:WebSocketEnums;rooms:String[];data:WebSocketDataDto
syncer	api-dtos	api-dtos/src/main/java/cars/ship/syncer/dtos/SavedSearchDto.java	SavedSearchDto	dto			0	
syncer	api-dtos	api-dtos/src/main/java/cars/ship/syncer/dtos/SyncerStateDto.java	SyncerStateDto	dto			0	
syncer	api-dtos	api-dtos/src/main/java/cars/ship/syncer/dtos/ResyncRequestDto.java	ResyncRequestDto	dto			0	
syncer	api-dtos	api-dtos/src/main/java/cars/ship/syncer/dtos/es/ctms/CtmsOfferDocumentDto.java	CtmsOfferDocumentDto	dto			12	id:String;updateTime:Instant;createTime:Instant;expirationTime:Instant;status:String;offer:CtmsOfferDetailsDocumentDto;companyUserManagementId:String;companyId:String;reviewStatus:String;reviewActorUserManagementId:String;reviewTime:Instant;activityLog:CtmsOfferActivityLogDocumentDto[]
syncer	api-dtos	api-dtos/src/main/java/cars/ship/syncer/dtos/es/ctms/CtmsInspectionConfigurationCustomPhotoDto.java	CtmsInspectionConfigurationCustomPhotoDto	dto			4	id:String;area:String;description:String;localPhotoUri:String
syncer	api-dtos	api-dtos/src/main/java/cars/ship/syncer/dtos/es/ctms/CtmsVehicleDocumentDto.java	CtmsVehicleDocumentDto	dto			57	id:String;attachments:CtmsAttachmentDocumentDto[];type:String;humanType:String;logo:String;m22Damages:CtmsM22DamageDocumentDto[];brokerVehicleId:String;created:Boolean;deleting:Boolean;year:Integer;displayName:String;color:String;buyerNumber:String;lotNumber:String;operable:Boolean;shipperVehicleId:String;specificationsData:CtmsSpecificationsDocumentDto;specificationsYear:Integer;status:String;pickupOdometer:String;deliveryOdometer:String;pickupLocation:GeoPointReadDto;pickupLocationAddress:String;vehicleSketch:String;deliveryLocation:GeoPointReadDto;deliveryLocationAddress:String;pickupNight:Boolean;pickupSnow:Boolean;pickupRain:Boolean;pickupDirty:Boolean;pickupFullName:String;deliveryFullName:String;deliveryExceptions:String;deliveryDriverNotes:String;pickupDriverNotes:String;pickupDate:Instant;pickupNoDamages:Boolean;deliveryDate:Instant;deliveryNoDamages:Boolean;seenByDriverTime:Instant;createTime:Instant;updateTime:Instant;pickupPhotosCount:Integer;deliveryPhotosCount:Integer;activeChangeId:String;activeRevisionId:String;monkInspectionReceived:Boolean;monkInspectionSecret:String;monkInspectionUrlTime:Instant;loadId:String;pickupSignatureDeclineReasonId:String;deliverySignatureDeclineReasonId:String;driverId:String;drivetrain:String;parentVehicleId:String;additionalNotes:String;locationId:String
syncer	api-dtos	api-dtos/src/main/java/cars/ship/syncer/dtos/es/ctms/CtmsM22DamageDocumentDto.java	CtmsM22DamageDocumentDto	dto			7	id:String;type:String;area:String;vehicleId:String;inspectionType:String;severity:String;vehicle:String
syncer	api-dtos	api-dtos/src/main/java/cars/ship/syncer/dtos/es/ctms/CtmsCustomFieldsDocumentDto.java	CtmsCustomFieldsDocumentDto	dto			5	id:String;key:String;createdAt:Instant;lastModified:Instant;restrictionId:String
syncer	api-dtos	api-dtos/src/main/java/cars/ship/syncer/dtos/es/ctms/CtmsInspectionConfigurationDocumentDto.java	CtmsInspectionConfigurationDocumentDto	dto			4	level:Integer;roofPhoto:Boolean;odometerPhoto:Boolean;customPhotos:CtmsInspectionConfigurationCustomPhotoDto[]
syncer	api-dtos	api-dtos/src/main/java/cars/ship/syncer/dtos/es/ctms/CtmsImageDocumentDto.java	CtmsImageDocumentDto	dto			2	fullSize:String;thumbnail:String
syncer	api-dtos	api-dtos/src/main/java/cars/ship/syncer/dtos/es/ctms/CtmsSpecificationsDocumentDto.java	CtmsSpecificationsDocumentDto	dto			4	width:CtmsSpecificationDocumentDto;height:CtmsSpecificationDocumentDto;length:CtmsSpecificationDocumentDto;weight:CtmsSpecificationDocumentDto
syncer	api-dtos	api-dtos/src/main/java/cars/ship/syncer/dtos/es/ctms/CtmsExtraObjectDocumentDto.java	CtmsExtraObjectDocumentDto	dto			11	pk:String;objectType:String;userManagementId:String;recipientsList:String[];initialRecipients:String[];recipient:String;createTime:Instant;status:String;externalId:String;revisionNumber:Integer;shipperLoadId:String
syncer	api-dtos	api-dtos/src/main/java/cars/ship/syncer/dtos/es/ctms/CtmsOrderDocumentDto.java	CtmsOrderDocumentDto	dto			235	id:String;vehicles:CtmsVehicleDocumentDto[];trips:CtmsTripDocumentDto[];activityLog:CtmsActivityLogDocumentDto[];attachments:CtmsAttachmentDocumentDto[];customFields:CtmsCustomFieldsDocumentDto[];distanceImperial:Integer;driverVerificationExpiration:Instant;paymentToCarrier:String;carrierDotNumber:String;paymentHiddenFromDriver:Boolean;forbidVehicleUpdate:Boolean;driverIsActive:Boolean;driverName:String;referral:String;forceDatesEstimation:Boolean;brokerDotNumber:String;shipperDotNumber:String;shipperLogo:String;shipperCity:String;shipperState:String;shipperZip:String;brokerLoadId:String;invoiceNumber:String;canBeClaimed:Boolean;shipperName:String;shipperAddress:String;shipperEmail:String;shipperPhone:String;pricePerMile:Double;inspectionConfiguration:CtmsInspectionConfigurationDocumentDto;locationSharingRequiredByShipper:Boolean;pickupRequestedTimes:String;pickupName:String;pickupContact:String;pickupContactNote:String;pickupAddress:String;pickupAddressLocation:GeoPointReadDto;pickupCity:String;pickupState:String;pickupZip:String;pickupPhone1:String;pickupPhone1Notes:String;pickupPhone1Type:String;pickupPhone2:String;pickupPhone2Notes:String;pickupPhone2Type:String;pickupPhone3:String;pickupPhone3Notes:String;pickupPhone3Type:String;pickupDate:Instant;pickupNoDamages:Boolean;pickupNotes:String;pickupCustomerNotPresent:Boolean;pickupEstimateType:String;pickupEstimateDate:LocalDate;pickupEstimateEndType:String;pickupEstimateEndDate:LocalDate;pickupRequestedDateStart:LocalDate;pickupRequestedDateStartType:String;pickupRequestedDateEnd:LocalDate;pickupRequestedDateEndType:String;pickupContractDateStart:LocalDate;pickupContractDateStartType:String;pickupContractDateEnd:LocalDate;pickupContractDateEndType:String;pickupContactIsPersonal:Boolean;pickupEstimateTimeframe:String;pickupEstimateReason:String;pickupEstimateDateStatus:String;pickupEstimateDateStatusTimestamp:Instant;pickupEmail1:String;pickupEmail2:String;pickupEmail3:String;pickupWorkingTimeStart:String;pickupWorkingTimeEnd:String;deliveryRequestedTimes:String;deliveryName:String;deliveryContact:String;deliveryContactNote:String;deliveryAddress:String;deliveryAddressLocation:GeoPointReadDto;deliveryCity:String;deliveryState:String;deliveryZip:String;deliveryPhone1:String;deliveryPhone1Notes:String;deliveryPhone1Type:String;deliveryPhone2:String;deliveryPhone2Notes:String;deliveryPhone2Type:String;deliveryPhone3:String;deliveryPhone3Notes:String;deliveryPhone3Type:String;deliveryDate:Instant;deliveryNotes:String;deliveryCustomerNotPresent:Boolean;deliveryNoDamages:String;deliveryEstimateType:String;deliveryEstimateDate:LocalDate;deliveryEstimateEndType:String;deliveryEstimateEndDate:LocalDate;deliveryRequestedDateStart:LocalDate;deliveryRequestedDateStartType:String;deliveryRequestedDateEnd:LocalDate;deliveryRequestedDateEndType:String;deliveryContractDateStart:LocalDate;deliveryContractDateStartType:String;deliveryContractDateEnd:LocalDate;deliveryContractDateEndType:String;deliveryContactIsPersonal:Boolean;deliveryEmail1:String;deliveryEmail2:String;deliveryEmail3:String;deliveryWorkingTimeStart:String;deliveryWorkingTimeEnd:String;deliveryEstimateTimeframe:String;deliveryEstimateReason:String;deliveryEstimateDateStatus:String;deliveryEstimateDateStatusTimestamp:Instant;transitTimeEstimatedMin:Integer;transitTimeEstimatedMax:Integer;exclusivityExpirationTime:Instant;postedExternallyTime:Instant;acceptTime:Instant;assignTime:Instant;lastChangeTime:Instant;distance:Integer;lastDispatchGenerateTime:Instant;lastDispatchGenerateUserEmail:String;listedPrice:Double;paymentOnPickup:Double;paymentOnPickupMethod:String;paymentOnDelivery:Double;paymentOnDeliveryMethod:String;paymentTypes:String[];paymentType:String;totalPaymentToCarrier:Double;payables:Double;receivables:Double;paymentTermBusinessDays:Integer;paymentTermBegins:String;paymentMethod:String;paymentNotes:String;actualPaymentOnPickupMethod:String;actualPaymentOnDeliveryMethod:String;customerName:String;customerContact:String;customerDisplayName:String;customerAddress:String;customerCity:String;customerState:String;customerZip:String;customerContactIsPersonal:Boolean;customerEmail:String;customerEmail2:String;customerEmail3:String;customerPhone1:String;customerPhone1Notes:String;customerPhone1Type:String;customerPhone2:String;customerPhone2Notes:String;customerPhone2Type:String;customerPhone3:String;customerPhone3Notes:String;customerPhone3Type:String;customerWorkingTimeStart:Instant;customerWorkingTimeEnd:Instant;accepted:Boolean;forceDriverAssignment:Boolean;labels:String[];canBeBooked:Boolean;ushipCode:String;demo:Boolean;shipperLoadId:String;externalTripId:String;instructions:String;specificLoadRequirements:String;driverInstructions:String;firstAvailableDate:LocalDate;enclosedTrailer:Boolean;dispatchDate:LocalDate;hasBilling:Boolean;createTime:Instant;updateTime:Instant;requestedBolAddressPickup:String;requestedBolAddressDelivery:String;seenByDriverTime:Instant;flags:String[];expirationTime:Instant;invoiceTime:Instant;damagesType:String;starRating:Integer;starRatingExpirationTime:Instant;source:String;sourceSyncStatus:String;performance:Boolean;postedOnCd:Integer;truckNumberRequired:Boolean;truckNumber:String;brokerId:String;shipperId:String;carrierId:String;dispatcherId:String;demoOwnerId:String;activeChangeId:String;activeRevisionId:String;driverId:String;tripId:String;virtualTripName:String;virtualTripId:String;termsAndConditions:String;cancelReason:String;declineReason:String;internalLoadId:String;publicTrackingId:String;carrierName:String;publicTrackingLink:String;pickupWorkingHours:String;deliveryWorkingHours:String;paymentTermCalendarDays:Integer;paymentDueDate:LocalDate;otherReasonText:String;shipperVipLevel:String;driverIdsInBooking:String[];parentOrderId:String;hasSubOrders:boolean;collectPayment:Boolean;geofenceEnabled:Boolean;atgEnabled:Boolean;atgFieldsMasked:Boolean;atgDriverCode:String;deliveryAddressNotCorrect:Boolean;paymentState:String;version:long
syncer	api-dtos	api-dtos/src/main/java/cars/ship/syncer/dtos/es/ctms/CtmsSpecificationDocumentDto.java	CtmsSpecificationDocumentDto	dto			2	max:Double;min:Double
syncer	api-dtos	api-dtos/src/main/java/cars/ship/syncer/dtos/es/ctms/CtmsPostingDocumentDto.java	CtmsPostingDocumentDto	dto			85	id:String;shipperLoadId:String;pickupCity:String;pickupState:String;pickupZip:String;pickupRequestedDateStart:LocalDate;pickupRequestedDateStartType:String;pickupRequestedDateEnd:LocalDate;pickupRequestedDateEndType:String;pickupEstimateTimeframe:String;pickupEstimateReason:String;deliveryCity:String;deliveryState:String;deliveryZip:String;deliveryRequestedDateStart:LocalDate;deliveryRequestedDateStartType:String;deliveryRequestedDateEnd:LocalDate;deliveryRequestedDateEndType:String;deliveryEstimateTimeframe:String;deliveryEstimateReason:String;customerName:String;customerEmail:String;customerEmail2:String;customerEmail3:String;customerPhone1:String;customerPhone1Notes:String;customerPhone1Type:String;customerPhone2:String;customerPhone2Notes:String;customerPhone2Type:String;customerPhone3:String;customerPhone3Notes:String;customerPhone3Type:String;enclosedTrailer:boolean;paymentOnPickup:Double;paymentOnPickupMethod:String;paymentOnDelivery:Double;paymentOnDeliveryMethod:String;totalPaymentToCarrier:Double;paymentTermBusinessDays:Integer;paymentTermBegins:String;paymentMethod:String;distanceImperial:long;distance:Long;pricePerMile:Double;shipperDotNumber:String;shipperName:String;shipperLogo:String;shipperCity:String;shipperState:String;shipperZip:String;shipperAddress:String;shipperEmail:String;shipperPhone:String;shipperUserManagementId:String;shipperId:String;instructions:String;specificLoadRequirements:String;status:String;labels:String[];canBeBooked:boolean;postingReviewActorUserManagementId:String;canBeClaimed:boolean;canBeInstantlyBookedByCarrier:boolean;pickupAddressLocation:GeoPointReadDto;deliveryAddressLocation:GeoPointReadDto;firstAvailableDate:LocalDate;mangledFirstAvailableDate:LocalDate;exclusivityExpirationTime:Instant;premiumOnly:boolean;preferredOnly:boolean;premiumExclusivityExpirationTime:Instant;postedExternallyTime:Instant;hasBilling:boolean;updateTime:Instant;createTime:Instant;trip:CtmsTripDocumentDto;trips:CtmsTripDocumentDto[];vehicles:CtmsPostingVehicleDocumentDto[];vehiclesCount:int;negotiations:CtmsNegotiationDocumentDto[];negotiationsCount:int;isPrivate:boolean;postedToCarriers:String[];paymentTermCalendarDays:Integer
syncer	api-dtos	api-dtos/src/main/java/cars/ship/syncer/dtos/es/ctms/CtmsOfferDetailsDocumentDto.java	CtmsOfferDetailsDocumentDto	dto			9	price:Double;paymentTermBegins:String;offerValidityHours:String;paymentTermBusinessDays:String;paymentTermCalendarDays:String;pickupDate:Object;deliveryDate:Object;reason:String;reasonDescription:String
syncer	api-dtos	api-dtos/src/main/java/cars/ship/syncer/dtos/es/ctms/CtmsTripDocumentDto.java	CtmsTripDocumentDto	dto			3	id:String;carrierUserManagementId:String;name:String
syncer	api-dtos	api-dtos/src/main/java/cars/ship/syncer/dtos/es/ctms/CtmsCompanyInfoDocumentDto.java	CtmsCompanyInfoDocumentDto	dto			3	dotNumber:String;name:String;logo:String
syncer	api-dtos	api-dtos/src/main/java/cars/ship/syncer/dtos/es/ctms/CtmsActivityLogDocumentDto.java	CtmsActivityLogDocumentDto	dto			13	id:String;eventType:String;eventTypeCategory:String;extraObject:CtmsExtraObjectDocumentDto;timestamp:Instant;carrierId:String;brokerId:String;shipperId:String;actorCompanyId:String;orderId:String;loadId:String;actorId:String;comment:String
syncer	api-dtos	api-dtos/src/main/java/cars/ship/syncer/dtos/es/ctms/CtmsAttachmentDocumentDto.java	CtmsAttachmentDocumentDto	dto			28	id:String;file:String;image:CtmsImageDocumentDto;damages:CtmsDamageEntryDocumentDto[];segment:String;convertedTimestamp:String;creatorCompanyId:String;isSharedWithShipper:Boolean;type:String;originalFile:String;height:String;width:String;active:Boolean;shareWithDriver:Boolean;shareWithShipper:Boolean;location:GeoPointReadDto;locationAddress:String;comments:String;createTime:Instant;timestamp:Instant;timezone:String;area:String;description:String;loadId:String;orderId:String;creatorId:String;vehicleId:String;driverOnly:Boolean
syncer	api-dtos	api-dtos/src/main/java/cars/ship/syncer/dtos/es/ctms/CtmsNegotiationDocumentDto.java	CtmsNegotiationDocumentDto	dto			20	id:String;shipperId:String;carrierId:String;carrierUserManagementId:String;shipperUserManagementId:String;lastOffer:CtmsOfferDocumentDto;lastOfferId:String;orderId:String;cancelReason:String;updateTime:Instant;createTime:Instant;isBookAttempt:boolean;originalPrice:String;status:String;carrierInfo:CtmsCompanyInfoDocumentDto;shipperInfo:CtmsCompanyInfoDocumentDto;offers:CtmsOfferDocumentDto[];negotiationState:CtmsNegotiationStateEnum;carrierOfferPrice:Double;carrierOfferStatus:String
syncer	api-dtos	api-dtos/src/main/java/cars/ship/syncer/dtos/es/ctms/CtmsPostingVehicleDocumentDto.java	CtmsPostingVehicleDocumentDto	dto			9	id:String;year:Integer;make:String;model:String;type:String;operable:boolean;url:String;specificationsData:CtmsSpecificationsDocumentDto;drivetrain:String
syncer	api-dtos	api-dtos/src/main/java/cars/ship/syncer/dtos/es/ctms/CtmsOfferActivityLogDocumentDto.java	CtmsOfferActivityLogDocumentDto	dto			4	id:Long;actorUserManagementId:String;status:String;createTime:Instant
syncer	api-dtos	api-dtos/src/main/java/cars/ship/syncer/dtos/es/ctms/CtmsDamageEntryDocumentDto.java	CtmsDamageEntryDocumentDto	dto			6	id:String;type:String;segment:String;timestamp:Instant;location:GeoPointReadDto;attachmentId:String
syncer	services	services/src/main/java/cars/ship/syncer/services/models/LoadboardV3NegotiationEntityRead.java	LoadboardV3NegotiationEntityRead	dto			30	id:String;shipperId:String;carrierId:String;postingId:String;cancelReason:String;updateTime:LocalDateTime;createTime:LocalDateTime;isBookAttempt:Boolean;originalPrice:Double;totalPaymentToCarrier:Double;status:String;offers:V3OfferEntityRead[];id:String;updateTime:LocalDateTime;createTime:LocalDateTime;expirationTime:LocalDateTime;status:String;companyId:String;deliveryDateEnd:LocalDate;deliveryDateStart:LocalDate;paymentTermBusinessDays:Integer;paymentTermCalendarDays:Integer;pickupDateEnd:LocalDate;pickupDateStart:LocalDate;paymentTermBegins:String;price:Double;reason:String;reasonDescription:String;dotNumber:String;name:String
syncer	services	services/src/main/java/cars/ship/syncer/services/models/LoadboardV3PostingEntityRead.java	LoadboardV3PostingEntityRead	dto			85	id:String;shipperLoadId:String;pickupCity:String;pickupState:String;pickupZipCode:String;pickupStartRequestedDate:LocalDate;pickupStartRequestedDateRestriction:String;pickupEndRequestedDate:LocalDate;pickupEndRequestedDateRestriction:String;pickupEstimateReason:String;pickupEstimateTimeframe:String;deliveryCity:String;deliveryState:String;deliveryZipCode:String;deliveryStartRequestedDate:LocalDate;deliveryStartRequestedDateRestriction:String;deliveryEndRequestedDate:LocalDate;deliveryEndRequestedDateRestriction:String;deliveryEstimateReason:String;deliveryEstimateTimeframe:String;customerName:String;customerPrimaryEmail:String;customerSecondaryEmail:String;customerThirdEmail:String;customerPrimaryPhone:String;customerPrimaryPhoneNotes:String;customerPrimaryPhoneType:PhoneType;customerSecondaryPhone:String;customerSecondaryPhoneNotes:String;customerSecondaryPhoneType:PhoneType;customerThirdPhone:String;customerThirdPhoneNotes:String;customerThirdPhoneType:PhoneType;useEnclosedTrailer:Boolean;paymentOnPickup:BigDecimal;paymentMethod:PaymentBillingMethod;paymentOnPickupMethodType:PaymentOnPickupOrDeliveryMethod;paymentOnDelivery:BigDecimal;paymentOnDeliveryMethodType:PaymentOnPickupOrDeliveryMethod;totalPaymentToCarrier:BigDecimal;paymentTermsBusinessDays:Integer;paymentTermsCalendarDays:Integer;paymentTermsBeginsType:PaymentTermsBeginType;specificLoadRequirements:String;createTime:Date;updateTime:Date;externalCreateTime:Date;externalUpdateTime:Date;owner:PostingEntityOwner;premiumExclusivityExpirationTime:LocalDateTime;premiumOnly:Boolean;distance:Long;shipperDotNumber:String;shipperName:String;shipperLogoUrl:String;shipperAddress:String;shipperEmail:String;shipperPhone:String;hasBilling:Boolean;shipperId:String;dispatchInstructions:String;active:Boolean;labels:String;allowInstantBooking:Boolean;firstAvailableDate:LocalDate;mangledFirstAvailableDate:LocalDate;exclusivityExpirationTime:LocalDateTime;postedExternallyTime:LocalDateTime;preferredOnly:Boolean;pickupAddressLocation:GeoPointReadDto;deliveryAddressLocation:GeoPointReadDto;vehicles:VehicleEntityRead[];postedToCarriers:String[];id:String;year:Integer;make:String;model:String;type:VehicleType;drivetrain:String;operable:Boolean;specificationsData:VehicleSpecsEntityRead;height:Double;length:Double;weight:Double;width:Double
syncer	services	services/src/main/java/cars/ship/syncer/services/models/TripLoadEntityReadDto.java	TripLoadEntityReadDto	dto			2	loadId:String;trips:TripEntityReadDto[]
syncer	services	services/src/main/java/cars/ship/syncer/services/models/TripEntityReadDto.java	TripEntityReadDto	dto			3	id:String;name:String;companyId:String
syncer	services	services/src/main/java/cars/ship/syncer/services/models/entity/ctms/CtmsPostingVehicleEntityReadDto.java	CtmsPostingVehicleEntityReadDto	dto			9	id:String;year:Integer;make:String;model:String;type:String;operable:boolean;url:String;specificationsData:CtmsSpecificationsEntityReadDto;drivetrain:String
syncer	services	services/src/main/java/cars/ship/syncer/services/models/entity/ctms/CtmsCompanyInfoEntityReadDto.java	CtmsCompanyInfoEntityReadDto	dto			3	dotNumber:String;name:String;logo:String
syncer	services	services/src/main/java/cars/ship/syncer/services/models/entity/ctms/CtmsOfferDetailsEntityReadDto.java	CtmsOfferDetailsEntityReadDto	dto			9	price:Double;paymentTermBegins:String;offerValidityHours:String;paymentTermBusinessDays:String;paymentTermCalendarDays:String;pickupDate:Object;deliveryDate:Object;reason:String;reasonDescription:String
syncer	services	services/src/main/java/cars/ship/syncer/services/models/entity/ctms/CtmsAttachmentEntityReadDto.java	CtmsAttachmentEntityReadDto	dto			28	id:String;file:String;image:CtmsImageEntityReadDto;damages:CtmsDamageEntryEntityReadDto[];segment:String;convertedTimestamp:String;creatorCompanyId:String;isSharedWithShipper:Boolean;type:String;originalFile:String;height:String;width:String;active:Boolean;shareWithDriver:Boolean;shareWithShipper:Boolean;location:CtmsGeoPointEntityReadDto;locationAddress:String;comments:String;createTime:Date;timestamp:Date;timezone:String;area:String;description:String;loadId:String;orderId:String;creatorId:String;vehicleId:String;driverOnly:Boolean
syncer	services	services/src/main/java/cars/ship/syncer/services/models/entity/ctms/CtmsVehicleEntityReadDto.java	CtmsVehicleEntityReadDto	dto			59	id:String;attachments:CtmsAttachmentEntityReadDto[];type:String;humanType:String;logo:String;m22Damages:CtmsVehicleM22DamagesEntityReadDto[];brokerVehicleId:String;created:Boolean;deleting:Boolean;year:Integer;make:String;model:String;color:String;vin:String;buyerNumber:String;lotNumber:String;operable:Boolean;shipperVehicleId:String;specificationsData:CtmsSpecificationsEntityReadDto;specificationsYear:Integer;status:String;pickupOdometer:String;deliveryOdometer:String;pickupLocation:CtmsGeoPointEntityReadDto;pickupLocationAddress:String;vehicleSketch:String;deliveryLocation:CtmsGeoPointEntityReadDto;deliveryLocationAddress:String;pickupNight:Boolean;pickupSnow:Boolean;pickupRain:Boolean;pickupDirty:Boolean;pickupFullName:String;deliveryFullName:String;deliveryExceptions:String;deliveryDriverNotes:String;pickupDriverNotes:String;pickupDate:Date;pickupNoDamages:Boolean;deliveryDate:Date;deliveryNoDamages:Boolean;seenByDriverTime:Date;createTime:Date;updateTime:Date;pickupPhotosCount:Integer;deliveryPhotosCount:Integer;activeChangeId:String;activeRevisionId:String;monkInspectionReceived:Boolean;monkInspectionSecret:String;monkInspectionUrlTime:Date;loadId:String;pickupSignatureDeclineReasonId:String;deliverySignatureDeclineReasonId:String;driverId:String;drivetrain:String;parentVehicleId:String;additionalNotes:String;locationId:String
syncer	services	services/src/main/java/cars/ship/syncer/services/models/entity/ctms/CtmsTripEntityReadDto.java	CtmsTripEntityReadDto	dto			3	id:String;carrierUserManagementId:String;name:String
syncer	services	services/src/main/java/cars/ship/syncer/services/models/entity/ctms/CtmsSpecificationEntityReadDto.java	CtmsSpecificationEntityReadDto	dto			2	max:Double;min:Double
syncer	services	services/src/main/java/cars/ship/syncer/services/models/entity/ctms/CtmsVehicleM22DamagesEntityReadDto.java	CtmsVehicleM22DamagesEntityReadDto	dto			6	id:String;type:String;area:String;vehicleId:String;inspectionType:String;severity:String
syncer	services	services/src/main/java/cars/ship/syncer/services/models/entity/ctms/CtmsOfferActivityLogEntityReadDto.java	CtmsOfferActivityLogEntityReadDto	dto			4	id:Long;actorUserManagementId:String;status:String;createTime:Date
syncer	services	services/src/main/java/cars/ship/syncer/services/models/entity/ctms/CtmsLoadEntityReadDto.java	CtmsLoadEntityReadDto	dto			231	id:String;url:String;vehicles:CtmsVehicleEntityReadDto[];trips:CtmsTripEntityReadDto[];activityLog:CtmsActivityLogEntityReadDto[];attachments:CtmsAttachmentEntityReadDto[];distanceImperial:Integer;driverVerificationExpiration:Date;paymentToCarrier:String;carrierDotNumber:String;paymentHiddenFromDriver:Boolean;forbidVehicleUpdate:Boolean;driverIsActive:Boolean;driverName:String;referral:String;forceDatesEstimation:Boolean;brokerDotNumber:String;shipperDotNumber:String;shipperLogo:String;shipperCity:String;shipperState:String;shipperZip:String;brokerLoadId:String;invoiceNumber:String;canBeClaimed:Boolean;shipperName:String;shipperAddress:String;shipperEmail:String;shipperPhone:String;pricePerMile:Double;inspectionConfiguration:CtmsInspectionConfigurationEntityReadDto;locationSharingRequiredByShipper:Boolean;pickupRequestedTimes:String;pickupName:String;pickupContact:String;pickupContactNote:String;pickupAddress:String;pickupAddressLocation:CtmsGeoPointEntityReadDto;pickupCity:String;pickupState:String;pickupZip:String;pickupPhone1:String;pickupPhone1Notes:String;pickupPhone1Type:String;pickupPhone2:String;pickupPhone2Notes:String;pickupPhone2Type:String;pickupPhone3:String;pickupPhone3Notes:String;pickupPhone3Type:String;pickupDate:Date;pickupNoDamages:Boolean;pickupNotes:String;pickupCustomerNotPresent:Boolean;pickupEstimateType:String;pickupEstimateDate:Date;pickupEstimateEndType:String;pickupEstimateEndDate:Date;pickupRequestedDateStart:Date;pickupRequestedDateStartType:String;pickupRequestedDateEnd:Date;pickupRequestedDateEndType:String;pickupContractDateStart:Date;pickupContractDateStartType:String;pickupContractDateEnd:Date;pickupContractDateEndType:String;pickupContactIsPersonal:Boolean;pickupEmail1:String;pickupEmail2:String;pickupEmail3:String;pickupWorkingTimeStart:String;pickupWorkingTimeEnd:String;pickupEstimateTimeframe:String;pickupEstimateReason:String;pickupEstimateDateStatus:String;pickupEstimateDateStatusTimestamp:Date;deliveryRequestedTimes:String;deliveryName:String;deliveryContact:String;deliveryContactNote:String;deliveryAddress:String;deliveryAddressLocation:CtmsGeoPointEntityReadDto;deliveryCity:String;deliveryState:String;deliveryZip:String;deliveryPhone1:String;deliveryPhone1Notes:String;deliveryPhone1Type:String;deliveryPhone2:String;deliveryPhone2Notes:String;deliveryPhone2Type:String;deliveryPhone3:String;deliveryPhone3Notes:String;deliveryPhone3Type:String;deliveryDate:Date;deliveryNotes:String;deliveryCustomerNotPresent:Boolean;deliveryNoDamages:String;deliveryEstimateType:String;deliveryEstimateDate:Date;deliveryEstimateEndType:String;deliveryEstimateEndDate:Date;deliveryRequestedDateStart:Date;deliveryRequestedDateStartType:String;deliveryRequestedDateEnd:Date;deliveryRequestedDateEndType:String;deliveryContractDateStart:Date;deliveryContractDateStartType:String;deliveryContractDateEnd:Date;deliveryContractDateEndType:String;deliveryContactIsPersonal:Boolean;deliveryEmail1:String;deliveryEmail2:String;deliveryEmail3:String;deliveryWorkingTimeStart:String;deliveryWorkingTimeEnd:String;deliveryEstimateTimeframe:String;deliveryEstimateReason:String;deliveryEstimateDateStatus:String;deliveryEstimateDateStatusTimestamp:Date;transitTimeEstimatedMin:Integer;transitTimeEstimatedMax:Integer;exclusivityExpirationTime:Date;postedExternallyTime:Date;acceptTime:Date;assignTime:Date;lastChangeTime:Date;distance:Integer;lastDispatchGenerateTime:Date;lastDispatchGenerateUserEmail:String;listedPrice:Double;paymentOnPickup:Double;paymentOnPickupMethod:String;paymentOnDelivery:Double;paymentOnDeliveryMethod:String;totalPaymentToCarrier:Double;paymentTermBusinessDays:Integer;paymentTermBegins:String;paymentMethod:String;paymentNotes:String;actualPaymentOnPickupMethod:String;actualPaymentOnDeliveryMethod:String;customerName:String;customerContact:String;customerAddress:String;customerCity:String;customerState:String;customerZip:String;customerContactIsPersonal:Boolean;customerEmail:String;customerEmail2:String;customerEmail3:String;customerPhone1:String;customerPhone1Notes:String;customerPhone1Type:String;customerPhone2:String;customerPhone2Notes:String;customerPhone2Type:String;customerPhone3:String;customerPhone3Notes:String;customerPhone3Type:String;customerWorkingTimeStart:Date;customerWorkingTimeEnd:Date;accepted:Boolean;forceDriverAssignment:Boolean;labels:String[];canBeBooked:Boolean;ushipCode:String;demo:Boolean;shipperLoadId:String;externalTripId:String;instructions:String;specificLoadRequirements:String;driverInstructions:String;status:String;firstAvailableDate:Date;enclosedTrailer:Boolean;dispatchDate:Date;hasBilling:Boolean;createTime:Date;updateTime:Date;requestedBolAddressPickup:String;requestedBolAddressDelivery:String;seenByDriverTime:Date;flags:String[];resolution:String;expirationTime:Date;invoiceTime:Date;damagesType:String;starRating:Integer;starRatingExpirationTime:Date;source:String;sourceSyncStatus:String;performance:Boolean;shipperMeta:Object;postedOnCd:Integer;truckNumberRequired:Boolean;truckNumber:String;brokerId:String;shipperId:String;carrierId:String;dispatcherId:String;demoOwnerId:String;activeChangeId:String;activeRevisionId:String;driverId:String;tripId:String;virtualTripName:String;virtualTripId:String;termsAndConditions:String;cancelReason:String;declineReason:String;internalLoadId:String;publicTrackingId:String;carrierName:String;publicTrackingLink:String;pickupWorkingHours:String;deliveryWorkingHours:String;paymentTermCalendarDays:Integer;otherReasonText:String;shipperVipLevel:String;driverIdsInBooking:String[];parentOrderId:String;hasSubOrders:boolean;collectPayment:Boolean;geofenceEnabled:Boolean;atgEnabled:Boolean;atgFieldsMasked:Boolean;atgDriverCode:String;deliveryAddressNotCorrect:Boolean;paymentState:String
syncer	services	services/src/main/java/cars/ship/syncer/services/models/entity/ctms/CtmsDamageEntryEntityReadDto.java	CtmsDamageEntryEntityReadDto	dto			6	id:String;type:String;segment:String;timestamp:Date;location:CtmsGeoPointEntityReadDto;attachmentId:String
syncer	services	services/src/main/java/cars/ship/syncer/services/models/entity/ctms/CtmsInspectionConfigurationEntityReadDto.java	CtmsInspectionConfigurationEntityReadDto	dto			4	level:Integer;roofPhoto:Boolean;odometerPhoto:Boolean;customPhotos:CtmsInspectionConfigurationCustomPhotoEntityReadDto[]
syncer	services	services/src/main/java/cars/ship/syncer/services/models/entity/ctms/CtmsImageEntityReadDto.java	CtmsImageEntityReadDto	dto			2	fullSize:String;thumbnail:String
syncer	services	services/src/main/java/cars/ship/syncer/services/models/entity/ctms/MetadataEntityReadDto.java	MetadataEntityReadDto	dto			7	id:String;loadId:String;key:String;value:String;restrictionId:String;createdAt:Instant;lastModified:Instant
syncer	services	services/src/main/java/cars/ship/syncer/services/models/entity/ctms/CtmsActivityLogEntityReadDto.java	CtmsActivityLogEntityReadDto	dto			13	id:String;eventType:String;eventTypeCategory:String;extraObject:CtmsExtraObjectEntityReadDto;timestamp:Date;carrierId:String;brokerId:String;shipperId:String;actorCompanyId:String;orderId:String;loadId:String;actorId:String;comment:String
syncer	services	services/src/main/java/cars/ship/syncer/services/models/entity/ctms/CtmsOfferEntityReadDto.java	CtmsOfferEntityReadDto	dto			12	id:String;updateTime:Date;createTime:Date;expirationTime:Date;status:String;offer:CtmsOfferDetailsEntityReadDto;companyUserManagementId:String;companyId:String;reviewStatus:String;reviewActorUserManagementId:String;reviewTime:Date;activityLog:CtmsOfferActivityLogEntityReadDto[]
syncer	services	services/src/main/java/cars/ship/syncer/services/models/entity/ctms/CtmsSpecificationsEntityReadDto.java	CtmsSpecificationsEntityReadDto	dto			4	width:CtmsSpecificationEntityReadDto;height:CtmsSpecificationEntityReadDto;length:CtmsSpecificationEntityReadDto;weight:CtmsSpecificationEntityReadDto
syncer	services	services/src/main/java/cars/ship/syncer/services/models/entity/ctms/CtmsExtraObjectEntityReadDto.java	CtmsExtraObjectEntityReadDto	dto			11	pk:String;objectType:String;userManagementId:String;recipientsList:String[];initialRecipients:String[];recipient:String;createTime:Instant;status:String;externalId:String;revisionNumber:Integer;shipperLoadId:String
syncer	services	services/src/main/java/cars/ship/syncer/services/models/entity/ctms/CtmsNegotiationEntityReadDto.java	CtmsNegotiationEntityReadDto	dto			18	id:String;shipperId:String;carrierId:String;carrierUserManagementId:String;shipperUserManagementId:String;lastOffer:CtmsOfferEntityReadDto;lastOfferId:String;orderId:String;cancelReason:String;updateTime:Date;createTime:Date;isBookAttempt:boolean;originalPrice:String;loadPrice:Double;status:String;carrierInfo:CtmsCompanyInfoEntityReadDto;shipperInfo:CtmsCompanyInfoEntityReadDto;offers:CtmsOfferEntityReadDto[]
syncer	services	services/src/main/java/cars/ship/syncer/services/models/entity/ctms/CtmsInspectionConfigurationCustomPhotoEntityReadDto.java	CtmsInspectionConfigurationCustomPhotoEntityReadDto	dto			4	id:String;area:String;description:String;localPhotoUri:String
syncer	services	services/src/main/java/cars/ship/syncer/services/models/entity/ctms/CtmsGeoPointEntityReadDto.java	CtmsGeoPointEntityReadDto	dto			2	lat:double;lon:double
syncer	services	services/src/main/java/cars/ship/syncer/services/models/entity/ctms/CtmsPostingEntityReadDto.java	CtmsPostingEntityReadDto	dto			85	id:String;shipperLoadId:String;pickupCity:String;pickupState:String;pickupZip:String;pickupRequestedDateStart:Date;pickupRequestedDateStartType:String;pickupRequestedDateEnd:Date;pickupRequestedDateEndType:String;pickupEstimateTimeframe:String;pickupEstimateReason:String;deliveryCity:String;deliveryState:String;deliveryZip:String;deliveryRequestedDateStart:Date;deliveryRequestedDateStartType:String;deliveryRequestedDateEnd:Date;deliveryRequestedDateEndType:String;deliveryEstimateTimeframe:String;deliveryEstimateReason:String;customerName:String;customerEmail:String;customerEmail2:String;customerEmail3:String;customerPhone1:String;customerPhone1Notes:String;customerPhone1Type:String;customerPhone2:String;customerPhone2Notes:String;customerPhone2Type:String;customerPhone3:String;customerPhone3Notes:String;customerPhone3Type:String;enclosedTrailer:boolean;paymentOnPickup:Double;paymentOnPickupMethod:String;paymentOnDelivery:Double;paymentOnDeliveryMethod:String;totalPaymentToCarrier:Double;paymentTermBusinessDays:Integer;paymentTermBegins:String;paymentMethod:String;distanceImperial:int;distance:Long;pricePerMile:Double;shipperDotNumber:String;shipperName:String;shipperLogo:String;shipperCity:String;shipperState:String;shipperZip:String;shipperAddress:String;shipperEmail:String;shipperPhone:String;shipperUserManagementId:String;shipperId:String;instructions:String;specificLoadRequirements:String;status:String;labels:String[];canBeBooked:boolean;postingReviewActorUserManagementId:String;canBeClaimed:boolean;canBeInstantlyBookedByCarrier:boolean;pickupAddressLocation:CtmsGeoPointEntityReadDto;deliveryAddressLocation:CtmsGeoPointEntityReadDto;firstAvailableDate:Date;mangledFirstAvailableDate:Date;exclusivityExpirationTime:Date;premiumOnly:boolean;preferredOnly:boolean;premiumExclusivityExpirationTime:Date;postedExternallyTime:Date;hasBilling:boolean;updateTime:Date;createTime:Date;trip:CtmsTripEntityReadDto;trips:CtmsTripEntityReadDto[];vehicles:CtmsPostingVehicleEntityReadDto[];vehiclesCount:int;negotiations:CtmsNegotiationEntityReadDto[];negotiationsCount:int;isPrivate:boolean;postedToCarriers:String[];paymentTermCalendarDays:Integer
syncer	services	services/src/main/java/cars/ship/syncer/services/models/es/LoadLocationLogDocumentDto.java	LoadLocationLogDocumentDto	dto			9	id:String;loadId:String;location:GeoPointReadDto;status:String;driverId:String;carrierId:String;shipperId:String;shipperLoadId:String;createdAt:Instant
syncer	services	services/src/main/java/cars/ship/syncer/services/es/impl/BulkContext.java	BulkContext	dto			0	
synclink-backend	synclink-backend	src/main/java/cars/ship/synclink/dto/SyncResult.java	SyncResult	dto			4	totalProcessed:Integer;successCount:Integer;failureCount:Integer;skippedCount:Integer
synclink-backend	synclink-backend	src/main/java/cars/ship/synclink/dto/BulkLoadStateResponse.java	BulkLoadStateResponse	dto			5	totalReceived:int;successCount:int;unchangedCount:int;failureCount:int;results:LoadStateUpsertResult[]
synclink-backend	synclink-backend	src/main/java/cars/ship/synclink/dto/LoadSearchResponse.java	LoadSearchResponse	dto			6	content:LoadSearchItem[];totalElements:int;id:String;shipperLoadId:String;status:LoadLegStatusEnum;lastModified:Instant
synclink-backend	synclink-backend	src/main/java/cars/ship/synclink/dto/LoadStateUpdateRequest.java	LoadStateUpdateRequest	dto			1	orders:SuperDispatchOrderDto[]
synclink-backend	synclink-backend	src/main/java/cars/ship/synclink/dto/LoadStateUpsertResult.java	LoadStateUpsertResult	dto			4	loadId:String;status:String;message:String;errorDetails:String
synclink-backend	synclink-backend	src/main/java/cars/ship/synclink/dto/superdispatch/SuperDispatchOrderDto.java	SuperDispatchOrderDto	dto			216	isActive:Boolean;createdAt:OffsetDateTime;changedAt:OffsetDateTime;id:Long;inspectionType:String;hasLoads:Boolean;isLoad:Boolean;hasLegs:Boolean;isLeg:Boolean;isBrokersOrder:Boolean;lastRevisionId:Long;status:String;isStatusChangedManually:Boolean;isInstantDispatchAvailable:Boolean;isInstantlyDispatched:Boolean;instantDispatchDetails:String;importedSystemId:String;importSource:String;purchaseOrderNumber:String;user:User;dispatcherUserId:Long;dispatcherName:String;salesRepresentative:String;activeOffer:Object;customerInvoices:Object[];number:String;price:BigDecimal;pricePerKm:BigDecimal;recommendedPrice:BigDecimal;isPostedToCentraldispatch:Boolean;isPostedToLoadboard:Boolean;postedToLoadboardAt:OffsetDateTime;canBeInstantlyBooked:Boolean;isFlagged:Boolean;isOnHold:Boolean;brokerFee:BigDecimal;buyerNumber:String;instructions:String;loadboardInstructions:String;carrierOrderGuid:String;isArchived:Boolean;offerCarrierName:String;offerDeclineReasons:Object;offerDeclineComment:String;payment:Payment;customerPayment:CustomerPayment;invoice:Invoice;customerInvoice:CustomerInvoice;pickup:Location;delivery:Location;customer:Customer;dispatchSheetUrl:String;pdfBolUrl:String;pdfBolUrlWithTemplate:String;pdfDeliveryReceiptUrl:String;onlineBolUrl:String;attachments:Attachment[];vehicles:Vehicle[];guid:String;carrierGuid:String;distanceMeters:Long;distanceDurationSeconds:Long;transportType:String;deliveryVerificationStatus:String;offerCancelReasons:String[];offerCancelComment:String;isOfferCanceledByCarrier:Boolean;isCanceledByCustomer:Boolean;isViewed:Boolean;privateNetworkGroups:Object[];tags:Object[];escalations:Object;brokersOrder:Boolean;pending:Boolean;archived:Boolean;importedFromCentralDispatch:Boolean;isDemo:Boolean;isPostedToPrivateLoadboard:Boolean;isActive:Boolean;createdAt:OffsetDateTime;changedAt:OffsetDateTime;id:Long;username:String;email:String;phone:String;firstName:String;lastName:String;isSuperuser:Boolean;isEmailNotificationsEnabled:Boolean;isInternalSdUser:Boolean;guid:String;isApiUser:Boolean;terms:String;notes:String;method:String;amount:BigDecimal;referenceNumber:String;sentDate:OffsetDateTime;tariff:BigDecimal;deposit:BigDecimal;amount:BigDecimal;terms:String;notes:String;method:String;referenceNumber:String;receivedDate:OffsetDateTime;url:String;number:String;date:String;adjustedInvoiceDate:String;sentDate:String;isCarrierRequestedSuperpay:Boolean;number:String;date:String;sentDate:String;firstAvailablePickupDate:OffsetDateTime;scheduledAt:OffsetDateTime;scheduledAtByCarrier:OffsetDateTime;scheduledEndsAt:OffsetDateTime;scheduledAtByCustomer:OffsetDateTime;scheduledEndsAtByCustomer:OffsetDateTime;adjustedDate:OffsetDateTime;notes:String;dateType:String;completedAt:OffsetDateTime;latitude:Double;longitude:Double;venue:Venue;counterpartyGuid:String;counterpartyType:String;saveAsNew:Boolean;saveAsNewContact:Boolean;name:String;businessType:String;address:String;city:String;state:String;zip:String;contactName:String;contactTitle:String;contactEmail:String;contactPhone:String;contactMobilePhone:String;name:String;businessType:String;address:String;city:String;state:String;zip:String;phone:String;email:String;contactName:String;notes:String;contactTitle:String;contactEmail:String;contactPhone:String;contactMobilePhone:String;counterpartyGuid:String;billTheDelivery:Boolean;saveAsNew:Boolean;saveAsNewContact:Boolean;counterpartyContactGuid:String;isActive:Boolean;createdAt:OffsetDateTime;changedAt:OffsetDateTime;id:Long;name:String;url:String;contentType:String;isPrivate:Boolean;isSharedWithCustomer:Boolean;isSharedWithCarrier:Boolean;sharedBy:String;isReadOnly:Boolean;guid:String;privateFlag:Boolean;isActive:Boolean;createdAt:OffsetDateTime;changedAt:OffsetDateTime;id:Long;status:String;lastRevisionId:Long;make:String;model:String;year:Integer;color:String;vin:String;vinShort:String;price:BigDecimal;tariff:BigDecimal;type:String;lotNumber:String;isInoperable:Boolean;isModified:Boolean;curbWeight:String;curbWeightUnit:String;isDamaged:Boolean;inspectionType:String;requiresEnclosedTrailer:Boolean;pickup:VehicleStatus;delivery:VehicleStatus;driver:Driver;isDriveaway:Boolean;photos:Object[];pdfBolUrl:String;guid:String;doors:Integer;height:String;length:String;width:String;etaInformation:Object;parentVehicleGuid:String;completedAt:OffsetDateTime;name:String;phone:String;signature:String
synclink-backend	synclink-backend	src/main/java/cars/ship/synclink/entity/LoadStateEntity.java	LoadStateEntity	jpa	BaseDbEntity	load_state	10	loadId:String;referenceId:String;companyId:String;userId:String;lastPayloadJson:String;currentHash:String;lastPostedHash:String;lastUpdatedAt:OffsetDateTime;lastPostedAt:OffsetDateTime;lastPostingStatus:String
toolbox-service	db-entities	db-entities/src/main/java/cars/ship/toolbox/entities/LinkEntity.java	LinkEntity	jpa		links	1	link:String
trip-planner	api-dtos	api-dtos/src/main/java/cars/ship/planner/dtos/TripStopsDto.java	TripStopsDto	dto			2	stops:TripStopDto[];vault:TripStopDto[]
trip-planner	api-dtos	api-dtos/src/main/java/cars/ship/planner/dtos/LocationDto.java	LocationDto	dto			4	city:String;state:String;zip:String;location:GeoPointDto
trip-planner	api-dtos	api-dtos/src/main/java/cars/ship/planner/dtos/TripStopDto.java	TripStopDto	dto			2	tripLoadId:String;type:StopTypeDto
trip-planner	api-dtos	api-dtos/src/main/java/cars/ship/planner/dtos/RangeDto.java	RangeDto	dto			2	start:T;end:T
trip-planner	api-dtos	api-dtos/src/main/java/cars/ship/planner/dtos/out/TripPubSubDto.java	TripPubSubDto	dto			6	tripId:String;action:TripUpdateAction;loadId:String;tripName:String;carrierId:String;loadIds:String[]
trip-planner	api-dtos	api-dtos/src/main/java/cars/ship/planner/dtos/out/DateRangeDto.java	DateRangeDto	dto			2	start:LocalDate;end:LocalDate
trip-planner	api-dtos	api-dtos/src/main/java/cars/ship/planner/dtos/out/TripDto.java	TripDto	dto			17	id:String;name:String;status:TripStatusDto;capacity:int;driver:UserDto;origin:LocationDto;destination:LocationDto;revenue:double;route:RouteDto;plan:SlotDto[];loads:TripLoadDto[];stops:TripStopReadDto[];vault:TripStopReadDto[];emailNotificationsEnabled:boolean;canBeArchived:boolean;startDate:LocalDate;endDate:LocalDate
trip-planner	api-dtos	api-dtos/src/main/java/cars/ship/planner/dtos/out/CountDto.java	CountDto	dto			1	count:long
trip-planner	api-dtos	api-dtos/src/main/java/cars/ship/planner/dtos/out/TripLoadDto.java	TripLoadDto	dto			11	id:String;loadId:String;shipperLoadId:String;pickupCity:LocationDto;deliveryCity:LocationDto;pickupRange:DateRangeDto;deliveryRange:DateRangeDto;vehiclesCount:Integer;status:TripLoadDtoStatus;totalPaymentToCarrier:Double;notes:String
trip-planner	api-dtos	api-dtos/src/main/java/cars/ship/planner/dtos/out/SpotDto.java	SpotDto	dto			5	startMile:double;endMile:double;tripLoadId:String;type:SpotTypeDto;vcgIds:Integer[]
trip-planner	api-dtos	api-dtos/src/main/java/cars/ship/planner/dtos/out/TripSyncDto.java	TripSyncDto	dto			5	tripId:String;action:TripUpdateAction;tripName:String;carrierId:String;carrierTripId:Long
trip-planner	api-dtos	api-dtos/src/main/java/cars/ship/planner/dtos/out/RouteDto.java	RouteDto	dto			3	polyline:String;totalDistanceMiles:double;legs:LegDto[]
trip-planner	api-dtos	api-dtos/src/main/java/cars/ship/planner/dtos/out/LegDto.java	LegDto	dto			3	miles:double;startLocation:GeoPointDto;endLocation:GeoPointDto
trip-planner	api-dtos	api-dtos/src/main/java/cars/ship/planner/dtos/out/TripStopReadDto.java	TripStopReadDto	dto			3	tripLoadId:String;type:StopTypeDto;location:GeoPointDto
trip-planner	api-dtos	api-dtos/src/main/java/cars/ship/planner/dtos/out/GeoPointDto.java	GeoPointDto	dto			2	latitude:double;longitude:double
trip-planner	api-dtos	api-dtos/src/main/java/cars/ship/planner/dtos/out/UserDto.java	UserDto	dto			3	id:String;fullName:String;profilePicture:String
trip-planner	api-dtos	api-dtos/src/main/java/cars/ship/planner/dtos/out/SlotDto.java	SlotDto	dto			2	exceedingCapacity:boolean;spots:SpotDto[]
trip-planner	api-dtos	api-dtos/src/main/java/cars/ship/planner/dtos/out/list/TripListDto.java	TripListDto	dto			16	id:String;name:String;status:TripStatusDto;capacity:int;driver:UserDto;origin:LocationDto;destination:LocationDto;dateStart:LocalDate;loads:TripLoadListDto[];revenue:double;createTime:Instant;updateTime:Instant;emailNotificationsEnabled:boolean;canBeArchived:boolean;startDate:LocalDate;endDate:LocalDate
trip-planner	api-dtos	api-dtos/src/main/java/cars/ship/planner/dtos/out/list/TripLoadListDto.java	TripLoadListDto	dto			2	id:String;status:TripLoadDtoStatus
trip-planner	api-dtos	api-dtos/src/main/java/cars/ship/planner/dtos/in/api/LoadCandidateDto.java	LoadCandidateDto	dto			0	
trip-planner	api-dtos	api-dtos/src/main/java/cars/ship/planner/dtos/in/api/UpdateTripDto.java	UpdateTripDto	dto			6	name:String;capacity:Integer;origin:LocationDto;destination:LocationDto;startDate:LocalDate;endDate:LocalDate
trip-planner	api-dtos	api-dtos/src/main/java/cars/ship/planner/dtos/in/api/TripEmailSettingsDto.java	TripEmailSettingsDto	dto			1	enabled:boolean
trip-planner	api-dtos	api-dtos/src/main/java/cars/ship/planner/dtos/in/api/CreateTripDto.java	CreateTripDto	dto			6	name:String;capacity:Integer;origin:LocationDto;destination:LocationDto;startDate:LocalDate;endDate:LocalDate
trip-planner	api-dtos	api-dtos/src/main/java/cars/ship/planner/dtos/in/api/CreateTripLoadDto.java	CreateTripLoadDto	dto			0	
trip-planner	api-dtos	api-dtos/src/main/java/cars/ship/planner/dtos/in/api/ValuesDto.java	ValuesDto	dto			1	values:T[]
trip-planner	api-dtos	api-dtos/src/main/java/cars/ship/planner/dtos/in/api/ValueDto.java	ValueDto	dto			0	
trip-planner	api-dtos	api-dtos/src/main/java/cars/ship/planner/dtos/in/api/TransferTripDto.java	TransferTripDto	dto			0	
trip-planner	db-entities	db-entities/src/main/java/cars/ship/planner/entities/RouteEntity.java	RouteEntity	other			3	polyline:String;totalDistanceMiles:double;legs:LegEntity[]
trip-planner	db-entities	db-entities/src/main/java/cars/ship/planner/entities/TripSavedSearchUpdateEntity.java	TripSavedSearchUpdateEntity	jpa		trip_saved_search_updates	2	trip:TripEntity;updateTime:Instant
trip-planner	db-entities	db-entities/src/main/java/cars/ship/planner/entities/TripLoadEntity.java	TripLoadEntity	jpa	BaseDbEntity	trip_loads	22	trip:TripEntity;pickupLocation:GeoPointEntity;pickupCity:String;pickupState:String;pickupZip:String;deliveryLocation:GeoPointEntity;deliveryCity:String;deliveryState:String;deliveryZip:String;pickupIntervalStart:LocalDate;pickupIntervalEnd:LocalDate;deliveryIntervalStart:LocalDate;deliveryIntervalEnd:LocalDate;numberOfVehicles:int;status:TripLoadEntityStatus;totalPaymentToCarrier:BigDecimal;inVault:boolean;pickupPosition:int;deliveryPosition:int;type:LoadType;notes:String;company:CompanyEntity
trip-planner	db-entities	db-entities/src/main/java/cars/ship/planner/entities/UserEntity.java	UserEntity	jpa	BaseDbEntity	users	5	externalUpdateTime:Instant;name:String;profilePictureUrl:String;active:boolean;company:CompanyEntity
trip-planner	db-entities	db-entities/src/main/java/cars/ship/planner/entities/CompanyEntity.java	CompanyEntity	jpa	BaseDbEntity	companies	2	externalUpdateTime:Instant;active:boolean
trip-planner	db-entities	db-entities/src/main/java/cars/ship/planner/entities/GeoPointEntity.java	GeoPointEntity	embedded			2	latitude:double;longitude:double
trip-planner	db-entities	db-entities/src/main/java/cars/ship/planner/entities/TripEntity.java	TripEntity	jpa	BaseDbEntity	trips	19	name:String;status:TripStatus;loads:TripLoadEntity[];user:UserEntity;company:CompanyEntity;driver:UserEntity;route:RouteEntity;emailNotificationsEnabled:boolean;canBeArchived:boolean;originCity:String;originState:String;originZip:String;originLocation:GeoPointEntity;destinationCity:String;destinationState:String;destinationZip:String;destinationLocation:GeoPointEntity;startDate:LocalDate;endDate:LocalDate
trip-planner	shared-services	shared-services/src/main/java/cars/ship/planner/shared/dtos/TripLoadUpdateEvent.java	TripLoadUpdateEvent	dto			6	action:TripUpdateAction;tripId:String;loadId:String;companyId:String;tripName:String;loadIds:String[]
trip-planner	shared-services	shared-services/src/main/java/cars/ship/planner/shared/dtos/TripSyncedEvent.java	TripSyncedEvent	dto			4	tripId:String;tripName:String;companyId:String;carrierTripId:Long
trip-planner	shared-services	shared-services/src/main/java/cars/ship/planner/shared/dtos/TripUpdateEvent.java	TripUpdateEvent	dto			5	tripId:String;tripName:String;companyId:String;action:TripUpdateAction;loadIds:String[]
trip-planner	shared-services	shared-services/src/main/java/cars/ship/planner/shared/dtos/message/CtmsOfferMessageDto.java	CtmsOfferMessageDto	dto			1	companyUserManagementId:String
trip-planner	shared-services	shared-services/src/main/java/cars/ship/planner/shared/dtos/message/CtmsOrderMessageDto.java	CtmsOrderMessageDto	dto	CtmsLoadBaseMessageDto		7	pickupContractDateStart:LocalDate;pickupContractDateEnd:LocalDate;deliveryContractDateStart:LocalDate;deliveryContractDateEnd:LocalDate;status:CtmsOrderMessageStatus;carrierId:String;hasSubOrders:boolean
trip-planner	shared-services	shared-services/src/main/java/cars/ship/planner/shared/dtos/message/CtmsTripMessageDto.java	CtmsTripMessageDto	dto			2	tripId:String;driverId:String
trip-planner	shared-services	shared-services/src/main/java/cars/ship/planner/shared/dtos/message/CtmsNegotiationMessageDto.java	CtmsNegotiationMessageDto	dto			5	carrierUserManagementId:String;shipperUserManagementId:String;orderId:String;status:CtmsNegotiationStatus;lastOffer:CtmsOfferMessageDto
trip-planner	shared-services	shared-services/src/main/java/cars/ship/planner/shared/dtos/message/CtmsPostingMessageDto.java	CtmsPostingMessageDto	dto	CtmsLoadBaseMessageDto		5	pickupRequestedDateStart:LocalDate;pickupRequestedDateEnd:LocalDate;deliveryRequestedDateStart:LocalDate;deliveryRequestedDateEnd:LocalDate;status:String
trip-planner	shared-services	shared-services/src/main/java/cars/ship/planner/shared/model/TripStop.java	TripStop	dto			6	tripLoadId:String;location:LocationVo;numberOfVehicles:int;type:StopType;completed:boolean;distanceFromStart:double
trip-planner	shared-services	shared-services/src/main/java/cars/ship/planner/shared/model/NegotiationUpdateDto.java	NegotiationUpdateDto	dto			4	loadId:String;carrierId:String;lastOfferCompanyId:String;active:boolean
trip-planner	shared-services	shared-services/src/main/java/cars/ship/planner/shared/model/Slot.java	Slot	dto			20	exceedingCapacity:boolean;spots:Spot[];wasteThreshold:double;spotType:SpotType;emptySpot:Spot;spotsList:ArrayList<Spot>;overlappingSpots:Spot[];spotStream:Spot[];es:Spot;indexOfEs:int;firstOverLap:Spot;lastOverlap:Spot;firstOverlapIndex:int;newSpotIndex:int;totalMileage:MutableDouble;spotIndex:int;previous:Spot;spotType:SpotType;next:Spot;spotType:SpotType
trip-planner	shared-services	shared-services/src/main/java/cars/ship/planner/shared/model/VcgSpot.java	VcgSpot	dto			0	
trip-planner	shared-services	shared-services/src/main/java/cars/ship/planner/shared/model/TripUpdateDto.java	TripUpdateDto	dto			2	trip:CtmsTripMessageDto;changedFields:String[]
trip-planner	shared-services	shared-services/src/main/java/cars/ship/planner/shared/model/Plan.java	Plan	dto			2	slots:Slot[];stops:TripStop[]
trip-planner	shared-services	shared-services/src/main/java/cars/ship/planner/shared/model/Spot.java	Spot	dto			0	
trip-planner	shared-services	shared-services/src/main/java/cars/ship/planner/shared/model/LoadUpdateDto.java	LoadUpdateDto	dto			3	delete:boolean;load:CtmsLoadBaseMessageDto;changedFields:String[]
trip-planner	shared-services	shared-services/src/main/java/cars/ship/planner/shared/model/TripPlan.java	TripPlan	dto			1	plan:Slot[]
trip-planner	infra-interfaces	infra-interfaces/src/main/java/cars/ship/planner/infra/location/LocationService.java	RouteOptimizationResult	dto			0	
trip-planner	infra-interfaces	infra-interfaces/src/main/java/cars/ship/planner/infra/savedsearch/dto/CityRangeFilter.java	CityRangeFilter	dto			3	id:String;name:String;range:Integer
trip-planner	infra-interfaces	infra-interfaces/src/main/java/cars/ship/planner/infra/savedsearch/dto/LocationFilter.java	LocationFilter	dto			2	location:String;name:String
trip-planner	infra-interfaces	infra-interfaces/src/main/java/cars/ship/planner/infra/savedsearch/dto/QueryParamsDto.java	QueryParamsDto	dto			6	minNumberOfVehicles:Integer;maxNumberOfVehicles:Integer;routeOrigin:LocationFilter;routeDestination:LocationFilter;routeOffset:Integer;routeWaypoints:LocationFilter[]
trip-planner	infra-interfaces	infra-interfaces/src/main/java/cars/ship/planner/infra/savedsearch/dto/SavedSearchDto.java	SavedSearchDto	dto			6	id:String;name:String;queryParams:JsonNode;emailNotification:boolean;createTime:Instant;updateTime:Instant
trip-planner	infra-interfaces	infra-interfaces/src/main/java/cars/ship/planner/infra/ctms/dto/CtmsVehicleDto.java	CtmsVehicleDto	dto			0	
trip-planner	infra-interfaces	infra-interfaces/src/main/java/cars/ship/planner/infra/ctms/dto/CtmsGeoPointDto.java	CtmsGeoPointDto	dto			1	coordinates:double[]
trip-planner	infra-interfaces	infra-interfaces/src/main/java/cars/ship/planner/infra/ctms/dto/CtmsNegotiationDto.java	CtmsNegotiationDto	dto			5	carrierUserManagementId:String;shipperUserManagementId:String;orderId:String;lastOffer:OfferDto;status:CtmsNegotiationStatus
trip-planner	infra-interfaces	infra-interfaces/src/main/java/cars/ship/planner/infra/ctms/dto/CtmsPostingDto.java	CtmsPostingDto	dto	CtmsLoadBaseDto		4	pickupRequestedDateStart:LocalDate;pickupRequestedDateEnd:LocalDate;deliveryRequestedDateStart:LocalDate;deliveryRequestedDateEnd:LocalDate
trip-planner	infra-interfaces	infra-interfaces/src/main/java/cars/ship/planner/infra/ctms/dto/CtmsResultsDto.java	CtmsResultsDto	dto			0	
trip-planner	infra-interfaces	infra-interfaces/src/main/java/cars/ship/planner/infra/ctms/dto/OfferDto.java	OfferDto	dto			1	companyUserManagementId:String
trip-planner	infra-interfaces	infra-interfaces/src/main/java/cars/ship/planner/infra/ctms/dto/CtmsOrderDto.java	CtmsOrderDto	dto	CtmsLoadBaseDto		6	pickupContractDateStart:LocalDate;pickupContractDateEnd:LocalDate;deliveryContractDateStart:LocalDate;deliveryContractDateEnd:LocalDate;status:CtmsOrderStatus;hasSubOrders:boolean
trip-planner	domain-services	domain-services/src/main/java/cars/ship/planner/domain/repository/impl/TripFilterParameters.java	TripFilterParameters	dto			3	statusesToInclude:TripStatus[];searchText:String;driverId:String
trip-planner	db-syncer	db-syncer/src/main/java/cars/ship/planner/sync/models/db/CtmsDbTripDto.java	CtmsDbTripDto	dto			7	id:Long;name:String;driverUserId:String;companyId:String;createTime:Instant;updateTime:Instant;status:CtmsDbTripDtoStatus
trip-planner	db-syncer	db-syncer/src/main/java/cars/ship/planner/sync/models/db/CtmsDbOrderDto.java	CtmsDbOrderDto	dto			22	id:Long;shipperLoadId:String;pickupCity:String;pickupState:String;pickupZip:String;pickupAddressLocationLat:Double;pickupAddressLocationLng:Double;pickupRequestedDateStart:LocalDate;pickupRequestedDateEnd:LocalDate;deliveryCity:String;deliveryState:String;deliveryZip:String;deliveryAddressLocationLat:Double;deliveryAddressLocationLng:Double;deliveryRequestedDateStart:LocalDate;deliveryRequestedDateEnd:LocalDate;totalPaymentToCarrier:BigDecimal;carrierId:String;vehicleCount:Integer;updateTime:Instant;tripId:Long;status:CtmsDbOrderDtoStatus
trip-planner	db-syncer	db-syncer/src/main/java/cars/ship/planner/sync/models/db/DbCompanyDto.java	DbCompanyDto	dto			2	id:String;active:boolean
trip-planner	db-syncer	db-syncer/src/main/java/cars/ship/planner/sync/models/db/DbUserDto.java	DbUserDto	dto			5	id:String;name:String;profilePictureUrl:String;companyId:String;active:boolean
trip-planner	domain	domain/src/main/java/cars/ship/planner/domain/trip/TripLoadPosting.java	TripLoadPosting	dto	TripLoadInternal		1	status:TripLoadPostingStatus
trip-planner	domain	domain/src/main/java/cars/ship/planner/domain/trip/TripLoadCandidate.java	TripLoadCandidate	dto	TripLoadBase		1	notes:String
trip-planner	domain	domain/src/main/java/cars/ship/planner/domain/trip/TripLoadOrder.java	TripLoadOrder	dto	TripLoadInternal		1	status:TripLoadOrderStatus
trip-planner	domain	domain/src/main/java/cars/ship/planner/domain/trip/Trip.java	Trip	dto	AggregateRoot		79	name:String;progressMile:double;stops:TripStopVo[];vault:TripStopVo[];capacity:int;route:RouteVo;user:UserVo;company:CompanyVo;driver:UserVo;timeMeta:TimeMetaVo;entityVersion:long;routeUpdateNeeded:boolean;active:boolean;status:TripStatus;emailNotificationsEnabled:boolean;canBeArchived:boolean;originCity:String;originState:String;originZip:String;originLocation:GeoPointVo;destinationCity:String;destinationState:String;destinationZip:String;destinationLocation:GeoPointVo;startDate:LocalDate;endDate:LocalDate;availableStops:var;trip:Trip;stopsToAdd:var;stopsToAdd:TripStopVo[];tripLoad:TripLoadBase;toRemoveFromVault:TripStopVo[];toRemoveFromIntegratedStops:TripStopVo[];toRemoveFromVault:TripStopVo[];toRemoveFromIntegratedStops:TripStopVo[];nonNullStops:RearrangeStopVo[];nonNullVault:RearrangeStopVo[];newStops:TripStopVo[];newVault:TripStopVo[];loads:TripLoadBase[];pickupCoordinates:GeoPointVo;deliveryCoordinates:GeoPointVo;load:TripLoadBase;order:TripLoadOrder;nameChanged:boolean;changed:var;load:TripLoadBase;loadStops:var;load:TripLoadBase;oldState:var;oldStatus:TripLoadOrderStatus;order:TripLoadOrder;hasPostings:boolean;hasActiveOrders:boolean;tripLoadBase:TripLoadBase;allNewStops:Stream<RearrangeStopVo>;newStopsIds:String[];oldStopsIds:String[];stopsWithIndices:Stream<Entry<Integer, TripStopVo>>;pickUpStop:Entry<Integer, TripStopVo>;deliveryStop:Entry<Integer, TripStopVo>;tripLoad:TripLoadBase;pickup:TripStopVo;delivery:TripStopVo;result:ArrayList<TripStopVo>;isLoadInIntegratedStops:boolean;newStatus:TripStatus;locationChange:var;load:TripLoadBase;load:TripLoadBase;expected:var;distancesPerStop:Double[];result:Double[];stopsForRoute:var;stop:var;stopsToReplace:TripStopVo[];index:int;newStop:TripStopVo;result:String[]
trip-planner	domain	domain/src/main/java/cars/ship/planner/domain/trip/events/TripCreated.java	TripCreated	dto			5	tripId:String;tripName:String;companyId:String;creatorUserId:String;loadIds:String[]
trip-planner	domain	domain/src/main/java/cars/ship/planner/domain/trip/events/TripArchived.java	TripArchived	dto			4	tripId:String;companyId:String;updaterUserId:String;loadIds:String[]
trip-planner	domain	domain/src/main/java/cars/ship/planner/domain/trip/events/TripRenamed.java	TripRenamed	dto			4	tripId:String;tripName:String;companyId:String;loadIds:String[]
trip-planner	domain	domain/src/main/java/cars/ship/planner/domain/trip/events/TripEmailNotificationSettingsChanged.java	TripEmailNotificationSettingsChanged	dto			4	tripId:String;companyId:String;deleterUserId:String;enabled:boolean
trip-planner	domain	domain/src/main/java/cars/ship/planner/domain/trip/events/LoadAddedToTrip.java	LoadAddedToTrip	dto			5	tripId:String;loadId:String;companyId:String;tripName:String;loadIds:String[]
trip-planner	domain	domain/src/main/java/cars/ship/planner/domain/trip/events/TripDeleted.java	TripDeleted	dto			4	tripId:String;companyId:String;deleterUserId:String;loadIds:String[]
trip-planner	domain	domain/src/main/java/cars/ship/planner/domain/trip/events/LoadRemovedFromTrip.java	LoadRemovedFromTrip	dto			5	tripId:String;loadId:String;companyId:String;tripName:String;loadIds:String[]
trip-planner	domain	domain/src/main/java/cars/ship/planner/domain/trip/events/TripCompleted.java	TripCompleted	dto			4	tripId:String;companyId:String;updaterUserId:String;loadIds:String[]
trip-planner	domain	domain/src/main/java/cars/ship/planner/domain/trip/events/TripModified.java	TripModified	dto			4	tripId:String;tripName:String;companyId:String;updaterUserId:String
trip-planner	domain	domain/src/main/java/cars/ship/planner/domain/trip/valueobjects/DateIntervalVo.java	DateIntervalVo	dto	ValueObject		0	
trip-planner	domain	domain/src/main/java/cars/ship/planner/domain/trip/valueobjects/TripUpdateVo.java	TripUpdateVo	dto	ValueObject		0	
trip-planner	domain	domain/src/main/java/cars/ship/planner/domain/trip/valueobjects/LegVo.java	LegVo	dto	ValueObject		0	
trip-planner	domain	domain/src/main/java/cars/ship/planner/domain/trip/valueobjects/TimeMetaVo.java	TimeMetaVo	dto	ValueObject		0	
trip-planner	domain	domain/src/main/java/cars/ship/planner/domain/trip/valueobjects/SavedSearchParametersVo.java	SavedSearchParametersVo	dto			0	
trip-planner	domain	domain/src/main/java/cars/ship/planner/domain/trip/valueobjects/UserVo.java	UserVo	dto	ValueObject		0	
trip-planner	domain	domain/src/main/java/cars/ship/planner/domain/trip/valueobjects/LocationVo.java	LocationVo	dto	ValueObject		0	
trip-planner	domain	domain/src/main/java/cars/ship/planner/domain/trip/valueobjects/CompanyVo.java	CompanyVo	dto	ValueObject		1	id:String
trip-planner	domain	domain/src/main/java/cars/ship/planner/domain/trip/valueobjects/SavedSearchVo.java	SavedSearchVo	dto	ValueObject		0	
trip-planner	domain	domain/src/main/java/cars/ship/planner/domain/trip/valueobjects/GeoPointVo.java	GeoPointVo	dto	ValueObject		1	that:GeoPointVo
trip-planner	domain	domain/src/main/java/cars/ship/planner/domain/trip/valueobjects/RearrangeStopVo.java	RearrangeStopVo	dto	ValueObject		0	
trip-planner	domain	domain/src/main/java/cars/ship/planner/domain/trip/valueobjects/RouteVo.java	RouteVo	dto	ValueObject		4	polyline:String;totalDistanceMiles:double;legs:LegVo[];waypointOrder:Integer[]
trip-planner	domain	domain/src/main/java/cars/ship/planner/domain/trip/valueobjects/tripload/TripLoadPostingVo.java	TripLoadPostingVo	dto	TripLoadInternalVo		0	
trip-planner	domain	domain/src/main/java/cars/ship/planner/domain/trip/valueobjects/tripload/TripLoadCandidateVo.java	TripLoadCandidateVo	dto	TripLoadBaseVo		1	notes:String
trip-planner	domain	domain/src/main/java/cars/ship/planner/domain/trip/valueobjects/tripload/TripLoadOrderVo.java	TripLoadOrderVo	dto	TripLoadInternalVo		0	
trip-planner	domain	domain/src/main/java/cars/ship/planner/domain/trip/valueobjects/tripload/NegotiationVo.java	NegotiationVo	dto	ValueObject		0	
trip-planner	worker-services	worker-services/src/main/java/cars/ship/planner/worker/models/TripSocketNotificationData.java	TripSocketNotificationData	dto			4	companyId:String;updaterUserId:String;tripId:String;tripUpdateAction:TripUpdateAction
user-activity-tracker	user-activity-tracker	src/main/java/cars/ship/useractivitytracker/dto/EventResponseDto.java	EventResponseDto	dto			0	
user-activity-tracker	user-activity-tracker	src/main/java/cars/ship/useractivitytracker/dto/EventDto.java	EventDto	dto			0	
user-activity-tracker	user-activity-tracker	src/main/java/cars/ship/useractivitytracker/dto/UniqueCountResponseDto.java	UniqueCountResponseDto	dto			0	
user-activity-tracker	user-activity-tracker	src/main/java/cars/ship/useractivitytracker/dto/ParquetExportRequestDto.java	ParquetExportRequestDto	dto			0	
user-activity-tracker	user-activity-tracker	src/main/java/cars/ship/useractivitytracker/dto/ParquetExportResponseDto.java	ParquetExportResponseDto	dto			0	
user-activity-tracker	user-activity-tracker	src/main/java/cars/ship/useractivitytracker/dto/analytics/ActiveUsersDataPointDto.java	ActiveUsersDataPointDto	dto			0	
user-activity-tracker	user-activity-tracker	src/main/java/cars/ship/useractivitytracker/dto/analytics/EventDistributionResponseDto.java	EventDistributionResponseDto	dto			0	
user-activity-tracker	user-activity-tracker	src/main/java/cars/ship/useractivitytracker/dto/analytics/TopEntityDto.java	TopEntityDto	dto			0	
user-activity-tracker	user-activity-tracker	src/main/java/cars/ship/useractivitytracker/dto/analytics/TopEntitiesResponseDto.java	TopEntitiesResponseDto	dto			0	
user-activity-tracker	user-activity-tracker	src/main/java/cars/ship/useractivitytracker/dto/analytics/EventTypeStatsDto.java	EventTypeStatsDto	dto			0	
user-activity-tracker	user-activity-tracker	src/main/java/cars/ship/useractivitytracker/dto/analytics/ActiveUsersResponseDto.java	ActiveUsersResponseDto	dto			0	
user-activity-tracker	user-activity-tracker	src/main/java/cars/ship/useractivitytracker/dto/analytics/UniqueUsersResponseDto.java	UniqueUsersResponseDto	dto			0	
user-activity-tracker	user-activity-tracker	src/main/java/cars/ship/useractivitytracker/entity/ParquetExportTrackingEntity.java	ParquetExportTrackingEntity	jpa		parquet_export_tracking	6	id:Long;minEventPk:Long;maxEventPk:Long;exportedAt:Instant;fileName:String;eventsCount:Integer
user-activity-tracker	user-activity-tracker	src/main/java/cars/ship/useractivitytracker/entity/EventEntity.java	EventEntity	jpa		events	8	id:Long;eventId:String;eventType:String;entityId:String;userId:String;timestamp:Instant;metadata:String;createdAt:Instant
user-backend	usermanagement-dtos	usermanagement-dtos/src/main/java/cars/ship/usermanagement/dtos/v1/V1StripeDetailsDto.java	V1StripeDetailsDto	dto			15	subscriptionName:String;subscriptionStatus:SubscriptionStatusEnum;subscriptionPrice:Long;subscriptionCurrency:String;nextPaymentDueTo:String;trialExpiryDate:String;paymentMethodProvided:Boolean;lastPaymentResult:LastPaymentResultEnum;subscriptionQuantity:Long;currentPeriodStart:String;currentPeriodEnd:String;cancelAtPeriodEnd:Boolean;hasUnpaidInvoices:Boolean;currentTier:V1TierDto;nextTier:V1TierDto
user-backend	usermanagement-dtos	usermanagement-dtos/src/main/java/cars/ship/usermanagement/dtos/v1/V1SubscriptionDetailsDto.java	V1SubscriptionDetailsDto	dto			5	id:String;name:String;isCurrentSubscription:boolean;features:String[];pricing:String
user-backend	usermanagement-dtos	usermanagement-dtos/src/main/java/cars/ship/usermanagement/dtos/v1/V1StripeUpdateDto.java	V1StripeUpdateDto	dto			15	companyEmail:String;companyId:String;customerId:String;subscriptionName:String;subscriptionStatus:SubscriptionStatusEnum;nextPaymentDueTo:String;trialExpiryDate:String;paymentMethodProvided:Boolean;lastPaymentResult:LastPaymentResultEnum;quantity:Long;subscriptionPriceId:String;currentPeriodStart:String;currentPeriodEnd:String;cancelAtPeriodEnd:Boolean;hasUnpaidInvoices:Boolean
user-backend	usermanagement-dtos	usermanagement-dtos/src/main/java/cars/ship/usermanagement/dtos/v1/V1UserAccountWithoutCompanyDto.java	V1UserAccountWithoutCompanyDto	dto			11	id:String;name:String;street:String;city:String;state:String;zipCode:String;email:String;phoneNumber:String;profilePictureUrl:String;roles:UserRoleEnum[];primaryRole:UserRoleEnum
user-backend	usermanagement-dtos	usermanagement-dtos/src/main/java/cars/ship/usermanagement/dtos/v1/V1UserAccountDto.java	V1UserAccountDto	dto			19	id:String;name:String;password:char[];isOwner:Boolean;street:String;city:String;state:String;zipCode:String;email:String;phoneNumber:String;company:V1CompanyDto;profilePictureUrl:String;active:Boolean;roles:UserRoleEnum[];primaryRole:UserRoleEnum;mfa:MfaEnum;mfaEmail:String;mfaPhoneNumber:String;defaultVerificationChannel:VerificationChannelEnum
user-backend	usermanagement-dtos	usermanagement-dtos/src/main/java/cars/ship/usermanagement/dtos/v1/V1CompanyDto.java	V1CompanyDto	dto			23	id:String;name:String;companyTypeId:String;companyType:CompanyTypeEnum;companySubtype:CompanySubtypeEnum;usDotNumber:String;mcNumber:String;street:String;city:String;state:String;zipCode:String;email:String;accountingEmail:String;accountingEmails:String;phoneNumber:String;termsAndConditions:String;allowInstantBooking:Boolean;centralDispatchId:String;logoUrl:String;ownerName:String;carrierVerified:Boolean;paymentDetails:V1StripeDetailsDto;isSingleOwnerOperator:boolean
user-backend	usermanagement-dtos	usermanagement-dtos/src/main/java/cars/ship/usermanagement/dtos/v1/V1TierDto.java	V1TierDto	dto			4	name:String;upTo:Long;flatAmount:Long;unitAmount:Long
user-backend	usermanagement-dtos	usermanagement-dtos/src/main/java/cars/ship/usermanagement/dtos/v1/V1BannerDto.java	V1BannerDto	dto			3	id:String;type:BannerTypeEnum;content:String
user-backend	usermanagement-dtos	usermanagement-dtos/src/main/java/cars/ship/usermanagement/dtos/v1/V1CreateCompanyDto.java	V1CreateCompanyDto	dto	V1CompanyDto		0	
user-backend	usermanagement-dtos	usermanagement-dtos/src/main/java/cars/ship/usermanagement/dtos/v1/V1CompanyOwnerUserDto.java	V1CompanyOwnerUserDto	dto			11	name:String;password:char[];street:String;state:String;city:String;zipCode:String;email:String;phoneNumber:String;profilePictureUrl:String;roles:UserRoleEnum[];primaryRole:UserRoleEnum
user-backend	usermanagement-dtos	usermanagement-dtos/src/main/java/cars/ship/usermanagement/dtos/v1/V1UserAccountPagedDto.java	V1UserAccountPagedDto	dto	V1PagedResponseDto		0	
user-backend	usermanagement-dtos	usermanagement-dtos/src/main/java/cars/ship/usermanagement/dtos/v1/V1UserAccountSearchDto.java	V1UserAccountSearchDto	dto			7	companyId:String;name:String;phoneNumber:String;search:String;email:String;active:Boolean;activeType:ActiveTypeEnum
user-backend	usermanagement-dtos	usermanagement-dtos/src/main/java/cars/ship/usermanagement/dtos/v1/V1MoveGroupDto.java	V1MoveGroupDto	dto			1	keycloakParentGroup:String
user-backend	usermanagement-dtos	usermanagement-dtos/src/main/java/cars/ship/usermanagement/dtos/v1/V1StripeDetailsWithCustomerIdDto.java	V1StripeDetailsWithCustomerIdDto	dto	V1StripeDetailsDto		2	customerId:String;subscriptionPriceId:String
user-backend	usermanagement-dtos	usermanagement-dtos/src/main/java/cars/ship/usermanagement/dtos/v1/commons/V1SortDto.java	V1SortDto	dto			2	sortBy:String;direction:String
user-backend	usermanagement-dtos	usermanagement-dtos/src/main/java/cars/ship/usermanagement/dtos/v1/commons/V1PagedResponseDto.java	V1PagedResponseDto	dto			5	results:T[];totalResults:long;totalPages:int;page:V1PageDto;sorting:V1SortDto
user-backend	usermanagement-dtos	usermanagement-dtos/src/main/java/cars/ship/usermanagement/dtos/v2/V2KeycloakTokensDto.java	V2KeycloakTokensDto	dto			0	
user-backend	usermanagement-dtos	usermanagement-dtos/src/main/java/cars/ship/usermanagement/dtos/v2/V2UpdateUserAccountDto.java	V2UpdateUserAccountDto	dto			0	
user-backend	usermanagement-dtos	usermanagement-dtos/src/main/java/cars/ship/usermanagement/dtos/v2/V2CompanyDto.java	V2CompanyDto	dto			27	id:String;active:Boolean;name:String;companyType:CompanyTypeEnum;companySubtype:CompanySubtypeEnum;usDotNumber:String;mcNumber:String;street:String;city:String;state:String;zipCode:String;email:String;accountingEmail:String;accountingEmails:String;phoneNumber:String;termsAndConditions:String;allowInstantBooking:Boolean;centralDispatchId:String;logoUrl:String;ownerName:String;ownerId:String;carrierVerified:Boolean;paymentDetails:V2StripeDetailsDto;singleOwnerOperator:Boolean;createdAt:Instant;lastModified:Instant;accountManager:String
user-backend	usermanagement-dtos	usermanagement-dtos/src/main/java/cars/ship/usermanagement/dtos/v2/V2PagedCompanySummaryDto.java	V2PagedCompanySummaryDto	dto	PageDto		0	
user-backend	usermanagement-dtos	usermanagement-dtos/src/main/java/cars/ship/usermanagement/dtos/v2/V2UserAccountSummaryDto.java	V2UserAccountSummaryDto	dto			21	id:String;mainUserId:String;mainUserEmail:String;mainCompanyId:String;companyId:String;name:String;owner:Boolean;admin:Boolean;street:String;city:String;state:String;zipCode:String;email:String;phoneNumber:String;profilePictureUrl:String;active:Boolean;roles:UserRoleEnum[];primaryRole:UserRoleEnum;mfa:MfaEnum;createdAt:Instant;lastModified:Instant
user-backend	usermanagement-dtos	usermanagement-dtos/src/main/java/cars/ship/usermanagement/dtos/v2/V2StripeDetailsWithCustomerIdDto.java	V2StripeDetailsWithCustomerIdDto	dto	V2StripeDetailsDto		5	customerId:String;keycloakId:String;subscriptionPriceId:String;subscriptionProductId:String;trial:Boolean
user-backend	usermanagement-dtos	usermanagement-dtos/src/main/java/cars/ship/usermanagement/dtos/v2/V2CompanySearchDto.java	V2CompanySearchDto	dto			11	id:String[];active:Boolean;name:String;phoneNumber:String;companyType:CompanyTypeEnum;companySubtype:CompanySubtypeEnum;usDotNumber:String;email:String;parentCompanyId:String;search:String;activeType:ActiveTypeEnum
user-backend	usermanagement-dtos	usermanagement-dtos/src/main/java/cars/ship/usermanagement/dtos/v2/V2KeycloakRefreshTokenDto.java	V2KeycloakRefreshTokenDto	dto			0	
user-backend	usermanagement-dtos	usermanagement-dtos/src/main/java/cars/ship/usermanagement/dtos/v2/V2LoginDto.java	V2LoginDto	dto			0	
user-backend	usermanagement-dtos	usermanagement-dtos/src/main/java/cars/ship/usermanagement/dtos/v2/V2CompanyPublicProfileDto.java	V2CompanyPublicProfileDto	dto			3	id:String;aboutUs:String;attachments:AttachmentDto[]
user-backend	usermanagement-dtos	usermanagement-dtos/src/main/java/cars/ship/usermanagement/dtos/v2/V2CreateLinkedUserAccountDto.java	V2CreateLinkedUserAccountDto	dto			0	
user-backend	usermanagement-dtos	usermanagement-dtos/src/main/java/cars/ship/usermanagement/dtos/v2/V2AddChildCompanyDto.java	V2AddChildCompanyDto	dto			0	
user-backend	usermanagement-dtos	usermanagement-dtos/src/main/java/cars/ship/usermanagement/dtos/v2/V2UserAccountWithoutCompanyDto.java	V2UserAccountWithoutCompanyDto	dto			12	id:String;name:String;admin:Boolean;street:String;city:String;state:String;zipCode:String;email:String;phoneNumber:String;profilePictureUrl:String;roles:UserRoleEnum[];primaryRole:UserRoleEnum
user-backend	usermanagement-dtos	usermanagement-dtos/src/main/java/cars/ship/usermanagement/dtos/v2/V2UserAccountDto.java	V2UserAccountDto	dto			26	id:String;keycloakId:String;mainUserId:String;mainUserEmail:String;mainCompanyId:String;name:String;password:char[];owner:Boolean;admin:Boolean;street:String;city:String;state:String;zipCode:String;email:String;phoneNumber:String;company:V2CompanyDto;profilePictureUrl:String;active:Boolean;roles:UserRoleEnum[];primaryRole:UserRoleEnum;mfa:MfaEnum;mfaEmail:String;mfaPhoneNumber:String;defaultVerificationChannel:VerificationChannelEnum;createdAt:Instant;lastModified:Instant
user-backend	usermanagement-dtos	usermanagement-dtos/src/main/java/cars/ship/usermanagement/dtos/v2/V2CompanySummaryDto.java	V2CompanySummaryDto	dto			13	id:String;active:boolean;name:String;companyType:CompanyTypeEnum;companySubtype:CompanySubtypeEnum;usDotNumber:String;logoUrl:String;email:String;accountingEmail:String;accountingEmails:String;parentCompanyId:String;createdAt:Instant;lastModified:Instant
user-backend	usermanagement-dtos	usermanagement-dtos/src/main/java/cars/ship/usermanagement/dtos/v2/V2CreateCompanyDto.java	V2CreateCompanyDto	dto	V2CompanyDto		0	
user-backend	usermanagement-dtos	usermanagement-dtos/src/main/java/cars/ship/usermanagement/dtos/v2/V2MfaDto.java	V2MfaDto	dto			1	mfa:MfaEnum
user-backend	usermanagement-dtos	usermanagement-dtos/src/main/java/cars/ship/usermanagement/dtos/v2/V2ChangePasswordDto.java	V2ChangePasswordDto	dto			0	
user-backend	usermanagement-dtos	usermanagement-dtos/src/main/java/cars/ship/usermanagement/dtos/v2/V2KeycloakRoleDto.java	V2KeycloakRoleDto	dto			1	keycloakRoleName:String
user-backend	usermanagement-dtos	usermanagement-dtos/src/main/java/cars/ship/usermanagement/dtos/v2/V2CreateChildCompanyDto.java	V2CreateChildCompanyDto	dto			0	
user-backend	usermanagement-dtos	usermanagement-dtos/src/main/java/cars/ship/usermanagement/dtos/v2/V2CompanySummarySearchDto.java	V2CompanySummarySearchDto	dto			6	id:String[];name:String;usDotNumber:String;companyType:CompanyTypeEnum;companySubtype:CompanySubtypeEnum;search:String
user-backend	usermanagement-dtos	usermanagement-dtos/src/main/java/cars/ship/usermanagement/dtos/v2/V2PagedUserAccountSummaryDto.java	V2PagedUserAccountSummaryDto	dto	PageDto		0	
user-backend	usermanagement-dtos	usermanagement-dtos/src/main/java/cars/ship/usermanagement/dtos/v2/V2UserAccountBasicDto.java	V2UserAccountBasicDto	dto			6	id:String;companyId:String;name:String;email:String;phoneNumber:String;profilePictureUrl:String
user-backend	usermanagement-dtos	usermanagement-dtos/src/main/java/cars/ship/usermanagement/dtos/v2/V2PrePopulatedDataDto.java	V2PrePopulatedDataDto	dto			0	
user-backend	usermanagement-dtos	usermanagement-dtos/src/main/java/cars/ship/usermanagement/dtos/v2/V2UserVerificationChannelDto.java	V2UserVerificationChannelDto	dto			0	
user-backend	usermanagement-dtos	usermanagement-dtos/src/main/java/cars/ship/usermanagement/dtos/v2/V2CompanySubscriptionPubSubDto.java	V2CompanySubscriptionPubSubDto	dto			0	
user-backend	usermanagement-dtos	usermanagement-dtos/src/main/java/cars/ship/usermanagement/dtos/v2/V2ChildrenCompanySummarySearchDto.java	V2ChildrenCompanySummarySearchDto	dto			0	
user-backend	usermanagement-dtos	usermanagement-dtos/src/main/java/cars/ship/usermanagement/dtos/v2/V2UserAccountPubSubDto.java	V2UserAccountPubSubDto	dto			22	id:String;active:boolean;lastModified:Instant;createdAt:Instant;keycloakId:String;name:String;street:String;city:String;state:String;zipCode:String;email:String;phoneNumber:String;owner:boolean;admin:boolean;company:V2CompanyPubSubDto;profilePictureUrl:String;roles:UserRoleEnum[];primaryRole:UserRoleEnum;changedFields:String[];mainUserId:String;mainUserEmail:String;mainCompanyId:String
user-backend	usermanagement-dtos	usermanagement-dtos/src/main/java/cars/ship/usermanagement/dtos/v2/V2PagedUserAccountDto.java	V2PagedUserAccountDto	dto	PageDto		0	
user-backend	usermanagement-dtos	usermanagement-dtos/src/main/java/cars/ship/usermanagement/dtos/v2/V2PagedCompanyDto.java	V2PagedCompanyDto	dto	PageDto		0	
user-backend	usermanagement-dtos	usermanagement-dtos/src/main/java/cars/ship/usermanagement/dtos/v2/V2UpdateChildCompanyDto.java	V2UpdateChildCompanyDto	dto			0	
user-backend	usermanagement-dtos	usermanagement-dtos/src/main/java/cars/ship/usermanagement/dtos/v2/V2CompanyPubSubDto.java	V2CompanyPubSubDto	dto			30	id:String;active:boolean;name:String;companyType:CompanyTypeEnum;companySubtype:CompanySubtypeEnum;usDotNumber:String;mcNumber:String;street:String;city:String;state:String;zipCode:String;email:String;accountingEmail:String;accountingEmails:String;phoneNumber:String;termsAndConditions:String;allowInstantBooking:boolean;centralDispatchId:String;logoUrl:String;ownerName:String;ownerId:String;carrierVerified:boolean;subscription:V2CompanySubscriptionPubSubDto;singleOwnerOperator:boolean;createdAt:Instant;lastModified:Instant;parentCompanyId:String;keycloakId:String;changedFields:String[];actionEvents:String[][]
user-backend	usermanagement-dtos	usermanagement-dtos/src/main/java/cars/ship/usermanagement/dtos/v2/V2MfaSettingsDto.java	V2MfaSettingsDto	dto			0	
user-backend	usermanagement-dtos	usermanagement-dtos/src/main/java/cars/ship/usermanagement/dtos/v2/V2UserVerificationChannelsDto.java	V2UserVerificationChannelsDto	dto			0	
user-backend	usermanagement-dtos	usermanagement-dtos/src/main/java/cars/ship/usermanagement/dtos/v2/V2CreateChildUserAccountDto.java	V2CreateChildUserAccountDto	dto			0	
user-backend	usermanagement-dtos	usermanagement-dtos/src/main/java/cars/ship/usermanagement/dtos/v2/V2ResetPasswordDto.java	V2ResetPasswordDto	dto			0	
user-backend	usermanagement-dtos	usermanagement-dtos/src/main/java/cars/ship/usermanagement/dtos/v2/V2PaymentCompanyDto.java	V2PaymentCompanyDto	dto	V2CompanyDto		1	tags:String[]
user-backend	usermanagement-dtos	usermanagement-dtos/src/main/java/cars/ship/usermanagement/dtos/v2/V2VerifyCodeDto.java	V2VerifyCodeDto	dto			0	
user-backend	usermanagement-dtos	usermanagement-dtos/src/main/java/cars/ship/usermanagement/dtos/v2/V2StripeDetailsDto.java	V2StripeDetailsDto	dto			16	subscriptionName:String;subscriptionStatus:SubscriptionStatusEnum;addons:String[];subscriptionPrice:Long;subscriptionCurrency:String;nextPaymentDueTo:Instant;trialExpiryDate:Instant;paymentMethodProvided:Boolean;lastPaymentResult:LastPaymentResultEnum;subscriptionQuantity:Long;currentPeriodStart:Instant;currentPeriodEnd:Instant;hasUnpaidInvoices:boolean;cancelAtPeriodEnd:Boolean;currentTier:V1TierDto;nextTier:V1TierDto
user-backend	usermanagement-dtos	usermanagement-dtos/src/main/java/cars/ship/usermanagement/dtos/v3/out/V3StripeDataDto.java	V3StripeDataDto	dto			16	subscriptionPlan:String;planStatus:SubscriptionStatusEnum;subscriptionAddons:String[];subscriptionPrice:Long;subscriptionCurrency:String;nextPaymentDueTo:Instant;trialExpiryDate:Instant;paymentMethodProvided:Boolean;lastPaymentSuccessful:Boolean;subscriptionQuantity:Integer;currentPeriodStart:Instant;currentPeriodEnd:Instant;hasUnpaidInvoices:boolean;cancelAtPeriodEnd:boolean;currentTier:V1TierDto;nextTier:V1TierDto
user-backend	usermanagement-dtos	usermanagement-dtos/src/main/java/cars/ship/usermanagement/dtos/v3/out/V3CreatePortalDto.java	V3CreatePortalDto	dto			0	
user-backend	usermanagement-dtos	usermanagement-dtos/src/main/java/cars/ship/usermanagement/dtos/v3/out/V3AddonDto.java	V3AddonDto	dto			0	
user-backend	usermanagement-dtos	usermanagement-dtos/src/main/java/cars/ship/usermanagement/dtos/v3/out/V3StripeDataWithInternalIdsDto.java	V3StripeDataWithInternalIdsDto	dto	V3StripeDataDto		4	customerId:String;keycloakId:String;subscriptionPriceId:String;subscriptionProductId:String
user-backend	usermanagement-dtos	usermanagement-dtos/src/main/java/cars/ship/usermanagement/dtos/v3/in/V3UpdateStripeSubscriptionDto.java	V3UpdateStripeSubscriptionDto	dto			0	
user-backend	usermanagement-dtos	usermanagement-dtos/src/main/java/cars/ship/usermanagement/dtos/v3/in/V3SubscribeToProductsDto.java	V3SubscribeToProductsDto	dto			0	
user-backend	usermanagement-dtos	usermanagement-dtos/src/main/java/cars/ship/usermanagement/dtos/v3/in/V3CreateStripeCustomerDto.java	V3CreateStripeCustomerDto	dto			0	
user-backend	usermanagement-dtos	usermanagement-dtos/src/main/java/cars/ship/usermanagement/dtos/v3/in/V3CreateStripeSubscriptionDto.java	V3CreateStripeSubscriptionDto	dto			0	
user-backend	usermanagement-dtos	usermanagement-dtos/src/main/java/cars/ship/usermanagement/dtos/v3/in/V3StripeProductDto.java	V3StripeProductDto	dto			0	
user-backend	usermanagement-dtos	usermanagement-dtos/src/main/java/cars/ship/usermanagement/dtos/v3/in/V3StripeSubscriptionDto.java	V3StripeSubscriptionDto	dto			0	
user-backend	usermanagement-dtos	usermanagement-dtos/src/main/java/cars/ship/usermanagement/dtos/v3/in/V3StripeCustomerDto.java	V3StripeCustomerDto	dto			0	
user-backend	usermanagement-dtos	usermanagement-dtos/src/main/java/cars/ship/usermanagement/dtos/v3/in/V3ChangeStripeSubscriptionItemDto.java	V3ChangeStripeSubscriptionItemDto	dto			0	
user-backend	usermanagement-dtos	usermanagement-dtos/src/main/java/cars/ship/usermanagement/dtos/v3/in/V3RemoveSubscriptionDto.java	V3RemoveSubscriptionDto	dto			0	
user-backend	usermanagement-dtos	usermanagement-dtos/src/main/java/cars/ship/usermanagement/dtos/v3/in/V3StripeSubscriptionItemDto.java	V3StripeSubscriptionItemDto	dto			0	
user-backend	usermanagement-dtos	usermanagement-dtos/src/main/java/cars/ship/usermanagement/dtos/v3/in/V3UpdateStripeSubscriptionItemDto.java	V3UpdateStripeSubscriptionItemDto	dto			0	
user-backend	usermanagement-dtos	usermanagement-dtos/src/main/java/cars/ship/usermanagement/dtos/v3/in/V3StripePriceDto.java	V3StripePriceDto	dto			0	
user-backend	usermanagement-dtos	usermanagement-dtos/src/main/java/cars/ship/usermanagement/dtos/v3/in/pubsub/V3StripePubSubWrapperDto.java	V3StripePubSubWrapperDto	dto			0	
user-backend	usermanagement-dtos	usermanagement-dtos/src/main/java/cars/ship/usermanagement/dtos/v3/in/pubsub/V3UsageRecordDto.java	V3UsageRecordDto	dto			0	
user-backend	usermanagement-app	usermanagement-app/src/main/java/cars/ship/shipperlite/user/application/adapters/out/clients/dtos/PaymentUserAccountDto.java	PaymentUserAccountDto	dto			1	company:V2PaymentCompanyDto
user-backend	usermanagement-app	usermanagement-app/src/main/java/cars/ship/shipperlite/user/application/adapters/out/clients/dtos/UrlResponse.java	UrlResponse	dto			1	url:String
user-backend	usermanagement-app	usermanagement-app/src/main/java/cars/ship/shipperlite/user/application/adapters/out/clients/dtos/KeycloakTokensResponse.java	KeycloakTokensResponse	dto			0	
user-backend	usermanagement-app	usermanagement-app/src/main/java/cars/ship/shipperlite/user/application/adapters/out/clients/dtos/KeycloakConfig.java	KeycloakConfig	dto			0	
user-backend	usermanagement-app	usermanagement-app/src/main/java/cars/ship/shipperlite/user/application/adapters/out/cache/CompanyChangedEvent.java	CompanyChangedEvent	dto			0	
user-backend	usermanagement-app	usermanagement-app/src/main/java/cars/ship/shipperlite/user/application/adapters/out/cache/UserChangedEvent.java	UserChangedEvent	dto			0	
user-backend	usermanagement-app	usermanagement-app/src/main/java/cars/ship/shipperlite/user/domain/model/OutboxMessage.java	OutboxMessage	jpa	BaseEntity	outbox_message	2	payload:String;processed:boolean
user-backend	usermanagement-app	usermanagement-app/src/main/java/cars/ship/shipperlite/user/domain/model/SubscriptionPlans.java	SubscriptionPlans	dto			2	plans:StripeProduct[];active:StripeProduct
user-backend	usermanagement-app	usermanagement-app/src/main/java/cars/ship/shipperlite/user/domain/model/VerificationCode.java	VerificationCode	jpa	BaseEntity	verification_code	5	user:UserAccount;channelType:VerificationChannelEnum;sentTo:String;code:String;validUntil:Instant
user-backend	usermanagement-app	usermanagement-app/src/main/java/cars/ship/shipperlite/user/domain/model/Banner.java	Banner	jpa	BaseEntity	banner	4	publicId:String;message:String;type:BannerTypeEnum;condition:String
user-backend	usermanagement-app	usermanagement-app/src/main/java/cars/ship/shipperlite/user/domain/model/Attachment.java	Attachment	jpa	BaseEntity	attachments	4	publicId:String;publicUrl:String;thumbnailUrl:String;company:Company
user-backend	usermanagement-app	usermanagement-app/src/main/java/cars/ship/shipperlite/user/domain/model/Company.java	Company	jpa	BaseEntity	company	29	publicId:String;name:String;usDotNumber:String;mcNumber:String;street:String;city:String;state:String;zipCode:String;email:String;accountingEmails:String;phoneNumber:String;logoUrl:String;termsAndConditions:String;allowInstantBooking:boolean;centralDispatchId:String;companyType:CompanyTypeEnum;companySubtype:CompanySubtypeEnum;keycloakId:String;carrierVerified:boolean;singleOwnerOperator:boolean;created:boolean;stripeCustomer:StripeCustomerEntity;users:UserAccount[];parentCompany:Company;searchableContent:String;aboutUs:String;accountManager:String;attachments:Attachment[];sb:StringBuilder
user-backend	usermanagement-app	usermanagement-app/src/main/java/cars/ship/shipperlite/user/domain/model/UserAccount.java	UserAccount	jpa	BaseEntity	user_account	22	publicId:String;keycloakId:String;name:String;street:String;city:String;state:String;zipCode:String;email:String;phoneNumber:String;owner:boolean;admin:boolean;mainUser:UserAccount;company:Company;profilePictureUrl:String;roles:UserRoleEnum[];primaryRole:UserRoleEnum;mfaEnabled:boolean;searchableContent:String;mfaPhoneNumber:String;mfaEmail:String;defaultVerificationChannel:VerificationChannelEnum;sb:StringBuilder
user-backend	usermanagement-app	usermanagement-app/src/main/java/cars/ship/shipperlite/user/domain/model/vo/FileContent.java	FileContent	dto			3	name:String;extension:String;data:DeferredFileOutputStream
user-backend	usermanagement-app	usermanagement-app/src/main/java/cars/ship/shipperlite/user/domain/model/vo/CreateLinkedUserAccount.java	CreateLinkedUserAccount	dto			0	
user-backend	usermanagement-app	usermanagement-app/src/main/java/cars/ship/shipperlite/user/domain/model/vo/CustomerSubscriptionSettings.java	CustomerSubscriptionSettings	dto			3	defaultProductId:String;trial:boolean;createSubscription:boolean
user-backend	usermanagement-app	usermanagement-app/src/main/java/cars/ship/shipperlite/user/domain/model/vo/CompanyPublicProfile.java	CompanyPublicProfile	dto			2	aboutUs:String;attachments:AttachmentVo[]
user-backend	usermanagement-app	usermanagement-app/src/main/java/cars/ship/shipperlite/user/domain/model/vo/UpdateUserContext.java	UpdateUserContext	dto			0	
user-backend	usermanagement-app	usermanagement-app/src/main/java/cars/ship/shipperlite/user/domain/model/vo/VerificationCode.java	VerificationCode	dto			0	
user-backend	usermanagement-app	usermanagement-app/src/main/java/cars/ship/shipperlite/user/domain/model/vo/OutboxMessageFormat.java	OutboxMessageFormat	dto			3	action:String;object:String;entity:T
user-backend	usermanagement-app	usermanagement-app/src/main/java/cars/ship/shipperlite/user/domain/model/vo/BannerConditionFields.java	BannerConditionFields	dto			4	subscriptionStatus:SubscriptionStatusEnum;lastPaymentResult:LastPaymentResultEnum;paymentMethodProvided:Boolean;excludedTypes:BannerTypeEnum[]
user-backend	usermanagement-app	usermanagement-app/src/main/java/cars/ship/shipperlite/user/domain/model/vo/UserAccountSearch.java	UserAccountSearch	dto			15	companyId:String;name:String;phoneNumber:String;email:String;active:Boolean;owner:Boolean;admin:Boolean;mainUserId:String;mainUserEmail:String;search:String;activeType:ActiveTypeEnum;linked:Boolean;companyType:CompanyTypeEnum;mfaEnabled:Boolean;idsNotIn:String[]
user-backend	usermanagement-app	usermanagement-app/src/main/java/cars/ship/shipperlite/user/domain/model/vo/UserVerificationChannels.java	UserVerificationChannels	dto			1	result:Channel[]
user-backend	usermanagement-app	usermanagement-app/src/main/java/cars/ship/shipperlite/user/domain/model/vo/CompanySearchFilterVo.java	CompanySearchFilterVo	dto			11	ids:String[];name:String;phoneNumber:String;active:Boolean;email:String;companyType:CompanyTypeEnum;companySubtype:CompanySubtypeEnum;usDotNumber:String;parentCompanyId:Long;search:String;activeType:ActiveTypeEnum
user-backend	usermanagement-app	usermanagement-app/src/main/java/cars/ship/shipperlite/user/domain/model/vo/AttachmentVo.java	AttachmentVo	dto			5	id:String;publicUrl:String;thumbnailUrl:String;fileName:String;createdAt:Instant
user-backend	usermanagement-app	usermanagement-app/src/main/java/cars/ship/shipperlite/user/domain/model/vo/Password.java	Password	dto			1	value:char[]
user-backend	usermanagement-app	usermanagement-app/src/main/java/cars/ship/shipperlite/user/domain/model/vo/v3/V3UpdateStripeSubscriptionItemVo.java	V3UpdateStripeSubscriptionItemVo	dto			0	
user-backend	usermanagement-app	usermanagement-app/src/main/java/cars/ship/shipperlite/user/domain/model/vo/v3/V3CreateStripeSubscriptionVo.java	V3CreateStripeSubscriptionVo	dto			0	
user-backend	usermanagement-app	usermanagement-app/src/main/java/cars/ship/shipperlite/user/domain/model/vo/v3/V3Addon.java	V3Addon	dto			0	
user-backend	usermanagement-app	usermanagement-app/src/main/java/cars/ship/shipperlite/user/domain/model/vo/v3/V3UpdateStripeSubscriptionVo.java	V3UpdateStripeSubscriptionVo	dto			0	
user-backend	usermanagement-app	usermanagement-app/src/main/java/cars/ship/shipperlite/user/domain/model/vo/v3/V3CancelSubscription.java	V3CancelSubscription	dto			0	
user-backend	usermanagement-app	usermanagement-app/src/main/java/cars/ship/shipperlite/user/domain/model/detached/BannerDetached.java	BannerDetached	dto	BaseEntityDetached		3	message:String;type:BannerTypeEnum;condition:String
user-backend	usermanagement-app	usermanagement-app/src/main/java/cars/ship/shipperlite/user/domain/model/detached/UserAccountDetached.java	UserAccountDetached	dto	BaseEntityDetached		20	keycloakId:String;name:String;street:String;city:String;state:String;zipCode:String;email:String;phoneNumber:String;owner:Boolean;admin:Boolean;company:CompanyDetached;profilePictureUrl:String;primaryRole:UserRoleEnum;mfaEnabled:Boolean;mainUserId:String;mainUserEmail:String;mainCompanyId:String;mfaEmail:String;mfaPhoneNumber:String;defaultVerificationChannel:VerificationChannelEnum
user-backend	usermanagement-app	usermanagement-app/src/main/java/cars/ship/shipperlite/user/domain/model/detached/AttachmentDetached.java	AttachmentDetached	dto	BaseEntityDetached		4	publicId:String;publicUrl:String;thumbnailUrl:String;fileName:String
user-backend	usermanagement-app	usermanagement-app/src/main/java/cars/ship/shipperlite/user/domain/model/detached/CompanyDetached.java	CompanyDetached	dto	BaseEntityDetached		26	name:String;usDotNumber:String;mcNumber:String;street:String;city:String;state:String;zipCode:String;email:String;accountingEmails:String;phoneNumber:String;logoUrl:String;termsAndConditions:String;allowInstantBooking:Boolean;centralDispatchId:String;companyType:CompanyTypeEnum;companySubtype:CompanySubtypeEnum;keycloakId:String;carrierVerified:Boolean;singleOwnerOperator:Boolean;stripeCustomer:StripeCustomer;attachments:AttachmentDetached[];ownerId:String;ownerName:String;parentCompanyId:String;aboutUs:String;accountManager:String
user-backend	usermanagement-app	usermanagement-app/src/main/java/cars/ship/shipperlite/user/domain/model/detached/v3/StripeFeatureDisplayName.java	StripeFeatureDisplayName	dto	BaseReadOnlyDetached		1	name:String
user-backend	usermanagement-app	usermanagement-app/src/main/java/cars/ship/shipperlite/user/domain/model/detached/v3/StripeUpdate.java	StripeUpdate	dto			0	
user-backend	usermanagement-app	usermanagement-app/src/main/java/cars/ship/shipperlite/user/domain/model/detached/v3/StripeFeature.java	StripeFeature	dto	BaseReadOnlyDetached		2	name:String;featureDisplayNames:StripeFeatureDisplayName[]
user-backend	usermanagement-app	usermanagement-app/src/main/java/cars/ship/shipperlite/user/domain/model/detached/v3/StripeMeteredAction.java	StripeMeteredAction	dto	BaseReadOnlyDetached		1	publicId:String
user-backend	usermanagement-app	usermanagement-app/src/main/java/cars/ship/shipperlite/user/domain/model/detached/v3/StripePrice.java	StripePrice	dto	BaseDetached		6	name:String;metered:boolean;currentPaymentTier:StripePriceTier;nextTier:StripePriceTier;stripeProduct:StripeProduct;externalUpdateTime:Instant
user-backend	usermanagement-app	usermanagement-app/src/main/java/cars/ship/shipperlite/user/domain/model/detached/v3/StripeSubscriptionItem.java	StripeSubscriptionItem	dto	BaseDetached		2	quantity:Integer;price:StripePrice
user-backend	usermanagement-app	usermanagement-app/src/main/java/cars/ship/shipperlite/user/domain/model/detached/v3/StripeCustomer.java	StripeCustomer	dto	BaseDetached		32	paymentMethodProvided:boolean;hasUnpaidInvoices:boolean;lastPaymentSuccessful:Boolean;subscriptions:StripeSubscription[];externalUpdateTime:Instant;activeSubscriptions:StripeSubscription[];configuredSubscriptions:StripeSubscription[];allPlans:StripeSubscriptionItem[];allSubProducts:StripeSubscriptionItem[];subProductsOfProduct:String[];subscriptionItems:StripeSubscriptionItem[];subscriptionActiveOnly:StripeSubscription[];activeSubscriptions:StripeSubscription[];plan:StripeSubscriptionItem[];subscriptionWithPlanActiveOnly:StripeSubscription[];activeSubscriptions:StripeSubscription[];subscriptionItems:StripeSubscriptionItem[];activeSubscriptions:StripeSubscription[];primaryActivePlan:StripeSubscriptionItem[];currentPlanSubscriptions:StripeSubscription[];activeSubscription:StripeSubscription[];pastDueSubscription:StripeSubscription[];trialingSubscription:StripeSubscription[];allPlans:StripeSubscriptionItem[];subscriptionActiveOnly:StripeSubscription[];status:SubscriptionStatusEnum;activeSubscriptions:StripeSubscription[];subscriptionItems:StripeSubscriptionItem[];activeSubscriptions:StripeSubscription[];subscriptionItems:StripeSubscriptionItem[];configured:AtomicBoolean;stripeProduct:StripeProduct
user-backend	usermanagement-app	usermanagement-app/src/main/java/cars/ship/shipperlite/user/domain/model/detached/v3/StripePriceTier.java	StripePriceTier	dto	BaseDetached		5	name:String;upTo:Long;flatAmount:Long;unitAmount:Long;currency:String
user-backend	usermanagement-app	usermanagement-app/src/main/java/cars/ship/shipperlite/user/domain/model/detached/v3/StripeSubscription.java	StripeSubscription	dto	BaseDetached		9	customerId:String;status:SubscriptionStatusEnum;nextPaymentDueTo:Instant;trialExpiryDate:Instant;cancelAtPeriodEnd:boolean;currentPeriodStart:Instant;currentPeriodEnd:Instant;subscriptionItems:StripeSubscriptionItem[];externalUpdateTime:Instant
user-backend	usermanagement-app	usermanagement-app/src/main/java/cars/ship/shipperlite/user/domain/model/detached/v3/StripeProduct.java	StripeProduct	dto	BaseDetached		15	publicId:String;name:String;planKeycloakId:String;addonRoleName:String;planOrder:Integer;companyType:CompanyTypeEnum;category:ProductCategoryEnum;type:ProductTypeEnum;features:StripeFeature[];meteredActions:StripeMeteredAction[];subProducts:StripeProduct[];defaultPriceId:String;pricingDescription:String;isAddonFreeOnly:boolean;isAddonPaidOnly:boolean
user-backend	usermanagement-app	usermanagement-app/src/main/java/cars/ship/shipperlite/user/domain/model/detached/v3/update/UpdateStripeSubscriptionItem.java	UpdateStripeSubscriptionItem	dto	UpdateStripeBase		2	quantity:Integer;priceId:String
user-backend	usermanagement-app	usermanagement-app/src/main/java/cars/ship/shipperlite/user/domain/model/detached/v3/update/UpdateStripeCustomer.java	UpdateStripeCustomer	dto	UpdateStripeBase		4	paymentMethodProvided:Boolean;hasUnpaidInvoices:Boolean;lastPaymentSuccessful:OptionalFieldDto<Boolean>;subscriptions:StripeSubscription[]
user-backend	usermanagement-app	usermanagement-app/src/main/java/cars/ship/shipperlite/user/domain/model/detached/v3/update/UpdateStripeSubscription.java	UpdateStripeSubscription	dto	UpdateStripeBase		8	customerId:String;status:SubscriptionStatusEnum;nextPaymentDueTo:Instant;trialExpiryDate:Instant;cancelAtPeriodEnd:boolean;currentPeriodStart:Instant;currentPeriodEnd:Instant;subscriptionItems:UpdateStripeSubscriptionItem[]
user-backend	usermanagement-app	usermanagement-app/src/main/java/cars/ship/shipperlite/user/domain/model/detached/v3/update/UpdateStripeProduct.java	UpdateStripeProduct	dto	UpdateStripeBase		3	name:String;defaultPriceId:String;active:boolean
user-backend	usermanagement-app	usermanagement-app/src/main/java/cars/ship/shipperlite/user/domain/model/detached/v3/update/UpdateStripePrice.java	UpdateStripePrice	dto	UpdateStripeBase		6	name:String;metered:boolean;tiers:StripePriceTier[];stripeProduct:StripeProduct;externalUpdateTime:Instant;active:boolean
user-backend	usermanagement-app	usermanagement-app/src/main/java/cars/ship/shipperlite/user/domain/model/common/BaseEntityDetached.java	BaseEntityDetached	dto			5	id:long;publicId:String;active:Boolean;lastModified:Instant;createdAt:Instant
user-backend	usermanagement-app	usermanagement-app/src/main/java/cars/ship/shipperlite/user/domain/model/common/BaseEntityStringId.java	BaseEntityStringId	dto			5	id:String;active:boolean;lastModified:Instant;createdAt:Instant;that:BaseEntityStringId
user-backend	usermanagement-app	usermanagement-app/src/main/java/cars/ship/shipperlite/user/domain/model/common/v3/BaseDetached.java	BaseDetached	dto			5	id:T;lastModified:Instant;createdAt:Instant;active:boolean;that:BaseDetached
user-backend	usermanagement-app	usermanagement-app/src/main/java/cars/ship/shipperlite/user/domain/model/common/v3/BaseReadOnlyDetached.java	BaseReadOnlyDetached	dto			3	id:T;active:boolean;that:BaseReadOnlyDetached
user-backend	usermanagement-app	usermanagement-app/src/main/java/cars/ship/shipperlite/user/domain/model/v3/StripePriceEntity.java	StripePriceEntity	jpa	BaseEntityStringId	stripe_prices	4	name:String;metered:boolean;tiers:StripePriceTierEntity[];stripeProduct:StripeProductEntity
user-backend	usermanagement-app	usermanagement-app/src/main/java/cars/ship/shipperlite/user/domain/model/v3/StripeCustomerEntity.java	StripeCustomerEntity	jpa	BaseEntityStringId	stripe_customers	3	paymentMethodProvided:boolean;hasUnpaidInvoices:boolean;subscriptions:StripeSubscriptionEntity[]
user-backend	usermanagement-app	usermanagement-app/src/main/java/cars/ship/shipperlite/user/domain/model/v3/StripeProductFeatureEntity.java	StripeProductFeatureEntity	jpa	BaseEntity	stripe_products_features	2	product:StripeProductEntity;feature:StripeFeatureEntity
user-backend	usermanagement-app	usermanagement-app/src/main/java/cars/ship/shipperlite/user/domain/model/v3/StripeFeatureEntity.java	StripeFeatureEntity	jpa	BaseEntity	stripe_features	2	name:String;featureDisplayNames:StripeFeatureDisplayNameEntity[]
user-backend	usermanagement-app	usermanagement-app/src/main/java/cars/ship/shipperlite/user/domain/model/v3/StripeFeatureDisplayNameEntity.java	StripeFeatureDisplayNameEntity	jpa	BaseEntity	stripe_feature_display_names	2	name:String;feature:StripeFeatureEntity
user-backend	usermanagement-app	usermanagement-app/src/main/java/cars/ship/shipperlite/user/domain/model/v3/StripeSubscriptionEntity.java	StripeSubscriptionEntity	jpa	BaseEntityStringId	stripe_subscriptions	8	status:SubscriptionStatusEnum;nextPaymentDueTo:Instant;trialExpiryDate:Instant;cancelAtPeriodEnd:boolean;currentPeriodStart:Instant;currentPeriodEnd:Instant;stripeCustomer:StripeCustomerEntity;subscriptionItems:StripeSubscriptionItemEntity[]
user-backend	usermanagement-app	usermanagement-app/src/main/java/cars/ship/shipperlite/user/domain/model/v3/StripeProductEntity.java	StripeProductEntity	jpa	BaseEntityStringId	stripe_products	12	publicId:String;name:String;planKeycloakId:String;addonRoleName:String;companyType:CompanyTypeEnum;category:ProductCategoryEnum;type:ProductTypeEnum;stripePrices:StripePriceEntity[];defaultPrice:StripePriceEntity;features:StripeFeatureEntity[];meteredActions:StripeMeteredActionEntity[];subProducts:StripeProductEntity[]
user-backend	usermanagement-app	usermanagement-app/src/main/java/cars/ship/shipperlite/user/domain/model/v3/StripeSubscriptionItemEntity.java	StripeSubscriptionItemEntity	jpa	BaseEntityStringId	stripe_subscription_items	2	price:StripePriceEntity;subscription:StripeSubscriptionEntity
user-backend	usermanagement-app	usermanagement-app/src/main/java/cars/ship/shipperlite/user/domain/model/v3/StripePriceTierEntity.java	StripePriceTierEntity	jpa	BaseEntity	stripe_prices_tiers	3	name:String;currency:String;stripePrice:StripePriceEntity
user-backend	usermanagement-app	usermanagement-app/src/main/java/cars/ship/shipperlite/user/domain/model/v3/StripeMeteredActionEntity.java	StripeMeteredActionEntity	jpa	BaseEntity	stripe_metered_action	1	publicId:String
user-backend	usermanagement-app	usermanagement-app/src/main/java/cars/ship/shipperlite/user/domain/model/events/CompanyStripeEmailChangeEvent.java	CompanyStripeEmailChangeEvent	dto			0	
user-backend	usermanagement-app	usermanagement-app/src/main/java/cars/ship/shipperlite/user/domain/model/events/NewCompanyRegisteredEvent.java	NewCompanyRegisteredEvent	dto			0	
user-backend	usermanagement-app	usermanagement-app/src/main/java/cars/ship/shipperlite/user/domain/model/events/CompanyKeycloakPlanGroupChangedEvent.java	CompanyKeycloakPlanGroupChangedEvent	dto			0	
user-backend	usermanagement-app	usermanagement-app/src/main/java/cars/ship/shipperlite/user/domain/model/events/MainUserChangedEvent.java	MainUserChangedEvent	dto			0	
user-backend	usermanagement-app	usermanagement-app/src/main/java/cars/ship/shipperlite/user/domain/model/events/CompanyKeycloakChangedEvent.java	CompanyKeycloakChangedEvent	dto			0	
user-backend	usermanagement-app	usermanagement-app/src/main/java/cars/ship/shipperlite/user/domain/model/sharedkernel/User.java	User	dto			2	userId:String;companyId:String
user-backend	usermanagement-app	usermanagement-app/src/main/java/cars/ship/shipperlite/user/domain/ports/service/CompanyOwnerInitializedEvent.java	CompanyOwnerInitializedEvent	dto			0	
uship-quotes	api-dtos	api-dtos/src/main/java/cars/ship/uship/dtos/out/quotes/QuoteDto.java	QuoteDto	dto			0	
uship-quotes	api-dtos	api-dtos/src/main/java/cars/ship/uship/dtos/out/config/CompanyConfigDto.java	CompanyConfigDto	dto			0	
uship-quotes	api-dtos	api-dtos/src/main/java/cars/ship/uship/dtos/out/config/CompanyQuoteDetailsDto.java	CompanyQuoteDetailsDto	dto			0	
uship-quotes	api-dtos	api-dtos/src/main/java/cars/ship/uship/dtos/out/config/CompanyConfigRevPagedDto.java	CompanyConfigRevPagedDto	dto	PageDto		0	
uship-quotes	api-dtos	api-dtos/src/main/java/cars/ship/uship/dtos/out/config/SlidingScaleDto.java	SlidingScaleDto	dto			0	
uship-quotes	api-dtos	api-dtos/src/main/java/cars/ship/uship/dtos/out/config/MileageBandDto.java	MileageBandDto	dto			0	
uship-quotes	api-dtos	api-dtos/src/main/java/cars/ship/uship/dtos/out/config/CompanyPreviewQuoteDto.java	CompanyPreviewQuoteDto	dto			0	
uship-quotes	api-dtos	api-dtos/src/main/java/cars/ship/uship/dtos/out/config/CompanyBotConfigDto.java	CompanyBotConfigDto	dto			0	
uship-quotes	api-dtos	api-dtos/src/main/java/cars/ship/uship/dtos/out/config/CompanyConfigRevDto.java	CompanyConfigRevDto	dto			0	
uship-quotes	api-dtos	api-dtos/src/main/java/cars/ship/uship/dtos/out/listings/BotListingStatsPagedDto.java	BotListingStatsPagedDto	dto	PageDto		0	
uship-quotes	api-dtos	api-dtos/src/main/java/cars/ship/uship/dtos/out/listings/BotListingStatsDto.java	BotListingStatsDto	dto			0	
uship-quotes	api-dtos	api-dtos/src/main/java/cars/ship/uship/dtos/in/quotes/CreateQuotesDto.java	CreateQuotesDto	dto			0	
uship-quotes	api-dtos	api-dtos/src/main/java/cars/ship/uship/dtos/in/config/UpdateCompanyConfigDto.java	UpdateCompanyConfigDto	dto			0	
uship-quotes	api-dtos	api-dtos/src/main/java/cars/ship/uship/dtos/in/config/UpdateCompanyBotConfigDto.java	UpdateCompanyBotConfigDto	dto			0	
uship-quotes	api-dtos	api-dtos/src/main/java/cars/ship/uship/dtos/in/config/UpdateMileageBandDto.java	UpdateMileageBandDto	dto			0	
uship-quotes	api-dtos	api-dtos/src/main/java/cars/ship/uship/dtos/in/commons/ListerDto.java	ListerDto	dto			0	
uship-quotes	api-dtos	api-dtos/src/main/java/cars/ship/uship/dtos/in/commons/DistanceDto.java	DistanceDto	dto			0	
uship-quotes	api-dtos	api-dtos/src/main/java/cars/ship/uship/dtos/in/commons/TimeFrameDto.java	TimeFrameDto	dto			0	
uship-quotes	api-dtos	api-dtos/src/main/java/cars/ship/uship/dtos/in/commons/PricingDto.java	PricingDto	dto			0	
uship-quotes	api-dtos	api-dtos/src/main/java/cars/ship/uship/dtos/in/commons/HrefDto.java	HrefDto	dto			0	
uship-quotes	api-dtos	api-dtos/src/main/java/cars/ship/uship/dtos/in/commons/AmountDto.java	AmountDto	dto			0	
uship-quotes	api-dtos	api-dtos/src/main/java/cars/ship/uship/dtos/in/commons/AttributesDto.java	AttributesDto	dto			0	
uship-quotes	api-dtos	api-dtos/src/main/java/cars/ship/uship/dtos/in/commons/RouteDto.java	RouteDto	dto			0	
uship-quotes	api-dtos	api-dtos/src/main/java/cars/ship/uship/dtos/in/commons/AmountValueDto.java	AmountValueDto	dto			0	
uship-quotes	api-dtos	api-dtos/src/main/java/cars/ship/uship/dtos/in/commons/TimeFrameValueDto.java	TimeFrameValueDto	dto			0	
uship-quotes	api-dtos	api-dtos/src/main/java/cars/ship/uship/dtos/in/commons/ValueObjDto.java	ValueObjDto	dto			0	
uship-quotes	api-dtos	api-dtos/src/main/java/cars/ship/uship/dtos/in/commons/ItemDto.java	ItemDto	dto			0	
uship-quotes	api-dtos	api-dtos/src/main/java/cars/ship/uship/dtos/in/commons/LocationDto.java	LocationDto	dto			0	
uship-quotes	api-dtos	api-dtos/src/main/java/cars/ship/uship/dtos/in/commons/BidderDto.java	BidderDto	dto			0	
uship-quotes	api-dtos	api-dtos/src/main/java/cars/ship/uship/dtos/in/commons/ItemsDto.java	ItemsDto	dto			0	
uship-quotes	api-dtos	api-dtos/src/main/java/cars/ship/uship/dtos/in/commons/AddressDto.java	AddressDto	dto			0	
uship-quotes	api-dtos	api-dtos/src/main/java/cars/ship/uship/dtos/in/commons/LinkDto.java	LinkDto	dto			0	
uship-quotes	api-dtos	api-dtos/src/main/java/cars/ship/uship/dtos/in/commons/FeedbackDto.java	FeedbackDto	dto			0	
uship-quotes	api-dtos	api-dtos/src/main/java/cars/ship/uship/dtos/in/listings/UShipPaymentsDto.java	UShipPaymentsDto	dto			0	
uship-quotes	api-dtos	api-dtos/src/main/java/cars/ship/uship/dtos/in/listings/BidRulesDto.java	BidRulesDto	dto			0	
uship-quotes	api-dtos	api-dtos/src/main/java/cars/ship/uship/dtos/in/listings/ListingIdDto.java	ListingIdDto	dto			0	
uship-quotes	api-dtos	api-dtos/src/main/java/cars/ship/uship/dtos/in/listings/ListingCreateBidItemDto.java	ListingCreateBidItemDto	dto			0	
uship-quotes	api-dtos	api-dtos/src/main/java/cars/ship/uship/dtos/in/listings/ListingBidItemDto.java	ListingBidItemDto	dto			0	
uship-quotes	api-dtos	api-dtos/src/main/java/cars/ship/uship/dtos/in/listings/ListingInfoDto.java	ListingInfoDto	dto			0	
uship-quotes	api-dtos	api-dtos/src/main/java/cars/ship/uship/dtos/in/listings/WayPointDto.java	WayPointDto	dto			0	
uship-quotes	api-dtos	api-dtos/src/main/java/cars/ship/uship/dtos/in/listings/ListingItemDto.java	ListingItemDto	dto			0	
uship-quotes	api-dtos	api-dtos/src/main/java/cars/ship/uship/dtos/in/listings/ItineraryDto.java	ItineraryDto	dto			0	
uship-quotes	api-dtos	api-dtos/src/main/java/cars/ship/uship/dtos/common/config/SurchargeDto.java	SurchargeDto	dto			0	
uship-quotes	db-entities	db-entities/src/main/java/cars/ship/uship/quotes/entities/QuotesEntity.java	QuotesEntity	jpa		quotes	7	id:String;requestQuotes:RequestQuotesEntity;rateEngineResponse:RateDto;distanceInMiles:BigDecimal;companyQuotes:CompanyQuotesEntity[];createdAt:Instant;lastModified:Instant
uship-quotes	db-entities	db-entities/src/main/java/cars/ship/uship/quotes/entities/RequestQuotesEntity.java	RequestQuotesEntity	jpa		request_quotes	10	id:String;companyConfigs:RequestQuotesCompanyConfigEntity[];vehicleEntities:RequestQuotesVehicleEntity[];pickupZip:String;deliveryZip:String;enclosed:boolean;externalId:String;shippingDate:LocalDate;createdAt:Instant;lastModified:Instant
uship-quotes	db-entities	db-entities/src/main/java/cars/ship/uship/quotes/entities/CompanyQuotesEntity.java	CompanyQuotesEntity	jpa		company_quotes	11	id:Long;companyConfig:CompanyConfigEntity;companyConfigLastModified:Instant;price:BigDecimal;enclosed:boolean;pickupWindow:TimeFrameJsonVo;deliveryWindow:TimeFrameJsonVo;signedDataHash:String;quotes:QuotesEntity;createdAt:Instant;lastModified:Instant
uship-quotes	db-entities	db-entities/src/main/java/cars/ship/uship/quotes/entities/RequestQuotesCompanyConfigEntity.java	RequestQuotesCompanyConfigEntity	jpa		request_quotes_company_configs	2	requestQuotes:RequestQuotesEntity;companyConfig:CompanyConfigEntity
uship-quotes	db-entities	db-entities/src/main/java/cars/ship/uship/quotes/entities/CompanyConfigEntity.java	CompanyConfigEntity	jpa		company_configs	7	id:String;companyName:String;config:CompanyConfigJsonVo;botConfig:CompanyBotConfigJsonVo;createdAt:Instant;lastModified:Instant;version:Long
uship-quotes	db-entities	db-entities/src/main/java/cars/ship/uship/quotes/entities/RequestQuotesVehicleEntity.java	RequestQuotesVehicleEntity	jpa		request_quotes_vehicles	6	id:Long;requestQuotes:RequestQuotesEntity;year:Integer;running:boolean;createdAt:Instant;lastModified:Instant
uship-quotes	db-entities	db-entities/src/main/java/cars/ship/uship/quotes/entities/BotListingStatsEntity.java	BotListingStatsEntity	jpa	PanacheEntityBase	bot_listing_stats	15	id:Long;listingId:Long;title:String;bidsCount:Integer;lastBidId:Long;lastBidAmount:BigDecimal;bidsFailureCount:Integer;listingFailureRank:Integer;lastBidFailureReason:String;failureEmailSentAt:Instant;failureEmailSentInfo:String;companyConfig:CompanyConfigEntity;createdAt:Instant;lastModified:Instant;version:Long
uship-quotes	db-entities	db-entities/src/main/java/cars/ship/uship/quotes/entities/json/SlidingScaleJsonVo.java	SlidingScaleJsonVo	dto			7	name:String;minSurchargeRate:BigDecimal;maxSurchargeRate:BigDecimal;minSurcharge:SurchargeJsonVo;maxSurcharge:SurchargeJsonVo;pickupWindowStart:LocalDate;pickupWindowEnd:LocalDate
uship-quotes	db-entities	db-entities/src/main/java/cars/ship/uship/quotes/entities/json/CompanyBotConfigJsonVo.java	CompanyBotConfigJsonVo	dto			19	enabled:boolean;bidIncrement:BigDecimal;minimumMargin:BigDecimal;maximumMargin:BigDecimal;uShipFeeMode:UShipFeeModeEnum;uShipFeePercentage:int;hoursToMinimumMargin:int;pickupDaysDelay:int;deliveryDaysDelay:int;additionalInformation:String;underbidUserIds:Long[];underBidderTarget:UnderBidderTargetEnum;bidOnEnclosedTransport:boolean;bidOnInoperable:boolean;bidOnModifiedVehicle:boolean;bidOnlyOnListingIds:boolean;listingIds:Long[];excludedStates:String[];notificationEmail:String
uship-quotes	db-entities	db-entities/src/main/java/cars/ship/uship/quotes/entities/json/MileageBandJsonVo.java	MileageBandJsonVo	dto			2	endMile:Integer;surcharge:SurchargeJsonVo
uship-quotes	db-entities	db-entities/src/main/java/cars/ship/uship/quotes/entities/json/TimeFrameJsonVo.java	TimeFrameJsonVo	dto			2	startDate:LocalDate;endDate:LocalDate
uship-quotes	db-entities	db-entities/src/main/java/cars/ship/uship/quotes/entities/json/CompanyConfigJsonVo.java	CompanyConfigJsonVo	dto			11	companySourceId:String;offerInoperableRate:boolean;inoperableSurcharge:SurchargeJsonVo;offerEnclosedRate:boolean;enclosedSurcharge:SurchargeJsonVo;mileageBands:MileageBandJsonVo[];slidingScales:SlidingScaleJsonVo[];pickupWindowStartDays:int;pickupWindowEndDays:int;deliveryWindowStartDays:int;deliveryWindowEndDays:int
uship-quotes	db-entities	db-entities/src/main/java/cars/ship/uship/quotes/entities/json/SurchargeJsonVo.java	SurchargeJsonVo	dto			1	value:BigDecimal
uship-quotes	commons	commons/src/main/java/cars/ship/uship/quotes/commons/UserContext.java	UserContext	dto			0	
uship-quotes	services	services/src/main/java/cars/ship/uship/quotes/clients/dtos/pricetron/PricetronRetailVehicleActionDto.java	PricetronRetailVehicleActionDto	dto			0	
uship-quotes	services	services/src/main/java/cars/ship/uship/quotes/clients/dtos/pricetron/PricetronOutputValuesDto.java	PricetronOutputValuesDto	dto			0	
uship-quotes	services	services/src/main/java/cars/ship/uship/quotes/clients/dtos/pricetron/PricetronVehicleDto.java	PricetronVehicleDto	dto			0	
uship-quotes	services	services/src/main/java/cars/ship/uship/quotes/clients/dtos/pricetron/PricetronTokenResponseDto.java	PricetronTokenResponseDto	dto			0	
uship-quotes	services	services/src/main/java/cars/ship/uship/quotes/clients/dtos/pricetron/PricetronErrorDto.java	PricetronErrorDto	dto			0	
uship-quotes	services	services/src/main/java/cars/ship/uship/quotes/clients/dtos/pricetron/PricetronInputDto.java	PricetronInputDto	dto			0	
uship-quotes	services	services/src/main/java/cars/ship/uship/quotes/clients/dtos/pricetron/PricetronRequestDto.java	PricetronRequestDto	dto			0	
uship-quotes	services	services/src/main/java/cars/ship/uship/quotes/models/CompanyQuoteVo.java	CompanyQuoteVo	dto			0	
uship-quotes	services	services/src/main/java/cars/ship/uship/quotes/models/CompanyConfigVo.java	CompanyConfigVo	dto			0	
uship-quotes	services	services/src/main/java/cars/ship/uship/quotes/models/CompanyQuoteDetailsVo.java	CompanyQuoteDetailsVo	dto			0	
uship-quotes	services	services/src/main/java/cars/ship/uship/bot/clients/impl/UShipClientImpl.java	UShipClientImpl	dto			22	botConfig:BotConfig;objectSerializer:ObjectSerializer;cookieManager:CookieManagerImpl;uri:URI;urlObj:URL;connection:HttpURLConnection;reqBody:String;input:byte[];responseCode:int;resBody:String;errorBody:String;uri:URI;urlObj:URL;origin:String;connection:HttpURLConnection;responseCode:int;responseStr:String;scheme:String;host:String;port:int;logMessage:LogHttpInfo;logMessage:LogHttpInfo
uship-quotes	services	services/src/main/java/cars/ship/uship/bot/clients/dtos/OktaIdentifyCredentialsReqDto.java	OktaIdentifyCredentialsReqDto	dto			0	
uship-quotes	services	services/src/main/java/cars/ship/uship/bot/clients/dtos/OktaLoginSuccessDto.java	OktaLoginSuccessDto	dto			0	
uship-quotes	services	services/src/main/java/cars/ship/uship/bot/clients/dtos/WebbotRequest.java	WebbotRequest	dto			0	
uship-quotes	services	services/src/main/java/cars/ship/uship/bot/clients/dtos/OktaLoginDto.java	OktaLoginDto	dto			0	
uship-quotes	services	services/src/main/java/cars/ship/uship/bot/clients/dtos/OktaIntrospectResDto.java	OktaIntrospectResDto	dto			0	
uship-quotes	services	services/src/main/java/cars/ship/uship/bot/clients/dtos/WebbotResponse.java	WebbotResponse	dto			0	
uship-quotes	services	services/src/main/java/cars/ship/uship/bot/clients/dtos/OktaIdentifyReqDto.java	OktaIdentifyReqDto	dto			0	
uship-quotes	services	services/src/main/java/cars/ship/uship/bot/services/impl/BotServiceImpl.java	BotServiceImpl	dto			47	random:Random;listingsClient:ListingsClient;quotesService:QuotesService;bidRefSeqRepository:BidRefSeqRepository;botConfig:BotConfig;botStatsService:BotStatsService;ymmResolverService:YMMResolverService;listingInfo:ListingInfoDto;needsEnclosedTransport:boolean;quoteResult:QuoteResult;amount:BigDecimal;minAmount:BigDecimal;maxAmount:BigDecimal;bidRange:BigDecimal;currentBids:ItemsDto<ListingBidItemDto>;lowestCurrentUserBid:ListingBidItemDto;underbidUserIds:Long[];ownCompanyUserIds:Long[];lowestBidAmount:BigDecimal;lowestBidderUserId:Long;lowestBidderDisplayName:String;lastCurrentUserBidTime:Instant;lowestCurrentUserBidAmount:BigDecimal;bidRefId:String;newListingBidItem:ListingCreateBidItemDto;newlyCreatedBid:ListingBidItemDto;hasMultipleVehicles:boolean;hasInoperableVehicle:boolean;hasModifiedVehicle:boolean;routeStates:String[];upperCaseExcluded:String[];matchedState:String;mostRecentUserBid:ListingBidItemDto;bidStatus:String;bidStatus:String;additionalInfo:String;isPriceTooHigh:boolean;minutesFromLastBid:int;bids:ListingBidItemDto[];createQuotes:CreateQuotesDto;baseQuote:CompanyPreviewQuoteDto;item:ItemDto;res:RequestVehicleDto;newItemAttributes:AttributesDto;isActive:boolean;exclusions:Long[];isActive:boolean
uship-quotes	services	services/src/main/java/cars/ship/uship/bot/services/dtos/BidResultDto.java	BidResultDto	dto			0	
uship-quotes	services	services/src/main/java/cars/ship/uship/bot/services/dtos/EmailNotificationDto.java	EmailNotificationDto	dto			0	
uship-quotes	services	services/src/main/java/cars/ship/uship/bot/services/dtos/BidderInfoDto.java	BidderInfoDto	dto			0	
